"subject","trial_order","seed","condition","id","truth","ans","A_pro","B_pro","A_state","B_state"
"dnaye2cpp",1,4,"reliable","exp1a_s4_NG_r","NG","NP","N","G","N","P"
"dnaye2cpp",2,11,"reliable","exp1a_s11_GN_r","GN","NP","G","N","N","P"
"dnaye2cpp",3,16,"reliable","exp1a_s16_PG_r","PG","PG","P","G","P","G"
"dnaye2cpp",4,2,"reliable","exp1a_s2_GN_r","GN","GP","G","N","G","P"
"dnaye2cpp",5,1,"reliable","exp1a_s1_GG_r","GG","GN","G","G","G","N"
"dnaye2cpp",6,14,"reliable","exp1a_s14_NN_r","NN","NP","N","N","N","P"
"dnaye2cpp",7,13,"reliable","exp1a_s13_NG_r","NG","GN","N","G","G","N"
"dnaye2cpp",8,3,"reliable","exp1a_s3_GP_r","GP","NN","G","P","N","N"
"dnaye2cpp",9,7,"reliable","exp1a_s7_PG_r","PG","NG","P","G","N","G"
"dnaye2cpp",10,17,"reliable","exp1a_s17_PN_r","PN","PN","P","N","P","N"
"dnaye2cpp",11,15,"reliable","exp1a_s15_NP_r","NP","NN","N","P","N","N"
"dnaye2cpp",12,18,"reliable","exp1a_s18_PP_r","PP","PP","P","P","P","P"
"dnaye2cpp",13,10,"reliable","exp1a_s10_GG_r","GG","NN","G","G","N","N"
"dnaye2cpp",14,8,"reliable","exp1a_s8_PN_r","PN","PN","P","N","P","N"
"dnaye2cpp",15,9,"reliable","exp1a_s9_PP_r","PP","PP","P","P","P","P"
"dnaye2cpp",16,5,"reliable","exp1a_s5_NN_r","NN","NP","N","N","N","P"
"dnaye2cpp",17,6,"reliable","exp1a_s6_NP_r","NP","NP","N","P","N","P"
"dnaye2cpp",18,12,"reliable","exp1a_s12_GP_r","GP","NP","G","P","N","P"
"niag2oupb",1,2,"reliable","exp1a_s2_GN_r","GN","GN","G","N","G","N"
"niag2oupb",2,3,"reliable","exp1a_s3_GP_r","GP","GP","G","P","G","P"
"niag2oupb",3,13,"reliable","exp1a_s13_NG_r","NG","GG","N","G","G","G"
"niag2oupb",4,17,"reliable","exp1a_s17_PN_r","PN","PG","P","N","P","G"
"niag2oupb",5,18,"reliable","exp1a_s18_PP_r","PP","PP","P","P","P","P"
"niag2oupb",6,1,"reliable","exp1a_s1_GG_r","GG","GG","G","G","G","G"
"niag2oupb",7,4,"reliable","exp1a_s4_NG_r","NG","GG","N","G","G","G"
"niag2oupb",8,6,"reliable","exp1a_s6_NP_r","NP","GP","N","P","G","P"
"niag2oupb",9,16,"reliable","exp1a_s16_PG_r","PG","GG","P","G","G","G"
"niag2oupb",10,9,"reliable","exp1a_s9_PP_r","PP","PP","P","P","P","P"
"niag2oupb",11,14,"reliable","exp1a_s14_NN_r","NN","GN","N","N","G","N"
"niag2oupb",12,15,"reliable","exp1a_s15_NP_r","NP","NP","N","P","N","P"
"niag2oupb",13,12,"reliable","exp1a_s12_GP_r","GP","GP","G","P","G","P"
"niag2oupb",14,11,"reliable","exp1a_s11_GN_r","GN","GN","G","N","G","N"
"niag2oupb",15,8,"reliable","exp1a_s8_PN_r","PN","NN","P","N","N","N"
"niag2oupb",16,5,"reliable","exp1a_s5_NN_r","NN","NN","N","N","N","N"
"niag2oupb",17,10,"reliable","exp1a_s10_GG_r","GG","GG","G","G","G","G"
"niag2oupb",18,7,"reliable","exp1a_s7_PG_r","PG","PG","P","G","P","G"
"cw64vutph",1,5,"reliable","exp1a_s5_NN_r","NN","NN","N","N","N","N"
"cw64vutph",2,12,"reliable","exp1a_s12_GP_r","GP","NP","G","P","N","P"
"cw64vutph",3,7,"reliable","exp1a_s7_PG_r","PG","PN","P","G","P","N"
"cw64vutph",4,14,"reliable","exp1a_s14_NN_r","NN","NN","N","N","N","N"
"cw64vutph",5,16,"reliable","exp1a_s16_PG_r","PG","PG","P","G","P","G"
"cw64vutph",6,11,"reliable","exp1a_s11_GN_r","GN","GN","G","N","G","N"
"cw64vutph",7,13,"reliable","exp1a_s13_NG_r","NG","PG","N","G","P","G"
"cw64vutph",8,15,"reliable","exp1a_s15_NP_r","NP","NP","N","P","N","P"
"cw64vutph",9,2,"reliable","exp1a_s2_GN_r","GN","GN","G","N","G","N"
"cw64vutph",10,6,"reliable","exp1a_s6_NP_r","NP","PP","N","P","P","P"
"cw64vutph",11,17,"reliable","exp1a_s17_PN_r","PN","PP","P","N","P","P"
"cw64vutph",12,4,"reliable","exp1a_s4_NG_r","NG","NN","N","G","N","N"
"cw64vutph",13,10,"reliable","exp1a_s10_GG_r","GG","GG","G","G","G","G"
"cw64vutph",14,3,"reliable","exp1a_s3_GP_r","GP","GP","G","P","G","P"
"cw64vutph",15,18,"reliable","exp1a_s18_PP_r","PP","PN","P","P","P","N"
"cw64vutph",16,1,"reliable","exp1a_s1_GG_r","GG","GG","G","G","G","G"
"cw64vutph",17,8,"reliable","exp1a_s8_PN_r","PN","PG","P","N","P","G"
"cw64vutph",18,9,"reliable","exp1a_s9_PP_r","PP","PP","P","P","P","P"
"j5apnv0m1",1,12,"unreliable","exp1a_s12_GP_u","GP","GN","G","P","G","N"
"j5apnv0m1",2,8,"unreliable","exp1a_s8_PN_u","PN","PG","P","N","P","G"
"j5apnv0m1",3,13,"unreliable","exp1a_s13_NG_u","NG","PG","N","G","P","G"
"j5apnv0m1",4,1,"unreliable","exp1a_s1_GG_u","GG","GG","G","G","G","G"
"j5apnv0m1",5,18,"unreliable","exp1a_s18_PP_u","PP","PP","P","P","P","P"
"j5apnv0m1",6,11,"unreliable","exp1a_s11_GN_u","GN","GN","G","N","G","N"
"j5apnv0m1",7,6,"unreliable","exp1a_s6_NP_u","NP","GG","N","P","G","G"
"j5apnv0m1",8,5,"unreliable","exp1a_s5_NN_u","NN","PN","N","N","P","N"
"j5apnv0m1",9,4,"unreliable","exp1a_s4_NG_u","NG","GG","N","G","G","G"
"j5apnv0m1",10,9,"unreliable","exp1a_s9_PP_u","PP","PG","P","P","P","G"
"j5apnv0m1",11,14,"unreliable","exp1a_s14_NN_u","NN","NP","N","N","N","P"
"j5apnv0m1",12,10,"unreliable","exp1a_s10_GG_u","GG","GG","G","G","G","G"
"j5apnv0m1",13,7,"unreliable","exp1a_s7_PG_u","PG","NG","P","G","N","G"
"j5apnv0m1",14,3,"unreliable","exp1a_s3_GP_u","GP","PP","G","P","P","P"
"j5apnv0m1",15,17,"unreliable","exp1a_s17_PN_u","PN","PG","P","N","P","G"
"j5apnv0m1",16,16,"unreliable","exp1a_s16_PG_u","PG","PN","P","G","P","N"
"j5apnv0m1",17,2,"unreliable","exp1a_s2_GN_u","GN","NG","G","N","N","G"
"j5apnv0m1",18,15,"unreliable","exp1a_s15_NP_u","NP","NP","N","P","N","P"
"o1azitfmf",1,7,"reliable","exp1a_s7_PN_r","PN","PN","P","N","P","N"
"o1azitfmf",2,3,"reliable","exp1a_s3_NG_r","NG","GG","N","G","G","G"
"o1azitfmf",3,13,"reliable","exp1a_s13_NN_r","NN","PP","N","N","P","P"
"o1azitfmf",4,12,"reliable","exp1a_s12_NG_r","NG","PP","N","G","P","P"
"o1azitfmf",5,16,"reliable","exp1a_s16_PN_r","PN","PP","P","N","P","P"
"o1azitfmf",6,10,"reliable","exp1a_s10_GN_r","GN","PP","G","N","P","P"
"o1azitfmf",7,4,"reliable","exp1a_s4_NN_r","NN","PP","N","N","P","P"
"o1azitfmf",8,8,"reliable","exp1a_s8_PP_r","PP","PP","P","P","P","P"
"o1azitfmf",9,6,"reliable","exp1a_s6_PG_r","PG","PP","P","G","P","P"
"o1azitfmf",10,2,"reliable","exp1a_s2_GP_r","GP","PP","G","P","P","P"
"o1azitfmf",11,15,"reliable","exp1a_s15_PG_r","PG","PP","P","G","P","P"
"o1azitfmf",12,11,"reliable","exp1a_s11_GP_r","GP","PP","G","P","P","P"
"o1azitfmf",13,18,"reliable","exp1a_s18_GG_r","GG","PP","G","G","P","P"
"o1azitfmf",14,14,"reliable","exp1a_s14_NP_r","NP","PP","N","P","P","P"
"o1azitfmf",15,17,"reliable","exp1a_s17_PP_r","PP","PP","P","P","P","P"
"o1azitfmf",16,5,"reliable","exp1a_s5_NP_r","NP","NP","N","P","N","P"
"o1azitfmf",17,9,"reliable","exp1a_s9_GG_r","GG","PP","G","G","P","P"
"o1azitfmf",18,1,"reliable","exp1a_s1_GN_r","GN","PP","G","N","P","P"
"yf6dd6np5",1,2,"unreliable","exp1a_s2_GP_u","GP","NP","G","P","N","P"
"yf6dd6np5",2,7,"unreliable","exp1a_s7_PN_u","PN","PP","P","N","P","P"
"yf6dd6np5",3,17,"unreliable","exp1a_s17_PP_u","PP","PP","P","P","P","P"
"yf6dd6np5",4,15,"unreliable","exp1a_s15_PG_u","PG","PG","P","G","P","G"
"yf6dd6np5",5,14,"unreliable","exp1a_s14_NP_u","NP","GN","N","P","G","N"
"yf6dd6np5",6,18,"unreliable","exp1a_s18_GG_u","GG","GG","G","G","G","G"
"yf6dd6np5",7,3,"unreliable","exp1a_s3_NG_u","NG","NG","N","G","N","G"
"yf6dd6np5",8,6,"unreliable","exp1a_s6_PG_u","PG","PG","P","G","P","G"
"yf6dd6np5",9,10,"unreliable","exp1a_s10_GN_u","GN","GN","G","N","G","N"
"yf6dd6np5",10,11,"unreliable","exp1a_s11_GP_u","GP","GP","G","P","G","P"
"yf6dd6np5",11,13,"unreliable","exp1a_s13_NN_u","NN","GN","N","N","G","N"
"yf6dd6np5",12,1,"unreliable","exp1a_s1_GN_u","GN","GG","G","N","G","G"
"yf6dd6np5",13,16,"unreliable","exp1a_s16_PN_u","PN","NN","P","N","N","N"
"yf6dd6np5",14,12,"unreliable","exp1a_s12_NG_u","NG","GG","N","G","G","G"
"yf6dd6np5",15,8,"unreliable","exp1a_s8_PP_u","PP","NP","P","P","N","P"
"yf6dd6np5",16,9,"unreliable","exp1a_s9_GG_u","GG","GG","G","G","G","G"
"yf6dd6np5",17,5,"unreliable","exp1a_s5_NP_u","NP","NP","N","P","N","P"
"yf6dd6np5",18,4,"unreliable","exp1a_s4_NN_u","NN","NN","N","N","N","N"
"l1aa19bpo",1,12,"reliable","exp1a_s12_PG_r","PG","PG","P","G","P","G"
"l1aa19bpo",2,7,"reliable","exp1a_s7_GN_r","GN","GG","G","N","G","G"
"l1aa19bpo",3,11,"reliable","exp1a_s11_NP_r","NP","PP","N","P","P","P"
"l1aa19bpo",4,14,"reliable","exp1a_s14_PP_r","PP","PP","P","P","P","P"
"l1aa19bpo",5,6,"reliable","exp1a_s6_GG_r","GG","GG","G","G","G","G"
"l1aa19bpo",6,2,"reliable","exp1a_s2_NP_r","NP","NN","N","P","N","N"
"l1aa19bpo",7,13,"reliable","exp1a_s13_PN_r","PN","PN","P","N","P","N"
"l1aa19bpo",8,1,"reliable","exp1a_s1_NN_r","NN","NG","N","N","N","G"
"l1aa19bpo",9,9,"reliable","exp1a_s9_NG_r","NG","NG","N","G","N","G"
"l1aa19bpo",10,8,"reliable","exp1a_s8_GP_r","GP","GP","G","P","G","P"
"l1aa19bpo",11,18,"reliable","exp1a_s18_NG_r","NG","NG","N","G","N","G"
"l1aa19bpo",12,16,"reliable","exp1a_s16_GN_r","GN","GN","G","N","G","N"
"l1aa19bpo",13,3,"reliable","exp1a_s3_PG_r","PG","NG","P","G","N","G"
"l1aa19bpo",14,15,"reliable","exp1a_s15_GG_r","GG","GG","G","G","G","G"
"l1aa19bpo",15,4,"reliable","exp1a_s4_PN_r","PN","PN","P","N","P","N"
"l1aa19bpo",16,10,"reliable","exp1a_s10_NN_r","NN","NP","N","N","N","P"
"l1aa19bpo",17,5,"reliable","exp1a_s5_PP_r","PP","PN","P","P","P","N"
"l1aa19bpo",18,17,"reliable","exp1a_s17_GP_r","GP","NN","G","P","N","N"
"la62rv1p6",1,16,"reliable","exp1a_s16_PP_r","PP","PP","P","P","P","P"
"la62rv1p6",2,17,"reliable","exp1a_s17_GG_r","GG","NG","G","G","N","G"
"la62rv1p6",3,10,"reliable","exp1a_s10_GP_r","GP","GP","G","P","G","P"
"la62rv1p6",4,15,"reliable","exp1a_s15_PN_r","PN","PN","P","N","P","N"
"la62rv1p6",5,2,"reliable","exp1a_s2_NG_r","NG","NG","N","G","N","G"
"la62rv1p6",6,9,"reliable","exp1a_s9_GN_r","GN","GN","G","N","G","N"
"la62rv1p6",7,3,"reliable","exp1a_s3_NN_r","NN","NN","N","N","N","N"
"la62rv1p6",8,18,"reliable","exp1a_s18_GN_r","GN","GG","G","N","G","G"
"la62rv1p6",9,11,"reliable","exp1a_s11_NG_r","NG","NG","N","G","N","G"
"la62rv1p6",10,6,"reliable","exp1a_s6_PN_r","PN","PN","P","N","P","N"
"la62rv1p6",11,8,"reliable","exp1a_s8_GG_r","GG","GG","G","G","G","G"
"la62rv1p6",12,4,"reliable","exp1a_s4_NP_r","NP","NP","N","P","N","P"
"la62rv1p6",13,5,"reliable","exp1a_s5_PG_r","PG","PG","P","G","P","G"
"la62rv1p6",14,7,"reliable","exp1a_s7_PP_r","PP","PP","P","P","P","P"
"la62rv1p6",15,13,"reliable","exp1a_s13_NP_r","NP","NP","N","P","N","P"
"la62rv1p6",16,12,"reliable","exp1a_s12_NN_r","NN","NN","N","N","N","N"
"la62rv1p6",17,1,"reliable","exp1a_s1_GP_r","GP","GP","G","P","G","P"
"la62rv1p6",18,14,"reliable","exp1a_s14_PG_r","PG","PG","P","G","P","G"
"556qfrpmq",1,11,"reliable","exp1a_s11_NP_r","NP","PP","N","P","P","P"
"556qfrpmq",2,6,"reliable","exp1a_s6_GG_r","GG","GG","G","G","G","G"
"556qfrpmq",3,18,"reliable","exp1a_s18_NG_r","NG","NG","N","G","N","G"
"556qfrpmq",4,15,"reliable","exp1a_s15_GG_r","GG","NG","G","G","N","G"
"556qfrpmq",5,2,"reliable","exp1a_s2_NP_r","NP","NP","N","P","N","P"
"556qfrpmq",6,3,"reliable","exp1a_s3_PG_r","PG","PG","P","G","P","G"
"556qfrpmq",7,9,"reliable","exp1a_s9_NG_r","NG","NG","N","G","N","G"
"556qfrpmq",8,12,"reliable","exp1a_s12_PG_r","PG","PG","P","G","P","G"
"556qfrpmq",9,5,"reliable","exp1a_s5_PP_r","PP","PP","P","P","P","P"
"556qfrpmq",10,10,"reliable","exp1a_s10_NN_r","NN","NN","N","N","N","N"
"556qfrpmq",11,8,"reliable","exp1a_s8_GP_r","GP","GN","G","P","G","N"
"556qfrpmq",12,13,"reliable","exp1a_s13_PN_r","PN","PN","P","N","P","N"
"556qfrpmq",13,7,"reliable","exp1a_s7_GN_r","GN","GN","G","N","G","N"
"556qfrpmq",14,17,"reliable","exp1a_s17_GP_r","GP","NN","G","P","N","N"
"556qfrpmq",15,4,"reliable","exp1a_s4_PN_r","PN","PN","P","N","P","N"
"556qfrpmq",16,1,"reliable","exp1a_s1_NN_r","NN","NN","N","N","N","N"
"556qfrpmq",17,16,"reliable","exp1a_s16_GN_r","GN","GG","G","N","G","G"
"556qfrpmq",18,14,"reliable","exp1a_s14_PP_r","PP","PP","P","P","P","P"
"cxa1ojrpg",1,8,"reliable","exp1a_s8_NP_r","NP","NP","N","P","N","P"
"cxa1ojrpg",2,14,"reliable","exp1a_s14_GP_r","GP","GN","G","P","G","N"
"cxa1ojrpg",3,10,"reliable","exp1a_s10_PN_r","PN","NN","P","N","N","N"
"cxa1ojrpg",4,12,"reliable","exp1a_s12_GG_r","GG","GG","G","G","G","G"
"cxa1ojrpg",5,5,"reliable","exp1a_s5_GP_r","GP","GN","G","P","G","N"
"cxa1ojrpg",6,6,"reliable","exp1a_s6_NG_r","NG","NG","N","G","N","G"
"cxa1ojrpg",7,9,"reliable","exp1a_s9_PG_r","PG","PG","P","G","P","G"
"cxa1ojrpg",8,1,"reliable","exp1a_s1_PN_r","PN","PN","P","N","P","N"
"cxa1ojrpg",9,4,"reliable","exp1a_s4_GN_r","GN","GN","G","N","G","N"
"cxa1ojrpg",10,7,"reliable","exp1a_s7_NN_r","NN","NN","N","N","N","N"
"cxa1ojrpg",11,17,"reliable","exp1a_s17_NP_r","NP","NP","N","P","N","P"
"cxa1ojrpg",12,3,"reliable","exp1a_s3_GG_r","GG","GG","G","G","G","G"
"cxa1ojrpg",13,2,"reliable","exp1a_s2_PP_r","PP","PP","P","P","P","P"
"cxa1ojrpg",14,16,"reliable","exp1a_s16_NN_r","NN","NN","N","N","N","N"
"cxa1ojrpg",15,13,"reliable","exp1a_s13_GN_r","GN","GN","G","N","G","N"
"cxa1ojrpg",16,11,"reliable","exp1a_s11_PP_r","PP","NP","P","P","N","P"
"cxa1ojrpg",17,18,"reliable","exp1a_s18_PG_r","PG","PG","P","G","P","G"
"cxa1ojrpg",18,15,"reliable","exp1a_s15_NG_r","NG","NG","N","G","N","G"
"g36h19jm1",1,17,"unreliable","exp1a_s17_NN_u","NN","NP","N","N","N","P"
"g36h19jm1",2,7,"unreliable","exp1a_s7_NG_u","NG","NG","N","G","N","G"
"g36h19jm1",3,5,"unreliable","exp1a_s5_GN_u","GN","GN","G","N","G","N"
"g36h19jm1",4,16,"unreliable","exp1a_s16_NG_u","NG","GG","N","G","G","G"
"g36h19jm1",5,12,"unreliable","exp1a_s12_PP_u","PP","PN","P","P","P","N"
"g36h19jm1",6,2,"unreliable","exp1a_s2_PN_u","PN","NN","P","N","N","N"
"g36h19jm1",7,8,"unreliable","exp1a_s8_NN_u","NN","GG","N","N","G","G"
"g36h19jm1",8,11,"unreliable","exp1a_s11_PN_u","PN","PG","P","N","P","G"
"g36h19jm1",9,10,"unreliable","exp1a_s10_PG_u","PG","PG","P","G","P","G"
"g36h19jm1",10,15,"unreliable","exp1a_s15_GP_u","GP","GP","G","P","G","P"
"g36h19jm1",11,1,"unreliable","exp1a_s1_PG_u","PG","PG","P","G","P","G"
"g36h19jm1",12,6,"unreliable","exp1a_s6_GP_u","GP","NN","G","P","N","N"
"g36h19jm1",13,13,"unreliable","exp1a_s13_GG_u","GG","GG","G","G","G","G"
"g36h19jm1",14,18,"unreliable","exp1a_s18_NP_u","NP","GP","N","P","G","P"
"g36h19jm1",15,3,"unreliable","exp1a_s3_PP_u","PP","NN","P","P","N","N"
"g36h19jm1",16,14,"unreliable","exp1a_s14_GN_u","GN","GN","G","N","G","N"
"g36h19jm1",17,4,"unreliable","exp1a_s4_GG_u","GG","GG","G","G","G","G"
"g36h19jm1",18,9,"unreliable","exp1a_s9_NP_u","NP","NN","N","P","N","N"
"ttaobzapu",1,4,"reliable","exp1a_s4_NP_r","NP","NG","N","P","N","G"
"ttaobzapu",2,9,"reliable","exp1a_s9_GN_r","GN","GN","G","N","G","N"
"ttaobzapu",3,15,"reliable","exp1a_s15_PN_r","PN","NG","P","N","N","G"
"ttaobzapu",4,8,"reliable","exp1a_s8_GG_r","GG","GG","G","G","G","G"
"ttaobzapu",5,7,"reliable","exp1a_s7_PP_r","PP","GN","P","P","G","N"
"ttaobzapu",6,10,"reliable","exp1a_s10_GP_r","GP","NG","G","P","N","G"
"ttaobzapu",7,14,"reliable","exp1a_s14_PG_r","PG","NG","P","G","N","G"
"ttaobzapu",8,11,"reliable","exp1a_s11_NG_r","NG","GN","N","G","G","N"
"ttaobzapu",9,13,"reliable","exp1a_s13_NP_r","NP","NG","N","P","N","G"
"ttaobzapu",10,18,"reliable","exp1a_s18_GN_r","GN","GN","G","N","G","N"
"ttaobzapu",11,3,"reliable","exp1a_s3_NN_r","NN","GN","N","N","G","N"
"ttaobzapu",12,16,"reliable","exp1a_s16_PP_r","PP","NG","P","P","N","G"
"ttaobzapu",13,12,"reliable","exp1a_s12_NN_r","NN","PG","N","N","P","G"
"ttaobzapu",14,1,"reliable","exp1a_s1_GP_r","GP","GN","G","P","G","N"
"ttaobzapu",15,2,"reliable","exp1a_s2_NG_r","NG","NG","N","G","N","G"
"ttaobzapu",16,5,"reliable","exp1a_s5_PG_r","PG","GN","P","G","G","N"
"ttaobzapu",17,17,"reliable","exp1a_s17_GG_r","GG","NN","G","G","N","N"
"ttaobzapu",18,6,"reliable","exp1a_s6_PN_r","PN","NG","P","N","N","G"
"77asgjmm1",1,6,"unreliable","exp1a_s6_GP_u","GP","PG","G","P","P","G"
"77asgjmm1",2,1,"unreliable","exp1a_s1_PG_u","PG","PP","P","G","P","P"
"77asgjmm1",3,12,"unreliable","exp1a_s12_PP_u","PP","PP","P","P","P","P"
"77asgjmm1",4,8,"unreliable","exp1a_s8_NN_u","NN","NN","N","N","N","N"
"77asgjmm1",5,9,"unreliable","exp1a_s9_NP_u","NP","NP","N","P","N","P"
"77asgjmm1",6,2,"unreliable","exp1a_s2_PN_u","PN","PP","P","N","P","P"
"77asgjmm1",7,5,"unreliable","exp1a_s5_GN_u","GN","NN","G","N","N","N"
"77asgjmm1",8,17,"unreliable","exp1a_s17_NN_u","NN","NP","N","N","N","P"
"77asgjmm1",9,16,"unreliable","exp1a_s16_NG_u","NG","GG","N","G","G","G"
"77asgjmm1",10,11,"unreliable","exp1a_s11_PN_u","PN","PP","P","N","P","P"
"77asgjmm1",11,7,"unreliable","exp1a_s7_NG_u","NG","NG","N","G","N","G"
"77asgjmm1",12,10,"unreliable","exp1a_s10_PG_u","PG","PG","P","G","P","G"
"77asgjmm1",13,13,"unreliable","exp1a_s13_GG_u","GG","GG","G","G","G","G"
"77asgjmm1",14,14,"unreliable","exp1a_s14_GN_u","GN","GP","G","N","G","P"
"77asgjmm1",15,4,"unreliable","exp1a_s4_GG_u","GG","NG","G","G","N","G"
"77asgjmm1",16,3,"unreliable","exp1a_s3_PP_u","PP","PP","P","P","P","P"
"77asgjmm1",17,15,"unreliable","exp1a_s15_GP_u","GP","GP","G","P","G","P"
"77asgjmm1",18,18,"unreliable","exp1a_s18_NP_u","NP","GG","N","P","G","G"
"yg6ybp3pm",1,16,"unreliable","exp1a_s16_GP_u","GP","GP","G","P","G","P"
"yg6ybp3pm",2,1,"unreliable","exp1a_s1_NP_u","NP","NP","N","P","N","P"
"yg6ybp3pm",3,15,"unreliable","exp1a_s15_GN_u","GN","GG","G","N","G","G"
"yg6ybp3pm",4,8,"unreliable","exp1a_s8_NG_u","NG","NG","N","G","N","G"
"yg6ybp3pm",5,9,"unreliable","exp1a_s9_NN_u","NN","PN","N","N","P","N"
"yg6ybp3pm",6,14,"unreliable","exp1a_s14_GG_u","GG","GG","G","G","G","G"
"yg6ybp3pm",7,11,"unreliable","exp1a_s11_PG_u","PG","PN","P","G","P","N"
"yg6ybp3pm",8,13,"unreliable","exp1a_s13_PP_u","PP","PP","P","P","P","P"
"yg6ybp3pm",9,3,"unreliable","exp1a_s3_PN_u","PN","PN","P","N","P","N"
"yg6ybp3pm",10,7,"unreliable","exp1a_s7_GP_u","GP","GP","G","P","G","P"
"yg6ybp3pm",11,4,"unreliable","exp1a_s4_PP_u","PP","PP","P","P","P","P"
"yg6ybp3pm",12,5,"unreliable","exp1a_s5_GG_u","GG","GG","G","G","G","G"
"yg6ybp3pm",13,18,"unreliable","exp1a_s18_NN_u","NN","NN","N","N","N","N"
"yg6ybp3pm",14,12,"unreliable","exp1a_s12_PN_u","PN","PN","P","N","P","N"
"yg6ybp3pm",15,10,"unreliable","exp1a_s10_NP_u","NP","PP","N","P","P","P"
"yg6ybp3pm",16,17,"unreliable","exp1a_s17_NG_u","NG","NG","N","G","N","G"
"yg6ybp3pm",17,2,"unreliable","exp1a_s2_PG_u","PG","PG","P","G","P","G"
"yg6ybp3pm",18,6,"unreliable","exp1a_s6_GN_u","GN","GN","G","N","G","N"
"g6axrfxmx",1,16,"reliable","exp1a_s16_PP_r","PP","NG","P","P","N","G"
"g6axrfxmx",2,17,"reliable","exp1a_s17_GG_r","GG","GN","G","G","G","N"
"g6axrfxmx",3,11,"reliable","exp1a_s11_NG_r","NG","GG","N","G","G","G"
"g6axrfxmx",4,1,"reliable","exp1a_s1_GP_r","GP","PN","G","P","P","N"
"g6axrfxmx",5,3,"reliable","exp1a_s3_NN_r","NN","PG","N","N","P","G"
"g6axrfxmx",6,2,"reliable","exp1a_s2_NG_r","NG","GN","N","G","G","N"
"g6axrfxmx",7,13,"reliable","exp1a_s13_NP_r","NP","NG","N","P","N","G"
"g6axrfxmx",8,15,"reliable","exp1a_s15_PN_r","PN","GG","P","N","G","G"
"g6axrfxmx",9,12,"reliable","exp1a_s12_NN_r","NN","GP","N","N","G","P"
"g6axrfxmx",10,7,"reliable","exp1a_s7_PP_r","PP","PN","P","P","P","N"
"g6axrfxmx",11,14,"reliable","exp1a_s14_PG_r","PG","GP","P","G","G","P"
"g6axrfxmx",12,10,"reliable","exp1a_s10_GP_r","GP","GN","G","P","G","N"
"g6axrfxmx",13,8,"reliable","exp1a_s8_GG_r","GG","GP","G","G","G","P"
"g6axrfxmx",14,9,"reliable","exp1a_s9_GN_r","GN","GG","G","N","G","G"
"g6axrfxmx",15,6,"reliable","exp1a_s6_PN_r","PN","GN","P","N","G","N"
"g6axrfxmx",16,18,"reliable","exp1a_s18_GN_r","GN","GN","G","N","G","N"
"g6axrfxmx",17,5,"reliable","exp1a_s5_PG_r","PG","PG","P","G","P","G"
"g6axrfxmx",18,4,"reliable","exp1a_s4_NP_r","NP","NN","N","P","N","N"
"1za8iwqpb",1,14,"unreliable","exp1a_s14_GP_u","GP","NP","G","P","N","P"
"1za8iwqpb",2,17,"unreliable","exp1a_s17_NP_u","NP","NP","N","P","N","P"
"1za8iwqpb",3,18,"unreliable","exp1a_s18_PG_u","PG","PN","P","G","P","N"
"1za8iwqpb",4,11,"unreliable","exp1a_s11_PP_u","PP","PP","P","P","P","P"
"1za8iwqpb",5,3,"unreliable","exp1a_s3_GG_u","GG","NN","G","G","N","N"
"1za8iwqpb",6,16,"unreliable","exp1a_s16_NN_u","NN","NN","N","N","N","N"
"1za8iwqpb",7,15,"unreliable","exp1a_s15_NG_u","NG","NG","N","G","N","G"
"1za8iwqpb",8,1,"unreliable","exp1a_s1_PN_u","PN","PN","P","N","P","N"
"1za8iwqpb",9,5,"unreliable","exp1a_s5_GP_u","GP","GP","G","P","G","P"
"1za8iwqpb",10,4,"unreliable","exp1a_s4_GN_u","GN","NN","G","N","N","N"
"1za8iwqpb",11,2,"unreliable","exp1a_s2_PP_u","PP","PP","P","P","P","P"
"1za8iwqpb",12,7,"unreliable","exp1a_s7_NN_u","NN","NN","N","N","N","N"
"1za8iwqpb",13,6,"unreliable","exp1a_s6_NG_u","NG","NN","N","G","N","N"
"1za8iwqpb",14,9,"unreliable","exp1a_s9_PG_u","PG","PN","P","G","P","N"
"1za8iwqpb",15,8,"unreliable","exp1a_s8_NP_u","NP","NP","N","P","N","P"
"1za8iwqpb",16,12,"unreliable","exp1a_s12_GG_u","GG","GG","G","G","G","G"
"1za8iwqpb",17,10,"unreliable","exp1a_s10_PN_u","PN","PN","P","N","P","N"
"1za8iwqpb",18,13,"unreliable","exp1a_s13_GN_u","GN","GN","G","N","G","N"
"e86hgcopw",1,13,"unreliable","exp1a_s13_PN_u","PN","PN","P","N","P","N"
"e86hgcopw",2,15,"unreliable","exp1a_s15_GG_u","GG","GG","G","G","G","G"
"e86hgcopw",3,14,"unreliable","exp1a_s14_PP_u","PP","PN","P","P","P","N"
"e86hgcopw",4,6,"unreliable","exp1a_s6_GG_u","GG","GG","G","G","G","G"
"e86hgcopw",5,7,"unreliable","exp1a_s7_GN_u","GN","GP","G","N","G","P"
"e86hgcopw",6,1,"unreliable","exp1a_s1_NN_u","NN","PN","N","N","P","N"
"e86hgcopw",7,12,"unreliable","exp1a_s12_PG_u","PG","PG","P","G","P","G"
"e86hgcopw",8,8,"unreliable","exp1a_s8_GP_u","GP","GP","G","P","G","P"
"e86hgcopw",9,3,"unreliable","exp1a_s3_PG_u","PG","PG","P","G","P","G"
"e86hgcopw",10,2,"unreliable","exp1a_s2_NP_u","NP","PP","N","P","P","P"
"e86hgcopw",11,4,"unreliable","exp1a_s4_PN_u","PN","GP","P","N","G","P"
"e86hgcopw",12,17,"unreliable","exp1a_s17_GP_u","GP","GP","G","P","G","P"
"e86hgcopw",13,18,"unreliable","exp1a_s18_NG_u","NG","NG","N","G","N","G"
"e86hgcopw",14,11,"unreliable","exp1a_s11_NP_u","NP","NP","N","P","N","P"
"e86hgcopw",15,16,"unreliable","exp1a_s16_GN_u","GN","GG","G","N","G","G"
"e86hgcopw",16,9,"unreliable","exp1a_s9_NG_u","NG","GG","N","G","G","G"
"e86hgcopw",17,5,"unreliable","exp1a_s5_PP_u","PP","NP","P","P","N","P"
"e86hgcopw",18,10,"unreliable","exp1a_s10_NN_u","NN","PG","N","N","P","G"
"h06utmrp3",1,4,"unreliable","exp1a_s4_GP_u","GP","NP","G","P","N","P"
"h06utmrp3",2,17,"unreliable","exp1a_s17_PG_u","PG","PG","P","G","P","G"
"h06utmrp3",3,3,"unreliable","exp1a_s3_GN_u","GN","GN","G","N","G","N"
"h06utmrp3",4,10,"unreliable","exp1a_s10_PP_u","PP","PN","P","P","P","N"
"h06utmrp3",5,13,"unreliable","exp1a_s13_GP_u","GP","GP","G","P","G","P"
"h06utmrp3",6,14,"unreliable","exp1a_s14_NG_u","NG","NG","N","G","N","G"
"h06utmrp3",7,11,"unreliable","exp1a_s11_GG_u","GG","GG","G","G","G","G"
"h06utmrp3",8,8,"unreliable","exp1a_s8_PG_u","PG","PG","P","G","P","G"
"h06utmrp3",9,18,"unreliable","exp1a_s18_PN_u","PN","PP","P","N","P","P"
"h06utmrp3",10,6,"unreliable","exp1a_s6_NN_u","NN","NP","N","N","N","P"
"h06utmrp3",11,16,"unreliable","exp1a_s16_NP_u","NP","NP","N","P","N","P"
"h06utmrp3",12,1,"unreliable","exp1a_s1_PP_u","PP","PP","P","P","P","P"
"h06utmrp3",13,15,"unreliable","exp1a_s15_NN_u","NN","NN","N","N","N","N"
"h06utmrp3",14,2,"unreliable","exp1a_s2_GG_u","GG","GG","G","G","G","G"
"h06utmrp3",15,9,"unreliable","exp1a_s9_PN_u","PN","PN","P","N","P","N"
"h06utmrp3",16,5,"unreliable","exp1a_s5_NG_u","NG","NG","N","G","N","G"
"h06utmrp3",17,7,"unreliable","exp1a_s7_NP_u","NP","PP","N","P","P","P"
"h06utmrp3",18,12,"unreliable","exp1a_s12_GN_u","GN","GP","G","N","G","P"
"4q68tl7mf",1,7,"unreliable","exp1a_s7_GP_u","GP","GN","G","P","G","N"
"4q68tl7mf",2,12,"unreliable","exp1a_s12_PN_u","PN","NG","P","N","N","G"
"4q68tl7mf",3,17,"unreliable","exp1a_s17_NG_u","NG","PP","N","G","P","P"
"4q68tl7mf",4,15,"unreliable","exp1a_s15_GN_u","GN","GG","G","N","G","G"
"4q68tl7mf",5,8,"unreliable","exp1a_s8_NG_u","NG","PP","N","G","P","P"
"4q68tl7mf",6,10,"unreliable","exp1a_s10_NP_u","NP","NN","N","P","N","N"
"4q68tl7mf",7,5,"unreliable","exp1a_s5_GG_u","GG","PP","G","G","P","P"
"4q68tl7mf",8,11,"unreliable","exp1a_s11_PG_u","PG","NN","P","G","N","N"
"4q68tl7mf",9,13,"unreliable","exp1a_s13_PP_u","PP","NN","P","P","N","N"
"4q68tl7mf",10,2,"unreliable","exp1a_s2_PG_u","PG","NP","P","G","N","P"
"4q68tl7mf",11,4,"unreliable","exp1a_s4_PP_u","PP","NN","P","P","N","N"
"4q68tl7mf",12,18,"unreliable","exp1a_s18_NN_u","NN","NN","N","N","N","N"
"4q68tl7mf",13,16,"unreliable","exp1a_s16_GP_u","GP","PN","G","P","P","N"
"4q68tl7mf",14,6,"unreliable","exp1a_s6_GN_u","GN","GP","G","N","G","P"
"4q68tl7mf",15,3,"unreliable","exp1a_s3_PN_u","PN","NN","P","N","N","N"
"4q68tl7mf",16,9,"unreliable","exp1a_s9_NN_u","NN","PP","N","N","P","P"
"4q68tl7mf",17,14,"unreliable","exp1a_s14_GG_u","GG","GG","G","G","G","G"
"4q68tl7mf",18,1,"unreliable","exp1a_s1_NP_u","NP","NN","N","P","N","N"
"a1aplz0po",1,11,"unreliable","exp1a_s11_PP_u","PP","PP","P","P","P","P"
"a1aplz0po",2,6,"unreliable","exp1a_s6_NG_u","NG","GN","N","G","G","N"
"a1aplz0po",3,10,"unreliable","exp1a_s10_PN_u","PN","PN","P","N","P","N"
"a1aplz0po",4,8,"unreliable","exp1a_s8_NP_u","NP","GP","N","P","G","P"
"a1aplz0po",5,2,"unreliable","exp1a_s2_PP_u","PP","PP","P","P","P","P"
"a1aplz0po",6,13,"unreliable","exp1a_s13_GN_u","GN","GN","G","N","G","N"
"a1aplz0po",7,9,"unreliable","exp1a_s9_PG_u","PG","PG","P","G","P","G"
"a1aplz0po",8,1,"unreliable","exp1a_s1_PN_u","PN","PN","P","N","P","N"
"a1aplz0po",9,5,"unreliable","exp1a_s5_GP_u","GP","GP","G","P","G","P"
"a1aplz0po",10,17,"unreliable","exp1a_s17_NP_u","NP","PP","N","P","P","P"
"a1aplz0po",11,12,"unreliable","exp1a_s12_GG_u","GG","GG","G","G","G","G"
"a1aplz0po",12,15,"unreliable","exp1a_s15_NG_u","NG","NG","N","G","N","G"
"a1aplz0po",13,18,"unreliable","exp1a_s18_PG_u","PG","PN","P","G","P","N"
"a1aplz0po",14,14,"unreliable","exp1a_s14_GP_u","GP","GP","G","P","G","P"
"a1aplz0po",15,7,"unreliable","exp1a_s7_NN_u","NN","NN","N","N","N","N"
"a1aplz0po",16,3,"unreliable","exp1a_s3_GG_u","GG","GG","G","G","G","G"
"a1aplz0po",17,16,"unreliable","exp1a_s16_NN_u","NN","PG","N","N","P","G"
"a1aplz0po",18,4,"unreliable","exp1a_s4_GN_u","GN","GG","G","N","G","G"
"ps6r8ccm1",1,15,"reliable","exp1a_s15_GG_r","GG","NN","G","G","N","N"
"ps6r8ccm1",2,11,"reliable","exp1a_s11_NP_r","NP","GP","N","P","G","P"
"ps6r8ccm1",3,17,"reliable","exp1a_s17_GP_r","GP","GN","G","P","G","N"
"ps6r8ccm1",4,4,"reliable","exp1a_s4_PN_r","PN","NG","P","N","N","G"
"ps6r8ccm1",5,16,"reliable","exp1a_s16_GN_r","GN","GP","G","N","G","P"
"ps6r8ccm1",6,12,"reliable","exp1a_s12_PG_r","PG","PG","P","G","P","G"
"ps6r8ccm1",7,9,"reliable","exp1a_s9_NG_r","NG","GP","N","G","G","P"
"ps6r8ccm1",8,8,"reliable","exp1a_s8_GP_r","GP","GP","G","P","G","P"
"ps6r8ccm1",9,6,"reliable","exp1a_s6_GG_r","GG","GG","G","G","G","G"
"ps6r8ccm1",10,13,"reliable","exp1a_s13_PN_r","PN","NG","P","N","N","G"
"ps6r8ccm1",11,10,"reliable","exp1a_s10_NN_r","NN","PP","N","N","P","P"
"ps6r8ccm1",12,14,"reliable","exp1a_s14_PP_r","PP","NN","P","P","N","N"
"ps6r8ccm1",13,1,"reliable","exp1a_s1_NN_r","NN","GG","N","N","G","G"
"ps6r8ccm1",14,7,"reliable","exp1a_s7_GN_r","GN","GG","G","N","G","G"
"ps6r8ccm1",15,18,"reliable","exp1a_s18_NG_r","NG","PG","N","G","P","G"
"ps6r8ccm1",16,5,"reliable","exp1a_s5_PP_r","PP","NN","P","P","N","N"
"ps6r8ccm1",17,3,"reliable","exp1a_s3_PG_r","PG","PG","P","G","P","G"
"ps6r8ccm1",18,2,"reliable","exp1a_s2_NP_r","NP","NP","N","P","N","P"
"m1anj6hml",1,4,"reliable","exp1a_s4_GP_r","GP","GP","G","P","G","P"
"m1anj6hml",2,10,"reliable","exp1a_s10_PP_r","PP","PP","P","P","P","P"
"m1anj6hml",3,6,"reliable","exp1a_s6_NN_r","NN","NN","N","N","N","N"
"m1anj6hml",4,7,"reliable","exp1a_s7_NP_r","NP","NP","N","P","N","P"
"m1anj6hml",5,12,"reliable","exp1a_s12_GN_r","GN","GN","G","N","G","N"
"m1anj6hml",6,11,"reliable","exp1a_s11_GG_r","GG","GG","G","G","G","G"
"m1anj6hml",7,9,"reliable","exp1a_s9_PN_r","PN","PN","P","N","P","N"
"m1anj6hml",8,1,"reliable","exp1a_s1_PP_r","PP","PP","P","P","P","P"
"m1anj6hml",9,16,"reliable","exp1a_s16_NP_r","NP","NP","N","P","N","P"
"m1anj6hml",10,2,"reliable","exp1a_s2_GG_r","GG","GG","G","G","G","G"
"m1anj6hml",11,15,"reliable","exp1a_s15_NN_r","NN","NN","N","N","N","N"
"m1anj6hml",12,8,"reliable","exp1a_s8_PG_r","PG","PN","P","G","P","N"
"m1anj6hml",13,13,"reliable","exp1a_s13_GP_r","GP","GP","G","P","G","P"
"m1anj6hml",14,18,"reliable","exp1a_s18_PN_r","PN","PN","P","N","P","N"
"m1anj6hml",15,3,"reliable","exp1a_s3_GN_r","GN","GN","G","N","G","N"
"m1anj6hml",16,14,"reliable","exp1a_s14_NG_r","NG","NG","N","G","N","G"
"m1anj6hml",17,17,"reliable","exp1a_s17_PG_r","PG","PG","P","G","P","G"
"m1anj6hml",18,5,"reliable","exp1a_s5_NG_r","NG","NG","N","G","N","G"
"hi65n4lme",1,5,"unreliable","exp1a_s5_NG_u","NG","GN","N","G","G","N"
"hi65n4lme",2,6,"unreliable","exp1a_s6_NN_u","NN","NN","N","N","N","N"
"hi65n4lme",3,11,"unreliable","exp1a_s11_GG_u","GG","GN","G","G","G","N"
"hi65n4lme",4,17,"unreliable","exp1a_s17_PG_u","PG","PN","P","G","P","N"
"hi65n4lme",5,13,"unreliable","exp1a_s13_GP_u","GP","GP","G","P","G","P"
"hi65n4lme",6,2,"unreliable","exp1a_s2_GG_u","GG","GG","G","G","G","G"
"hi65n4lme",7,16,"unreliable","exp1a_s16_NP_u","NP","GP","N","P","G","P"
"hi65n4lme",8,1,"unreliable","exp1a_s1_PP_u","PP","PP","P","P","P","P"
"hi65n4lme",9,7,"unreliable","exp1a_s7_NP_u","NP","NP","N","P","N","P"
"hi65n4lme",10,12,"unreliable","exp1a_s12_GN_u","GN","GN","G","N","G","N"
"hi65n4lme",11,15,"unreliable","exp1a_s15_NN_u","NN","NN","N","N","N","N"
"hi65n4lme",12,10,"unreliable","exp1a_s10_PP_u","PP","PN","P","P","P","N"
"hi65n4lme",13,14,"unreliable","exp1a_s14_NG_u","NG","NG","N","G","N","G"
"hi65n4lme",14,9,"unreliable","exp1a_s9_PN_u","PN","PN","P","N","P","N"
"hi65n4lme",15,8,"unreliable","exp1a_s8_PG_u","PG","NG","P","G","N","G"
"hi65n4lme",16,3,"unreliable","exp1a_s3_GN_u","GN","GN","G","N","G","N"
"hi65n4lme",17,4,"unreliable","exp1a_s4_GP_u","GP","GP","G","P","G","P"
"hi65n4lme",18,18,"unreliable","exp1a_s18_PN_u","PN","PG","P","N","P","G"
"93agbfgme",1,13,"unreliable","exp1a_s13_NP_u","NP","NP","N","P","N","P"
"93agbfgme",2,3,"unreliable","exp1a_s3_NN_u","NN","NP","N","N","N","P"
"93agbfgme",3,9,"unreliable","exp1a_s9_GN_u","GN","NN","G","N","N","N"
"93agbfgme",4,6,"unreliable","exp1a_s6_PN_u","PN","NP","P","N","N","P"
"93agbfgme",5,17,"unreliable","exp1a_s17_GG_u","GG","GN","G","G","G","N"
"93agbfgme",6,18,"unreliable","exp1a_s18_GN_u","GN","NP","G","N","N","P"
"93agbfgme",7,2,"unreliable","exp1a_s2_NG_u","NG","NG","N","G","N","G"
"93agbfgme",8,5,"unreliable","exp1a_s5_PG_u","PG","PG","P","G","P","G"
"93agbfgme",9,4,"unreliable","exp1a_s4_NP_u","NP","PN","N","P","P","N"
"93agbfgme",10,15,"unreliable","exp1a_s15_PN_u","PN","PN","P","N","P","N"
"93agbfgme",11,8,"unreliable","exp1a_s8_GG_u","GG","GG","G","G","G","G"
"93agbfgme",12,10,"unreliable","exp1a_s10_GP_u","GP","GP","G","P","G","P"
"93agbfgme",13,14,"unreliable","exp1a_s14_PG_u","PG","PG","P","G","P","G"
"93agbfgme",14,11,"unreliable","exp1a_s11_NG_u","NG","NG","N","G","N","G"
"93agbfgme",15,16,"unreliable","exp1a_s16_PP_u","PP","PP","P","P","P","P"
"93agbfgme",16,12,"unreliable","exp1a_s12_NN_u","NN","NP","N","N","N","P"
"93agbfgme",17,1,"unreliable","exp1a_s1_GP_u","GP","GP","G","P","G","P"
"93agbfgme",18,7,"unreliable","exp1a_s7_PP_u","PP","PP","P","P","P","P"
"19avmn9pe",1,5,"unreliable","exp1a_s5_GN_u","GN","GN","G","N","G","N"
"19avmn9pe",2,16,"unreliable","exp1a_s16_NG_u","NG","NG","N","G","N","G"
"19avmn9pe",3,10,"unreliable","exp1a_s10_PG_u","PG","PG","P","G","P","G"
"19avmn9pe",4,9,"unreliable","exp1a_s9_NP_u","NP","NP","N","P","N","P"
"19avmn9pe",5,8,"unreliable","exp1a_s8_NN_u","NN","NN","N","N","N","N"
"19avmn9pe",6,1,"unreliable","exp1a_s1_PG_u","PG","PG","P","G","P","G"
"19avmn9pe",7,11,"unreliable","exp1a_s11_PN_u","PN","PP","P","N","P","P"
"19avmn9pe",8,15,"unreliable","exp1a_s15_GP_u","GP","GP","G","P","G","P"
"19avmn9pe",9,2,"unreliable","exp1a_s2_PN_u","PN","PN","P","N","P","N"
"19avmn9pe",10,14,"unreliable","exp1a_s14_GN_u","GN","GN","G","N","G","N"
"19avmn9pe",11,3,"unreliable","exp1a_s3_PP_u","PP","PP","P","P","P","P"
"19avmn9pe",12,7,"unreliable","exp1a_s7_NG_u","NG","PG","N","G","P","G"
"19avmn9pe",13,18,"unreliable","exp1a_s18_NP_u","NP","NP","N","P","N","P"
"19avmn9pe",14,13,"unreliable","exp1a_s13_GG_u","GG","GG","G","G","G","G"
"19avmn9pe",15,6,"unreliable","exp1a_s6_GP_u","GP","GP","G","P","G","P"
"19avmn9pe",16,4,"unreliable","exp1a_s4_GG_u","GG","NG","G","G","N","G"
"19avmn9pe",17,17,"unreliable","exp1a_s17_NN_u","NN","NP","N","N","N","P"
"19avmn9pe",18,12,"unreliable","exp1a_s12_PP_u","PP","PP","P","P","P","P"
"eyajpjemu",1,7,"reliable","exp1a_s7_GP_r","GP","GP","G","P","G","P"
"eyajpjemu",2,4,"reliable","exp1a_s4_PP_r","PP","PP","P","P","P","P"
"eyajpjemu",3,11,"reliable","exp1a_s11_PG_r","PG","NG","P","G","N","G"
"eyajpjemu",4,10,"reliable","exp1a_s10_NP_r","NP","GN","N","P","G","N"
"eyajpjemu",5,14,"reliable","exp1a_s14_GG_r","GG","GG","G","G","G","G"
"eyajpjemu",6,8,"reliable","exp1a_s8_NG_r","NG","GN","N","G","G","N"
"eyajpjemu",7,9,"reliable","exp1a_s9_NN_r","NN","PG","N","N","P","G"
"eyajpjemu",8,15,"reliable","exp1a_s15_GN_r","GN","GP","G","N","G","P"
"eyajpjemu",9,5,"reliable","exp1a_s5_GG_r","GG","GG","G","G","G","G"
"eyajpjemu",10,6,"reliable","exp1a_s6_GN_r","GN","NP","G","N","N","P"
"eyajpjemu",11,13,"reliable","exp1a_s13_PP_r","PP","PP","P","P","P","P"
"eyajpjemu",12,3,"reliable","exp1a_s3_PN_r","PN","PG","P","N","P","G"
"eyajpjemu",13,17,"reliable","exp1a_s17_NG_r","NG","NG","N","G","N","G"
"eyajpjemu",14,18,"reliable","exp1a_s18_NN_r","NN","GG","N","N","G","G"
"eyajpjemu",15,12,"reliable","exp1a_s12_PN_r","PN","NG","P","N","N","G"
"eyajpjemu",16,1,"reliable","exp1a_s1_NP_r","NP","GP","N","P","G","P"
"eyajpjemu",17,2,"reliable","exp1a_s2_PG_r","PG","PG","P","G","P","G"
"eyajpjemu",18,16,"reliable","exp1a_s16_GP_r","GP","GN","G","P","G","N"
"26avx0em9",1,1,"reliable","exp1a_s1_GP_r","GP","NN","G","P","N","N"
"26avx0em9",2,7,"reliable","exp1a_s7_PP_r","PP","NN","P","P","N","N"
"26avx0em9",3,6,"reliable","exp1a_s6_PN_r","PN","NG","P","N","N","G"
"26avx0em9",4,11,"reliable","exp1a_s11_NG_r","NG","GG","N","G","G","G"
"26avx0em9",5,8,"reliable","exp1a_s8_GG_r","GG","GG","G","G","G","G"
"26avx0em9",6,16,"reliable","exp1a_s16_PP_r","PP","NN","P","P","N","N"
"26avx0em9",7,5,"reliable","exp1a_s5_PG_r","PG","NG","P","G","N","G"
"26avx0em9",8,3,"reliable","exp1a_s3_NN_r","NN","PG","N","N","P","G"
"26avx0em9",9,14,"reliable","exp1a_s14_PG_r","PG","PG","P","G","P","G"
"26avx0em9",10,4,"reliable","exp1a_s4_NP_r","NP","GP","N","P","G","P"
"26avx0em9",11,2,"reliable","exp1a_s2_NG_r","NG","GG","N","G","G","G"
"26avx0em9",12,17,"reliable","exp1a_s17_GG_r","GG","GG","G","G","G","G"
"26avx0em9",13,18,"reliable","exp1a_s18_GN_r","GN","GG","G","N","G","G"
"26avx0em9",14,10,"reliable","exp1a_s10_GP_r","GP","GN","G","P","G","N"
"26avx0em9",15,13,"reliable","exp1a_s13_NP_r","NP","GP","N","P","G","P"
"26avx0em9",16,9,"reliable","exp1a_s9_GN_r","GN","GG","G","N","G","G"
"26avx0em9",17,15,"reliable","exp1a_s15_PN_r","PN","NP","P","N","N","P"
"26avx0em9",18,12,"reliable","exp1a_s12_NN_r","NN","GG","N","N","G","G"
"xna1iwtpt",1,9,"unreliable","exp1a_s9_PN_u","PN","PN","P","N","P","N"
"xna1iwtpt",2,6,"unreliable","exp1a_s6_NN_u","NN","GP","N","N","G","P"
"xna1iwtpt",3,17,"unreliable","exp1a_s17_PG_u","PG","PP","P","G","P","P"
"xna1iwtpt",4,15,"unreliable","exp1a_s15_NN_u","NN","NN","N","N","N","N"
"xna1iwtpt",5,12,"unreliable","exp1a_s12_GN_u","GN","GP","G","N","G","P"
"xna1iwtpt",6,5,"unreliable","exp1a_s5_NG_u","NG","NG","N","G","N","G"
"xna1iwtpt",7,1,"unreliable","exp1a_s1_PP_u","PP","PP","P","P","P","P"
"xna1iwtpt",8,13,"unreliable","exp1a_s13_GP_u","GP","GP","G","P","G","P"
"xna1iwtpt",9,18,"unreliable","exp1a_s18_PN_u","PN","PP","P","N","P","P"
"xna1iwtpt",10,3,"unreliable","exp1a_s3_GN_u","GN","GP","G","N","G","P"
"xna1iwtpt",11,10,"unreliable","exp1a_s10_PP_u","PP","NN","P","P","N","N"
"xna1iwtpt",12,16,"unreliable","exp1a_s16_NP_u","NP","PP","N","P","P","P"
"xna1iwtpt",13,11,"unreliable","exp1a_s11_GG_u","GG","GG","G","G","G","G"
"xna1iwtpt",14,14,"unreliable","exp1a_s14_NG_u","NG","NG","N","G","N","G"
"xna1iwtpt",15,7,"unreliable","exp1a_s7_NP_u","NP","PP","N","P","P","P"
"xna1iwtpt",16,4,"unreliable","exp1a_s4_GP_u","GP","GP","G","P","G","P"
"xna1iwtpt",17,2,"unreliable","exp1a_s2_GG_u","GG","GG","G","G","G","G"
"xna1iwtpt",18,8,"unreliable","exp1a_s8_PG_u","PG","GN","P","G","G","N"
"ye626eypb",1,15,"unreliable","exp1a_s15_NN_u","NN","NN","N","N","N","N"
"ye626eypb",2,9,"unreliable","exp1a_s9_PN_u","PN","PN","P","N","P","N"
"ye626eypb",3,5,"unreliable","exp1a_s5_NG_u","NG","NN","N","G","N","N"
"ye626eypb",4,16,"unreliable","exp1a_s16_NP_u","NP","PP","N","P","P","P"
"ye626eypb",5,13,"unreliable","exp1a_s13_GP_u","GP","NP","G","P","N","P"
"ye626eypb",6,14,"unreliable","exp1a_s14_NG_u","NG","NG","N","G","N","G"
"ye626eypb",7,12,"unreliable","exp1a_s12_GN_u","GN","GN","G","N","G","N"
"ye626eypb",8,17,"unreliable","exp1a_s17_PG_u","PG","PP","P","G","P","P"
"ye626eypb",9,10,"unreliable","exp1a_s10_PP_u","PP","PP","P","P","P","P"
"ye626eypb",10,18,"unreliable","exp1a_s18_PN_u","PN","PP","P","N","P","P"
"ye626eypb",11,3,"unreliable","exp1a_s3_GN_u","GN","GG","G","N","G","G"
"ye626eypb",12,8,"unreliable","exp1a_s8_PG_u","PG","PG","P","G","P","G"
"ye626eypb",13,7,"unreliable","exp1a_s7_NP_u","NP","PP","N","P","P","P"
"ye626eypb",14,4,"unreliable","exp1a_s4_GP_u","GP","GP","G","P","G","P"
"ye626eypb",15,11,"unreliable","exp1a_s11_GG_u","GG","GG","G","G","G","G"
"ye626eypb",16,1,"unreliable","exp1a_s1_PP_u","PP","PP","P","P","P","P"
"ye626eypb",17,2,"unreliable","exp1a_s2_GG_u","GG","GG","G","G","G","G"
"ye626eypb",18,6,"unreliable","exp1a_s6_NN_u","NN","GN","N","N","G","N"
"nf6hvb2m1",1,5,"unreliable","exp1a_s5_NP_u","NP","NN","N","P","N","N"
"nf6hvb2m1",2,10,"unreliable","exp1a_s10_GN_u","GN","GN","G","N","G","N"
"nf6hvb2m1",3,14,"unreliable","exp1a_s14_NP_u","NP","NP","N","P","N","P"
"nf6hvb2m1",4,7,"unreliable","exp1a_s7_PN_u","PN","GN","P","N","G","N"
"nf6hvb2m1",5,9,"unreliable","exp1a_s9_GG_u","GG","GN","G","G","G","N"
"nf6hvb2m1",6,3,"unreliable","exp1a_s3_NG_u","NG","NN","N","G","N","N"
"nf6hvb2m1",7,1,"unreliable","exp1a_s1_GN_u","GN","GN","G","N","G","N"
"nf6hvb2m1",8,13,"unreliable","exp1a_s13_NN_u","NN","NN","N","N","N","N"
"nf6hvb2m1",9,18,"unreliable","exp1a_s18_GG_u","GG","NN","G","G","N","N"
"nf6hvb2m1",10,12,"unreliable","exp1a_s12_NG_u","NG","NG","N","G","N","G"
"nf6hvb2m1",11,16,"unreliable","exp1a_s16_PN_u","PN","PN","P","N","P","N"
"nf6hvb2m1",12,17,"unreliable","exp1a_s17_PP_u","PP","PP","P","P","P","P"
"nf6hvb2m1",13,15,"unreliable","exp1a_s15_PG_u","PG","PG","P","G","P","G"
"nf6hvb2m1",14,2,"unreliable","exp1a_s2_GP_u","GP","GP","G","P","G","P"
"nf6hvb2m1",15,6,"unreliable","exp1a_s6_PG_u","PG","PN","P","G","P","N"
"nf6hvb2m1",16,8,"unreliable","exp1a_s8_PP_u","PP","NP","P","P","N","P"
"nf6hvb2m1",17,11,"unreliable","exp1a_s11_GP_u","GP","NP","G","P","N","P"
"nf6hvb2m1",18,4,"unreliable","exp1a_s4_NN_u","NN","PN","N","N","P","N"
"3gawlasmo",1,10,"reliable","exp1a_s10_NN_r","NN","NP","N","N","N","P"
"3gawlasmo",2,4,"reliable","exp1a_s4_PN_r","PN","PN","P","N","P","N"
"3gawlasmo",3,7,"reliable","exp1a_s7_GN_r","GN","GN","G","N","G","N"
"3gawlasmo",4,9,"reliable","exp1a_s9_NG_r","NG","NG","N","G","N","G"
"3gawlasmo",5,14,"reliable","exp1a_s14_PP_r","PP","PP","P","P","P","P"
"3gawlasmo",6,18,"reliable","exp1a_s18_NG_r","NG","NG","N","G","N","G"
"3gawlasmo",7,13,"reliable","exp1a_s13_PN_r","PN","PN","P","N","P","N"
"3gawlasmo",8,2,"reliable","exp1a_s2_NP_r","NP","NP","N","P","N","P"
"3gawlasmo",9,15,"reliable","exp1a_s15_GG_r","GG","GG","G","G","G","G"
"3gawlasmo",10,1,"reliable","exp1a_s1_NN_r","NN","NN","N","N","N","N"
"3gawlasmo",11,3,"reliable","exp1a_s3_PG_r","PG","PG","P","G","P","G"
"3gawlasmo",12,16,"reliable","exp1a_s16_GN_r","GN","GN","G","N","G","N"
"3gawlasmo",13,5,"reliable","exp1a_s5_PP_r","PP","PP","P","P","P","P"
"3gawlasmo",14,6,"reliable","exp1a_s6_GG_r","GG","GG","G","G","G","G"
"3gawlasmo",15,8,"reliable","exp1a_s8_GP_r","GP","GP","G","P","G","P"
"3gawlasmo",16,11,"reliable","exp1a_s11_NP_r","NP","NP","N","P","N","P"
"3gawlasmo",17,17,"reliable","exp1a_s17_GP_r","GP","NP","G","P","N","P"
"3gawlasmo",18,12,"reliable","exp1a_s12_PG_r","PG","PG","P","G","P","G"
"cs6mjzcme",1,4,"reliable","exp1a_s4_GP_r","GP","GP","G","P","G","P"
"cs6mjzcme",2,11,"reliable","exp1a_s11_GG_r","GG","GN","G","G","G","N"
"cs6mjzcme",3,13,"reliable","exp1a_s13_GP_r","GP","GP","G","P","G","P"
"cs6mjzcme",4,12,"reliable","exp1a_s12_GN_r","GN","GN","G","N","G","N"
"cs6mjzcme",5,1,"reliable","exp1a_s1_PP_r","PP","PP","P","P","P","P"
"cs6mjzcme",6,14,"reliable","exp1a_s14_NG_r","NG","NG","N","G","N","G"
"cs6mjzcme",7,7,"reliable","exp1a_s7_NP_r","NP","NP","N","P","N","P"
"cs6mjzcme",8,10,"reliable","exp1a_s10_PP_r","PP","PP","P","P","P","P"
"cs6mjzcme",9,3,"reliable","exp1a_s3_GN_r","GN","GN","G","N","G","N"
"cs6mjzcme",10,8,"reliable","exp1a_s8_PG_r","PG","PG","P","G","P","G"
"cs6mjzcme",11,9,"reliable","exp1a_s9_PN_r","PN","PN","P","N","P","N"
"cs6mjzcme",12,15,"reliable","exp1a_s15_NN_r","NN","NP","N","N","N","P"
"cs6mjzcme",13,17,"reliable","exp1a_s17_PG_r","PG","PG","P","G","P","G"
"cs6mjzcme",14,6,"reliable","exp1a_s6_NN_r","NN","PN","N","N","P","N"
"cs6mjzcme",15,18,"reliable","exp1a_s18_PN_r","PN","NN","P","N","N","N"
"cs6mjzcme",16,2,"reliable","exp1a_s2_GG_r","GG","GG","G","G","G","G"
"cs6mjzcme",17,16,"reliable","exp1a_s16_NP_r","NP","NP","N","P","N","P"
"cs6mjzcme",18,5,"reliable","exp1a_s5_NG_r","NG","GN","N","G","G","N"
"z3a8o9ap4",1,16,"unreliable","exp1a_s16_GN_u","GN","GN","G","N","G","N"
"z3a8o9ap4",2,3,"unreliable","exp1a_s3_PG_u","PG","PG","P","G","P","G"
"z3a8o9ap4",3,10,"unreliable","exp1a_s10_NN_u","NN","PN","N","N","P","N"
"z3a8o9ap4",4,8,"unreliable","exp1a_s8_GP_u","GP","NP","G","P","N","P"
"z3a8o9ap4",5,9,"unreliable","exp1a_s9_NG_u","NG","GG","N","G","G","G"
"z3a8o9ap4",6,2,"unreliable","exp1a_s2_NP_u","NP","GP","N","P","G","P"
"z3a8o9ap4",7,14,"unreliable","exp1a_s14_PP_u","PP","PP","P","P","P","P"
"z3a8o9ap4",8,11,"unreliable","exp1a_s11_NP_u","NP","NP","N","P","N","P"
"z3a8o9ap4",9,17,"unreliable","exp1a_s17_GP_u","GP","GP","G","P","G","P"
"z3a8o9ap4",10,7,"unreliable","exp1a_s7_GN_u","GN","GN","G","N","G","N"
"z3a8o9ap4",11,1,"unreliable","exp1a_s1_NN_u","NN","PP","N","N","P","P"
"z3a8o9ap4",12,15,"unreliable","exp1a_s15_GG_u","GG","GG","G","G","G","G"
"z3a8o9ap4",13,18,"unreliable","exp1a_s18_NG_u","NG","NG","N","G","N","G"
"z3a8o9ap4",14,5,"unreliable","exp1a_s5_PP_u","PP","PP","P","P","P","P"
"z3a8o9ap4",15,4,"unreliable","exp1a_s4_PN_u","PN","PN","P","N","P","N"
"z3a8o9ap4",16,6,"unreliable","exp1a_s6_GG_u","GG","GG","G","G","G","G"
"z3a8o9ap4",17,13,"unreliable","exp1a_s13_PN_u","PN","PP","P","N","P","P"
"z3a8o9ap4",18,12,"unreliable","exp1a_s12_PG_u","PG","PG","P","G","P","G"
"agaj0qmp0",1,4,"unreliable","exp1a_s4_NP_u","NP","NN","N","P","N","N"
"agaj0qmp0",2,18,"unreliable","exp1a_s18_GN_u","GN","GP","G","N","G","P"
"agaj0qmp0",3,17,"unreliable","exp1a_s17_GG_u","GG","GG","G","G","G","G"
"agaj0qmp0",4,7,"unreliable","exp1a_s7_PP_u","PP","NN","P","P","N","N"
"agaj0qmp0",5,5,"unreliable","exp1a_s5_PG_u","PG","NG","P","G","N","G"
"agaj0qmp0",6,11,"unreliable","exp1a_s11_NG_u","NG","PG","N","G","P","G"
"agaj0qmp0",7,1,"unreliable","exp1a_s1_GP_u","GP","GN","G","P","G","N"
"agaj0qmp0",8,12,"unreliable","exp1a_s12_NN_u","NN","GN","N","N","G","N"
"agaj0qmp0",9,2,"unreliable","exp1a_s2_NG_u","NG","NG","N","G","N","G"
"agaj0qmp0",10,8,"unreliable","exp1a_s8_GG_u","GG","GG","G","G","G","G"
"agaj0qmp0",11,6,"unreliable","exp1a_s6_PN_u","PN","PG","P","N","P","G"
"agaj0qmp0",12,10,"unreliable","exp1a_s10_GP_u","GP","GG","G","P","G","G"
"agaj0qmp0",13,16,"unreliable","exp1a_s16_PP_u","PP","PN","P","P","P","N"
"agaj0qmp0",14,14,"unreliable","exp1a_s14_PG_u","PG","PG","P","G","P","G"
"agaj0qmp0",15,13,"unreliable","exp1a_s13_NP_u","NP","GP","N","P","G","P"
"agaj0qmp0",16,9,"unreliable","exp1a_s9_GN_u","GN","GN","G","N","G","N"
"agaj0qmp0",17,15,"unreliable","exp1a_s15_PN_u","PN","NG","P","N","N","G"
"agaj0qmp0",18,3,"unreliable","exp1a_s3_NN_u","NN","NG","N","N","N","G"
"88aeiuip3",1,17,"unreliable","exp1a_s17_GN_u","GN","NP","G","N","N","P"
"88aeiuip3",2,18,"unreliable","exp1a_s18_GP_u","GP","GN","G","P","G","N"
"88aeiuip3",3,2,"unreliable","exp1a_s2_NN_u","NN","PP","N","N","P","P"
"88aeiuip3",4,8,"unreliable","exp1a_s8_GN_u","GN","NP","G","N","N","P"
"88aeiuip3",5,3,"unreliable","exp1a_s3_NP_u","NP","PP","N","P","P","P"
"88aeiuip3",6,1,"unreliable","exp1a_s1_NG_u","NG","PG","N","G","P","G"
"88aeiuip3",7,12,"unreliable","exp1a_s12_NP_u","NP","PP","N","P","P","P"
"88aeiuip3",8,9,"unreliable","exp1a_s9_GP_u","GP","GP","G","P","G","P"
"88aeiuip3",9,10,"unreliable","exp1a_s10_NG_u","NG","NG","N","G","N","G"
"88aeiuip3",10,4,"unreliable","exp1a_s4_PG_u","PG","PG","P","G","P","G"
"88aeiuip3",11,14,"unreliable","exp1a_s14_PN_u","PN","NN","P","N","N","N"
"88aeiuip3",12,11,"unreliable","exp1a_s11_NN_u","NN","PP","N","N","P","P"
"88aeiuip3",13,6,"unreliable","exp1a_s6_PP_u","PP","NN","P","P","N","N"
"88aeiuip3",14,7,"unreliable","exp1a_s7_GG_u","GG","NG","G","G","N","G"
"88aeiuip3",15,13,"unreliable","exp1a_s13_PG_u","PG","PG","P","G","P","G"
"88aeiuip3",16,15,"unreliable","exp1a_s15_PP_u","PP","NP","P","P","N","P"
"88aeiuip3",17,16,"unreliable","exp1a_s16_GG_u","GG","GG","G","G","G","G"
"88aeiuip3",18,5,"unreliable","exp1a_s5_PN_u","PN","PG","P","N","P","G"
"0iaebuupk",1,10,"reliable","exp1a_s10_PP_r","PP","GG","P","P","G","G"
"0iaebuupk",2,17,"reliable","exp1a_s17_PG_r","PG","PP","P","G","P","P"
"0iaebuupk",3,11,"reliable","exp1a_s11_GG_r","GG","GG","G","G","G","G"
"0iaebuupk",4,16,"reliable","exp1a_s16_NP_r","NP","GG","N","P","G","G"
"0iaebuupk",5,12,"reliable","exp1a_s12_GN_r","GN","GG","G","N","G","G"
"0iaebuupk",6,8,"reliable","exp1a_s8_PG_r","PG","PP","P","G","P","P"
"0iaebuupk",7,13,"reliable","exp1a_s13_GP_r","GP","GG","G","P","G","G"
"0iaebuupk",8,2,"reliable","exp1a_s2_GG_r","GG","GG","G","G","G","G"
"0iaebuupk",9,15,"reliable","exp1a_s15_NN_r","NN","GG","N","N","G","G"
"0iaebuupk",10,18,"reliable","exp1a_s18_PN_r","PN","PP","P","N","P","P"
"0iaebuupk",11,6,"reliable","exp1a_s6_NN_r","NN","GG","N","N","G","G"
"0iaebuupk",12,5,"reliable","exp1a_s5_NG_r","NG","GG","N","G","G","G"
"0iaebuupk",13,9,"reliable","exp1a_s9_PN_r","PN","GG","P","N","G","G"
"0iaebuupk",14,7,"reliable","exp1a_s7_NP_r","NP","GG","N","P","G","G"
"0iaebuupk",15,1,"reliable","exp1a_s1_PP_r","PP","GG","P","P","G","G"
"0iaebuupk",16,3,"reliable","exp1a_s3_GN_r","GN","GG","G","N","G","G"
"0iaebuupk",17,14,"reliable","exp1a_s14_NG_r","NG","GG","N","G","G","G"
"0iaebuupk",18,4,"reliable","exp1a_s4_GP_r","GP","GG","G","P","G","G"
"kw6lg0dmo",1,12,"unreliable","exp1a_s12_NG_u","NG","GG","N","G","G","G"
"kw6lg0dmo",2,5,"unreliable","exp1a_s5_NP_u","NP","NP","N","P","N","P"
"kw6lg0dmo",3,3,"unreliable","exp1a_s3_NG_u","NG","NP","N","G","N","P"
"kw6lg0dmo",4,15,"unreliable","exp1a_s15_PG_u","PG","PG","P","G","P","G"
"kw6lg0dmo",5,13,"unreliable","exp1a_s13_NN_u","NN","NN","N","N","N","N"
"kw6lg0dmo",6,7,"unreliable","exp1a_s7_PN_u","PN","PP","P","N","P","P"
"kw6lg0dmo",7,11,"unreliable","exp1a_s11_GP_u","GP","NP","G","P","N","P"
"kw6lg0dmo",8,14,"unreliable","exp1a_s14_NP_u","NP","NN","N","P","N","N"
"kw6lg0dmo",9,1,"unreliable","exp1a_s1_GN_u","GN","GP","G","N","G","P"
"kw6lg0dmo",10,4,"unreliable","exp1a_s4_NN_u","NN","NN","N","N","N","N"
"kw6lg0dmo",11,6,"unreliable","exp1a_s6_PG_u","PG","PG","P","G","P","G"
"kw6lg0dmo",12,2,"unreliable","exp1a_s2_GP_u","GP","GP","G","P","G","P"
"kw6lg0dmo",13,17,"unreliable","exp1a_s17_PP_u","PP","PN","P","P","P","N"
"kw6lg0dmo",14,16,"unreliable","exp1a_s16_PN_u","PN","NN","P","N","N","N"
"kw6lg0dmo",15,9,"unreliable","exp1a_s9_GG_u","GG","GG","G","G","G","G"
"kw6lg0dmo",16,10,"unreliable","exp1a_s10_GN_u","GN","GN","G","N","G","N"
"kw6lg0dmo",17,8,"unreliable","exp1a_s8_PP_u","PP","NN","P","P","N","N"
"kw6lg0dmo",18,18,"unreliable","exp1a_s18_GG_u","GG","GG","G","G","G","G"
"c06oubhpm",1,3,"unreliable","exp1a_s3_PN_u","PN","GG","P","N","G","G"
"c06oubhpm",2,6,"unreliable","exp1a_s6_GN_u","GN","GG","G","N","G","G"
"c06oubhpm",3,11,"unreliable","exp1a_s11_PG_u","PG","GG","P","G","G","G"
"c06oubhpm",4,17,"unreliable","exp1a_s17_NG_u","NG","GG","N","G","G","G"
"c06oubhpm",5,2,"unreliable","exp1a_s2_PG_u","PG","GG","P","G","G","G"
"c06oubhpm",6,8,"unreliable","exp1a_s8_NG_u","NG","GG","N","G","G","G"
"c06oubhpm",7,5,"unreliable","exp1a_s5_GG_u","GG","GG","G","G","G","G"
"c06oubhpm",8,4,"unreliable","exp1a_s4_PP_u","PP","GG","P","P","G","G"
"c06oubhpm",9,16,"unreliable","exp1a_s16_GP_u","GP","GG","G","P","G","G"
"c06oubhpm",10,12,"unreliable","exp1a_s12_PN_u","PN","GG","P","N","G","G"
"c06oubhpm",11,15,"unreliable","exp1a_s15_GN_u","GN","GG","G","N","G","G"
"c06oubhpm",12,14,"unreliable","exp1a_s14_GG_u","GG","GG","G","G","G","G"
"c06oubhpm",13,1,"unreliable","exp1a_s1_NP_u","NP","GG","N","P","G","G"
"c06oubhpm",14,9,"unreliable","exp1a_s9_NN_u","NN","GG","N","N","G","G"
"c06oubhpm",15,10,"unreliable","exp1a_s10_NP_u","NP","GG","N","P","G","G"
"c06oubhpm",16,13,"unreliable","exp1a_s13_PP_u","PP","GG","P","P","G","G"
"c06oubhpm",17,7,"unreliable","exp1a_s7_GP_u","GP","GG","G","P","G","G"
"c06oubhpm",18,18,"unreliable","exp1a_s18_NN_u","NN","GG","N","N","G","G"
"47a6h2kp6",1,14,"unreliable","exp1a_s14_GG_u","GG","GG","G","G","G","G"
"47a6h2kp6",2,18,"unreliable","exp1a_s18_NN_u","NN","PP","N","N","P","P"
"47a6h2kp6",3,5,"unreliable","exp1a_s5_GG_u","GG","GG","G","G","G","G"
"47a6h2kp6",4,7,"unreliable","exp1a_s7_GP_u","GP","GP","G","P","G","P"
"47a6h2kp6",5,9,"unreliable","exp1a_s9_NN_u","NN","PN","N","N","P","N"
"47a6h2kp6",6,8,"unreliable","exp1a_s8_NG_u","NG","GG","N","G","G","G"
"47a6h2kp6",7,10,"unreliable","exp1a_s10_NP_u","NP","NN","N","P","N","N"
"47a6h2kp6",8,6,"unreliable","exp1a_s6_GN_u","GN","GN","G","N","G","N"
"47a6h2kp6",9,1,"unreliable","exp1a_s1_NP_u","NP","PP","N","P","P","P"
"47a6h2kp6",10,13,"unreliable","exp1a_s13_PP_u","PP","PP","P","P","P","P"
"47a6h2kp6",11,16,"unreliable","exp1a_s16_GP_u","GP","GP","G","P","G","P"
"47a6h2kp6",12,11,"unreliable","exp1a_s11_PG_u","PG","PG","P","G","P","G"
"47a6h2kp6",13,4,"unreliable","exp1a_s4_PP_u","PP","NN","P","P","N","N"
"47a6h2kp6",14,3,"unreliable","exp1a_s3_PN_u","PN","NN","P","N","N","N"
"47a6h2kp6",15,2,"unreliable","exp1a_s2_PG_u","PG","PN","P","G","P","N"
"47a6h2kp6",16,17,"unreliable","exp1a_s17_NG_u","NG","NN","N","G","N","N"
"47a6h2kp6",17,12,"unreliable","exp1a_s12_PN_u","PN","PN","P","N","P","N"
"47a6h2kp6",18,15,"unreliable","exp1a_s15_GN_u","GN","GG","G","N","G","G"
"zya1lf5m0",1,7,"reliable","exp1a_s7_PP_r","PP","GN","P","P","G","N"
"zya1lf5m0",2,18,"reliable","exp1a_s18_GN_r","GN","GN","G","N","G","N"
"zya1lf5m0",3,11,"reliable","exp1a_s11_NG_r","NG","GN","N","G","G","N"
"zya1lf5m0",4,17,"reliable","exp1a_s17_GG_r","GG","GN","G","G","G","N"
"zya1lf5m0",5,5,"reliable","exp1a_s5_PG_r","PG","GN","P","G","G","N"
"zya1lf5m0",6,12,"reliable","exp1a_s12_NN_r","NN","GN","N","N","G","N"
"zya1lf5m0",7,6,"reliable","exp1a_s6_PN_r","PN","GN","P","N","G","N"
"zya1lf5m0",8,10,"reliable","exp1a_s10_GP_r","GP","GN","G","P","G","N"
"zya1lf5m0",9,4,"reliable","exp1a_s4_NP_r","NP","GN","N","P","G","N"
"zya1lf5m0",10,3,"reliable","exp1a_s3_NN_r","NN","GN","N","N","G","N"
"zya1lf5m0",11,2,"reliable","exp1a_s2_NG_r","NG","GN","N","G","G","N"
"zya1lf5m0",12,15,"reliable","exp1a_s15_PN_r","PN","GN","P","N","G","N"
"zya1lf5m0",13,9,"reliable","exp1a_s9_GN_r","GN","GN","G","N","G","N"
"zya1lf5m0",14,16,"reliable","exp1a_s16_PP_r","PP","GP","P","P","G","P"
"zya1lf5m0",15,1,"reliable","exp1a_s1_GP_r","GP","GN","G","P","G","N"
"zya1lf5m0",16,13,"reliable","exp1a_s13_NP_r","NP","GN","N","P","G","N"
"zya1lf5m0",17,8,"reliable","exp1a_s8_GG_r","GG","GP","G","G","G","P"
"zya1lf5m0",18,14,"reliable","exp1a_s14_PG_r","PG","PG","P","G","P","G"
"3n6kn6gmx",1,7,"unreliable","exp1a_s7_NP_u","NP","PG","N","P","P","G"
"3n6kn6gmx",2,1,"unreliable","exp1a_s1_PP_u","PP","NG","P","P","N","G"
"3n6kn6gmx",3,4,"unreliable","exp1a_s4_GP_u","GP","GN","G","P","G","N"
"3n6kn6gmx",4,17,"unreliable","exp1a_s17_PG_u","PG","NG","P","G","N","G"
"3n6kn6gmx",5,16,"unreliable","exp1a_s16_NP_u","NP","GP","N","P","G","P"
"3n6kn6gmx",6,15,"unreliable","exp1a_s15_NN_u","NN","PN","N","N","P","N"
"3n6kn6gmx",7,11,"unreliable","exp1a_s11_GG_u","GG","GN","G","G","G","N"
"3n6kn6gmx",8,12,"unreliable","exp1a_s12_GN_u","GN","PG","G","N","P","G"
"3n6kn6gmx",9,9,"unreliable","exp1a_s9_PN_u","PN","GP","P","N","G","P"
"3n6kn6gmx",10,10,"unreliable","exp1a_s10_PP_u","PP","GP","P","P","G","P"
"3n6kn6gmx",11,3,"unreliable","exp1a_s3_GN_u","GN","NP","G","N","N","P"
"3n6kn6gmx",12,2,"unreliable","exp1a_s2_GG_u","GG","PN","G","G","P","N"
"3n6kn6gmx",13,14,"unreliable","exp1a_s14_NG_u","NG","GP","N","G","G","P"
"3n6kn6gmx",14,13,"unreliable","exp1a_s13_GP_u","GP","GP","G","P","G","P"
"3n6kn6gmx",15,18,"unreliable","exp1a_s18_PN_u","PN","PG","P","N","P","G"
"3n6kn6gmx",16,6,"unreliable","exp1a_s6_NN_u","NN","GN","N","N","G","N"
"3n6kn6gmx",17,5,"unreliable","exp1a_s5_NG_u","NG","GP","N","G","G","P"
"3n6kn6gmx",18,8,"unreliable","exp1a_s8_PG_u","PG","GP","P","G","G","P"
"0jaj5typ2",1,12,"reliable","exp1a_s12_PN_r","PN","PP","P","N","P","P"
"0jaj5typ2",2,10,"reliable","exp1a_s10_NP_r","NP","PP","N","P","P","P"
"0jaj5typ2",3,6,"reliable","exp1a_s6_GN_r","GN","PP","G","N","P","P"
"0jaj5typ2",4,4,"reliable","exp1a_s4_PP_r","PP","PP","P","P","P","P"
"0jaj5typ2",5,3,"reliable","exp1a_s3_PN_r","PN","PP","P","N","P","P"
"0jaj5typ2",6,1,"reliable","exp1a_s1_NP_r","NP","PP","N","P","P","P"
"0jaj5typ2",7,8,"reliable","exp1a_s8_NG_r","NG","PP","N","G","P","P"
"0jaj5typ2",8,15,"reliable","exp1a_s15_GN_r","GN","PP","G","N","P","P"
"0jaj5typ2",9,14,"reliable","exp1a_s14_GG_r","GG","PP","G","G","P","P"
"0jaj5typ2",10,7,"reliable","exp1a_s7_GP_r","GP","PP","G","P","P","P"
"0jaj5typ2",11,5,"reliable","exp1a_s5_GG_r","GG","PP","G","G","P","P"
"0jaj5typ2",12,11,"reliable","exp1a_s11_PG_r","PG","PP","P","G","P","P"
"0jaj5typ2",13,17,"reliable","exp1a_s17_NG_r","NG","PP","N","G","P","P"
"0jaj5typ2",14,18,"reliable","exp1a_s18_NN_r","NN","PP","N","N","P","P"
"0jaj5typ2",15,2,"reliable","exp1a_s2_PG_r","PG","PP","P","G","P","P"
"0jaj5typ2",16,9,"reliable","exp1a_s9_NN_r","NN","PP","N","N","P","P"
"0jaj5typ2",17,13,"reliable","exp1a_s13_PP_r","PP","PP","P","P","P","P"
"0jaj5typ2",18,16,"reliable","exp1a_s16_GP_r","GP","PP","G","P","P","P"
"6v6buz3pj",1,16,"reliable","exp1a_s16_NP_r","NP","GP","N","P","G","P"
"6v6buz3pj",2,13,"reliable","exp1a_s13_GP_r","GP","NN","G","P","N","N"
"6v6buz3pj",3,14,"reliable","exp1a_s14_NG_r","NG","PP","N","G","P","P"
"6v6buz3pj",4,7,"reliable","exp1a_s7_NP_r","NP","PP","N","P","P","P"
"6v6buz3pj",5,18,"reliable","exp1a_s18_PN_r","PN","PG","P","N","P","G"
"6v6buz3pj",6,3,"reliable","exp1a_s3_GN_r","GN","GP","G","N","G","P"
"6v6buz3pj",7,9,"reliable","exp1a_s9_PN_r","PN","PP","P","N","P","P"
"6v6buz3pj",8,8,"reliable","exp1a_s8_PG_r","PG","GP","P","G","G","P"
"6v6buz3pj",9,15,"reliable","exp1a_s15_NN_r","NN","GP","N","N","G","P"
"6v6buz3pj",10,4,"reliable","exp1a_s4_GP_r","GP","NG","G","P","N","G"
"6v6buz3pj",11,1,"reliable","exp1a_s1_PP_r","PP","GP","P","P","G","P"
"6v6buz3pj",12,12,"reliable","exp1a_s12_GN_r","GN","PP","G","N","P","P"
"6v6buz3pj",13,17,"reliable","exp1a_s17_PG_r","PG","GG","P","G","G","G"
"6v6buz3pj",14,11,"reliable","exp1a_s11_GG_r","GG","GP","G","G","G","P"
"6v6buz3pj",15,5,"reliable","exp1a_s5_NG_r","NG","GP","N","G","G","P"
"6v6buz3pj",16,2,"reliable","exp1a_s2_GG_r","GG","GG","G","G","G","G"
"6v6buz3pj",17,10,"reliable","exp1a_s10_PP_r","PP","GG","P","P","G","G"
"6v6buz3pj",18,6,"reliable","exp1a_s6_NN_r","NN","GG","N","N","G","G"
"tb6s55kmb",1,6,"unreliable","exp1a_s6_PG_u","PG","PG","P","G","P","G"
"tb6s55kmb",2,16,"unreliable","exp1a_s16_PN_u","PN","PN","P","N","P","N"
"tb6s55kmb",3,1,"unreliable","exp1a_s1_GN_u","GN","GN","G","N","G","N"
"tb6s55kmb",4,5,"unreliable","exp1a_s5_NP_u","NP","NP","N","P","N","P"
"tb6s55kmb",5,3,"unreliable","exp1a_s3_NG_u","NG","NG","N","G","N","G"
"tb6s55kmb",6,9,"unreliable","exp1a_s9_GG_u","GG","GG","G","G","G","G"
"tb6s55kmb",7,13,"unreliable","exp1a_s13_NN_u","NN","NN","N","N","N","N"
"tb6s55kmb",8,15,"unreliable","exp1a_s15_PG_u","PG","NG","P","G","N","G"
"tb6s55kmb",9,18,"unreliable","exp1a_s18_GG_u","GG","GG","G","G","G","G"
"tb6s55kmb",10,10,"unreliable","exp1a_s10_GN_u","GN","GG","G","N","G","G"
"tb6s55kmb",11,14,"unreliable","exp1a_s14_NP_u","NP","NP","N","P","N","P"
"tb6s55kmb",12,12,"unreliable","exp1a_s12_NG_u","NG","GG","N","G","G","G"
"tb6s55kmb",13,2,"unreliable","exp1a_s2_GP_u","GP","NN","G","P","N","N"
"tb6s55kmb",14,17,"unreliable","exp1a_s17_PP_u","PP","PP","P","P","P","P"
"tb6s55kmb",15,7,"unreliable","exp1a_s7_PN_u","PN","NP","P","N","N","P"
"tb6s55kmb",16,4,"unreliable","exp1a_s4_NN_u","NN","NG","N","N","N","G"
"tb6s55kmb",17,11,"unreliable","exp1a_s11_GP_u","GP","NP","G","P","N","P"
"tb6s55kmb",18,8,"unreliable","exp1a_s8_PP_u","PP","NP","P","P","N","P"
"mo63k08pk",1,5,"unreliable","exp1a_s5_PP_u","PP","PG","P","P","P","G"
"mo63k08pk",2,4,"unreliable","exp1a_s4_PN_u","PN","PG","P","N","P","G"
"mo63k08pk",3,1,"unreliable","exp1a_s1_NN_u","NN","PG","N","N","P","G"
"mo63k08pk",4,9,"unreliable","exp1a_s9_NG_u","NG","NG","N","G","N","G"
"mo63k08pk",5,14,"unreliable","exp1a_s14_PP_u","PP","PG","P","P","P","G"
"mo63k08pk",6,8,"unreliable","exp1a_s8_GP_u","GP","GN","G","P","G","N"
"mo63k08pk",7,3,"unreliable","exp1a_s3_PG_u","PG","PG","P","G","P","G"
"mo63k08pk",8,13,"unreliable","exp1a_s13_PN_u","PN","GP","P","N","G","P"
"mo63k08pk",9,15,"unreliable","exp1a_s15_GG_u","GG","GP","G","G","G","P"
"mo63k08pk",10,2,"unreliable","exp1a_s2_NP_u","NP","GP","N","P","G","P"
"mo63k08pk",11,6,"unreliable","exp1a_s6_GG_u","GG","GG","G","G","G","G"
"mo63k08pk",12,11,"unreliable","exp1a_s11_NP_u","NP","PG","N","P","P","G"
"mo63k08pk",13,17,"unreliable","exp1a_s17_GP_u","GP","GP","G","P","G","P"
"mo63k08pk",14,12,"unreliable","exp1a_s12_PG_u","PG","PG","P","G","P","G"
"mo63k08pk",15,18,"unreliable","exp1a_s18_NG_u","NG","PG","N","G","P","G"
"mo63k08pk",16,7,"unreliable","exp1a_s7_GN_u","GN","PG","G","N","P","G"
"mo63k08pk",17,10,"unreliable","exp1a_s10_NN_u","NN","GN","N","N","G","N"
"mo63k08pk",18,16,"unreliable","exp1a_s16_GN_u","GN","GP","G","N","G","P"
"ae6wl1zpg",1,4,"reliable","exp1a_s4_NN_r","NN","NN","N","N","N","N"
"ae6wl1zpg",2,18,"reliable","exp1a_s18_GG_r","GG","NG","G","G","N","G"
"ae6wl1zpg",3,12,"reliable","exp1a_s12_NG_r","NG","NG","N","G","N","G"
"ae6wl1zpg",4,2,"reliable","exp1a_s2_GP_r","GP","GP","G","P","G","P"
"ae6wl1zpg",5,3,"reliable","exp1a_s3_NG_r","NG","PG","N","G","P","G"
"ae6wl1zpg",6,6,"reliable","exp1a_s6_PG_r","PG","PG","P","G","P","G"
"ae6wl1zpg",7,10,"reliable","exp1a_s10_GN_r","GN","GN","G","N","G","N"
"ae6wl1zpg",8,13,"reliable","exp1a_s13_NN_r","NN","NN","N","N","N","N"
"ae6wl1zpg",9,15,"reliable","exp1a_s15_PG_r","PG","PG","P","G","P","G"
"ae6wl1zpg",10,17,"reliable","exp1a_s17_PP_r","PP","NP","P","P","N","P"
"ae6wl1zpg",11,9,"reliable","exp1a_s9_GG_r","GG","GG","G","G","G","G"
"ae6wl1zpg",12,16,"reliable","exp1a_s16_PN_r","PN","PN","P","N","P","N"
"ae6wl1zpg",13,1,"reliable","exp1a_s1_GN_r","GN","GN","G","N","G","N"
"ae6wl1zpg",14,8,"reliable","exp1a_s8_PP_r","PP","PP","P","P","P","P"
"ae6wl1zpg",15,7,"reliable","exp1a_s7_PN_r","PN","PN","P","N","P","N"
"ae6wl1zpg",16,5,"reliable","exp1a_s5_NP_r","NP","NP","N","P","N","P"
"ae6wl1zpg",17,11,"reliable","exp1a_s11_GP_r","GP","GP","G","P","G","P"
"ae6wl1zpg",18,14,"reliable","exp1a_s14_NP_r","NP","NP","N","P","N","P"
"vdacl86pp",1,17,"reliable","exp1a_s17_PG_r","PG","NP","P","G","N","P"
"vdacl86pp",2,2,"reliable","exp1a_s2_GG_r","GG","GG","G","G","G","G"
"vdacl86pp",3,10,"reliable","exp1a_s10_PP_r","PP","NN","P","P","N","N"
"vdacl86pp",4,11,"reliable","exp1a_s11_GG_r","GG","NG","G","G","N","G"
"vdacl86pp",5,18,"reliable","exp1a_s18_PN_r","PN","NN","P","N","N","N"
"vdacl86pp",6,13,"reliable","exp1a_s13_GP_r","GP","NG","G","P","N","G"
"vdacl86pp",7,3,"reliable","exp1a_s3_GN_r","GN","GP","G","N","G","P"
"vdacl86pp",8,14,"reliable","exp1a_s14_NG_r","NG","NN","N","G","N","N"
"vdacl86pp",9,1,"reliable","exp1a_s1_PP_r","PP","NN","P","P","N","N"
"vdacl86pp",10,4,"reliable","exp1a_s4_GP_r","GP","GN","G","P","G","N"
"vdacl86pp",11,8,"reliable","exp1a_s8_PG_r","PG","NN","P","G","N","N"
"vdacl86pp",12,5,"reliable","exp1a_s5_NG_r","NG","NG","N","G","N","G"
"vdacl86pp",13,6,"reliable","exp1a_s6_NN_r","NN","GP","N","N","G","P"
"vdacl86pp",14,16,"reliable","exp1a_s16_NP_r","NP","GG","N","P","G","G"
"vdacl86pp",15,12,"reliable","exp1a_s12_GN_r","GN","GG","G","N","G","G"
"vdacl86pp",16,15,"reliable","exp1a_s15_NN_r","NN","NN","N","N","N","N"
"vdacl86pp",17,9,"reliable","exp1a_s9_PN_r","PN","NN","P","N","N","N"
"vdacl86pp",18,7,"reliable","exp1a_s7_NP_r","NP","GG","N","P","G","G"
"tv6tkadm3",1,9,"unreliable","exp1a_s9_PN_u","PN","PN","P","N","P","N"
"tv6tkadm3",2,2,"unreliable","exp1a_s2_GG_u","GG","GG","G","G","G","G"
"tv6tkadm3",3,5,"unreliable","exp1a_s5_NG_u","NG","GN","N","G","G","N"
"tv6tkadm3",4,10,"unreliable","exp1a_s10_PP_u","PP","PN","P","P","P","N"
"tv6tkadm3",5,15,"unreliable","exp1a_s15_NN_u","NN","GG","N","N","G","G"
"tv6tkadm3",6,14,"unreliable","exp1a_s14_NG_u","NG","GG","N","G","G","G"
"tv6tkadm3",7,4,"unreliable","exp1a_s4_GP_u","GP","PP","G","P","P","P"
"tv6tkadm3",8,1,"unreliable","exp1a_s1_PP_u","PP","PN","P","P","P","N"
"tv6tkadm3",9,3,"unreliable","exp1a_s3_GN_u","GN","GG","G","N","G","G"
"tv6tkadm3",10,17,"unreliable","exp1a_s17_PG_u","PG","NG","P","G","N","G"
"tv6tkadm3",11,6,"unreliable","exp1a_s6_NN_u","NN","GN","N","N","G","N"
"tv6tkadm3",12,8,"unreliable","exp1a_s8_PG_u","PG","NG","P","G","N","G"
"tv6tkadm3",13,7,"unreliable","exp1a_s7_NP_u","NP","PP","N","P","P","P"
"tv6tkadm3",14,13,"unreliable","exp1a_s13_GP_u","GP","GP","G","P","G","P"
"tv6tkadm3",15,16,"unreliable","exp1a_s16_NP_u","NP","NP","N","P","N","P"
"tv6tkadm3",16,11,"unreliable","exp1a_s11_GG_u","GG","GG","G","G","G","G"
"tv6tkadm3",17,12,"unreliable","exp1a_s12_GN_u","GN","GN","G","N","G","N"
"tv6tkadm3",18,18,"unreliable","exp1a_s18_PN_u","PN","PP","P","N","P","P"
"qp68n35pt",1,9,"unreliable","exp1a_s9_PN_u","PN","NP","P","N","N","P"
"qp68n35pt",2,3,"unreliable","exp1a_s3_GN_u","GN","GP","G","N","G","P"
"qp68n35pt",3,4,"unreliable","exp1a_s4_GP_u","GP","GN","G","P","G","N"
"qp68n35pt",4,10,"unreliable","exp1a_s10_PP_u","PP","NN","P","P","N","N"
"qp68n35pt",5,12,"unreliable","exp1a_s12_GN_u","GN","GP","G","N","G","P"
"qp68n35pt",6,8,"unreliable","exp1a_s8_PG_u","PG","PN","P","G","P","N"
"qp68n35pt",7,5,"unreliable","exp1a_s5_NG_u","NG","NG","N","G","N","G"
"qp68n35pt",8,6,"unreliable","exp1a_s6_NN_u","NN","PP","N","N","P","P"
"qp68n35pt",9,1,"unreliable","exp1a_s1_PP_u","PP","NN","P","P","N","N"
"qp68n35pt",10,11,"unreliable","exp1a_s11_GG_u","GG","GG","G","G","G","G"
"qp68n35pt",11,16,"unreliable","exp1a_s16_NP_u","NP","GN","N","P","G","N"
"qp68n35pt",12,18,"unreliable","exp1a_s18_PN_u","PN","NN","P","N","N","N"
"qp68n35pt",13,7,"unreliable","exp1a_s7_NP_u","NP","NN","N","P","N","N"
"qp68n35pt",14,2,"unreliable","exp1a_s2_GG_u","GG","GG","G","G","G","G"
"qp68n35pt",15,13,"unreliable","exp1a_s13_GP_u","GP","GN","G","P","G","N"
"qp68n35pt",16,14,"unreliable","exp1a_s14_NG_u","NG","PG","N","G","P","G"
"qp68n35pt",17,17,"unreliable","exp1a_s17_PG_u","PG","NP","P","G","N","P"
"qp68n35pt",18,15,"unreliable","exp1a_s15_NN_u","NN","NN","N","N","N","N"
"t66znb1mz",1,12,"unreliable","exp1a_s12_NN_u","NN","PG","N","N","P","G"
"t66znb1mz",2,5,"unreliable","exp1a_s5_PG_u","PG","GG","P","G","G","G"
"t66znb1mz",3,9,"unreliable","exp1a_s9_GN_u","GN","GG","G","N","G","G"
"t66znb1mz",4,2,"unreliable","exp1a_s2_NG_u","NG","GP","N","G","G","P"
"t66znb1mz",5,8,"unreliable","exp1a_s8_GG_u","GG","GP","G","G","G","P"
"t66znb1mz",6,1,"unreliable","exp1a_s1_GP_u","GP","GP","G","P","G","P"
"t66znb1mz",7,13,"unreliable","exp1a_s13_NP_u","NP","PG","N","P","P","G"
"t66znb1mz",8,15,"unreliable","exp1a_s15_PN_u","PN","PG","P","N","P","G"
"t66znb1mz",9,10,"unreliable","exp1a_s10_GP_u","GP","PG","G","P","P","G"
"t66znb1mz",10,11,"unreliable","exp1a_s11_NG_u","NG","NG","N","G","N","G"
"t66znb1mz",11,7,"unreliable","exp1a_s7_PP_u","PP","NP","P","P","N","P"
"t66znb1mz",12,6,"unreliable","exp1a_s6_PN_u","PN","PN","P","N","P","N"
"t66znb1mz",13,3,"unreliable","exp1a_s3_NN_u","NN","GN","N","N","G","N"
"t66znb1mz",14,17,"unreliable","exp1a_s17_GG_u","GG","PP","G","G","P","P"
"t66znb1mz",15,14,"unreliable","exp1a_s14_PG_u","PG","GP","P","G","G","P"
"t66znb1mz",16,16,"unreliable","exp1a_s16_PP_u","PP","PN","P","P","P","N"
"t66znb1mz",17,4,"unreliable","exp1a_s4_NP_u","NP","PP","N","P","P","P"
"t66znb1mz",18,18,"unreliable","exp1a_s18_GN_u","GN","NG","G","N","N","G"
"z36hph5m0",1,9,"reliable","exp1a_s9_NN_r","NN","NP","N","N","N","P"
"z36hph5m0",2,3,"reliable","exp1a_s3_PN_r","PN","PN","P","N","P","N"
"z36hph5m0",3,1,"reliable","exp1a_s1_NP_r","NP","NP","N","P","N","P"
"z36hph5m0",4,12,"reliable","exp1a_s12_PN_r","PN","PN","P","N","P","N"
"z36hph5m0",5,2,"reliable","exp1a_s2_PG_r","PG","NG","P","G","N","G"
"z36hph5m0",6,8,"reliable","exp1a_s8_NG_r","NG","NN","N","G","N","N"
"z36hph5m0",7,13,"reliable","exp1a_s13_PP_r","PP","PP","P","P","P","P"
"z36hph5m0",8,16,"reliable","exp1a_s16_GP_r","GP","GN","G","P","G","N"
"z36hph5m0",9,17,"reliable","exp1a_s17_NG_r","NG","NG","N","G","N","G"
"z36hph5m0",10,18,"reliable","exp1a_s18_NN_r","NN","PN","N","N","P","N"
"z36hph5m0",11,6,"reliable","exp1a_s6_GN_r","GN","GN","G","N","G","N"
"z36hph5m0",12,11,"reliable","exp1a_s11_PG_r","PG","PN","P","G","P","N"
"z36hph5m0",13,5,"reliable","exp1a_s5_GG_r","GG","GN","G","G","G","N"
"z36hph5m0",14,10,"reliable","exp1a_s10_NP_r","NP","NN","N","P","N","N"
"z36hph5m0",15,15,"reliable","exp1a_s15_GN_r","GN","PG","G","N","P","G"
"z36hph5m0",16,14,"reliable","exp1a_s14_GG_r","GG","GG","G","G","G","G"
"z36hph5m0",17,7,"reliable","exp1a_s7_GP_r","GP","GN","G","P","G","N"
"z36hph5m0",18,4,"reliable","exp1a_s4_PP_r","PP","NP","P","P","N","P"
"f063xwama",1,18,"reliable","exp1a_s18_NG_r","NG","NG","N","G","N","G"
"f063xwama",2,13,"reliable","exp1a_s13_PN_r","PN","PN","P","N","P","N"
"f063xwama",3,10,"reliable","exp1a_s10_NN_r","NN","NN","N","N","N","N"
"f063xwama",4,11,"reliable","exp1a_s11_NP_r","NP","NN","N","P","N","N"
"f063xwama",5,6,"reliable","exp1a_s6_GG_r","GG","GG","G","G","G","G"
"f063xwama",6,5,"reliable","exp1a_s5_PP_r","PP","PN","P","P","P","N"
"f063xwama",7,3,"reliable","exp1a_s3_PG_r","PG","PG","P","G","P","G"
"f063xwama",8,2,"reliable","exp1a_s2_NP_r","NP","GN","N","P","G","N"
"f063xwama",9,16,"reliable","exp1a_s16_GN_r","GN","GG","G","N","G","G"
"f063xwama",10,12,"reliable","exp1a_s12_PG_r","PG","NG","P","G","N","G"
"f063xwama",11,17,"reliable","exp1a_s17_GP_r","GP","NP","G","P","N","P"
"f063xwama",12,4,"reliable","exp1a_s4_PN_r","PN","PN","P","N","P","N"
"f063xwama",13,14,"reliable","exp1a_s14_PP_r","PP","PP","P","P","P","P"
"f063xwama",14,9,"reliable","exp1a_s9_NG_r","NG","NG","N","G","N","G"
"f063xwama",15,1,"reliable","exp1a_s1_NN_r","NN","NN","N","N","N","N"
"f063xwama",16,7,"reliable","exp1a_s7_GN_r","GN","GN","G","N","G","N"
"f063xwama",17,8,"reliable","exp1a_s8_GP_r","GP","NN","G","P","N","N"
"f063xwama",18,15,"reliable","exp1a_s15_GG_r","GG","NN","G","G","N","N"
"zh6ddn8ms",1,8,"unreliable","exp1a_s8_NG_u","NG","PG","N","G","P","G"
"zh6ddn8ms",2,1,"unreliable","exp1a_s1_NP_u","NP","PP","N","P","P","P"
"zh6ddn8ms",3,17,"unreliable","exp1a_s17_NG_u","NG","GN","N","G","G","N"
"zh6ddn8ms",4,18,"unreliable","exp1a_s18_NN_u","NN","PP","N","N","P","P"
"zh6ddn8ms",5,15,"unreliable","exp1a_s15_GN_u","GN","GN","G","N","G","N"
"zh6ddn8ms",6,10,"unreliable","exp1a_s10_NP_u","NP","PP","N","P","P","P"
"zh6ddn8ms",7,4,"unreliable","exp1a_s4_PP_u","PP","PN","P","P","P","N"
"zh6ddn8ms",8,7,"unreliable","exp1a_s7_GP_u","GP","GP","G","P","G","P"
"zh6ddn8ms",9,9,"unreliable","exp1a_s9_NN_u","NN","NN","N","N","N","N"
"zh6ddn8ms",10,16,"unreliable","exp1a_s16_GP_u","GP","GP","G","P","G","P"
"zh6ddn8ms",11,12,"unreliable","exp1a_s12_PN_u","PN","PN","P","N","P","N"
"zh6ddn8ms",12,5,"unreliable","exp1a_s5_GG_u","GG","GG","G","G","G","G"
"zh6ddn8ms",13,2,"unreliable","exp1a_s2_PG_u","PG","GN","P","G","G","N"
"zh6ddn8ms",14,6,"unreliable","exp1a_s6_GN_u","GN","GG","G","N","G","G"
"zh6ddn8ms",15,3,"unreliable","exp1a_s3_PN_u","PN","PP","P","N","P","P"
"zh6ddn8ms",16,13,"unreliable","exp1a_s13_PP_u","PP","NN","P","P","N","N"
"zh6ddn8ms",17,11,"unreliable","exp1a_s11_PG_u","PG","PN","P","G","P","N"
"zh6ddn8ms",18,14,"unreliable","exp1a_s14_GG_u","GG","GG","G","G","G","G"
"qx6qjgpm4",1,1,"reliable","exp1a_s1_GG_r","GG","GG","G","G","G","G"
"qx6qjgpm4",2,14,"reliable","exp1a_s14_NN_r","NN","NP","N","N","N","P"
"qx6qjgpm4",3,2,"reliable","exp1a_s2_GN_r","GN","GN","G","N","G","N"
"qx6qjgpm4",4,4,"reliable","exp1a_s4_NG_r","NG","NG","N","G","N","G"
"qx6qjgpm4",5,16,"reliable","exp1a_s16_PG_r","PG","PG","P","G","P","G"
"qx6qjgpm4",6,11,"reliable","exp1a_s11_GN_r","GN","GN","G","N","G","N"
"qx6qjgpm4",7,5,"reliable","exp1a_s5_NN_r","NN","NP","N","N","N","P"
"qx6qjgpm4",8,8,"reliable","exp1a_s8_PN_r","PN","PN","P","N","P","N"
"qx6qjgpm4",9,12,"reliable","exp1a_s12_GP_r","GP","GP","G","P","G","P"
"qx6qjgpm4",10,7,"reliable","exp1a_s7_PG_r","PG","PG","P","G","P","G"
"qx6qjgpm4",11,6,"reliable","exp1a_s6_NP_r","NP","PN","N","P","P","N"
"qx6qjgpm4",12,3,"reliable","exp1a_s3_GP_r","GP","GP","G","P","G","P"
"qx6qjgpm4",13,13,"reliable","exp1a_s13_NG_r","NG","PG","N","G","P","G"
"qx6qjgpm4",14,18,"reliable","exp1a_s18_PP_r","PP","PP","P","P","P","P"
"qx6qjgpm4",15,17,"reliable","exp1a_s17_PN_r","PN","PN","P","N","P","N"
"qx6qjgpm4",16,15,"reliable","exp1a_s15_NP_r","NP","NP","N","P","N","P"
"qx6qjgpm4",17,10,"reliable","exp1a_s10_GG_r","GG","GG","G","G","G","G"
"qx6qjgpm4",18,9,"reliable","exp1a_s9_PP_r","PP","PP","P","P","P","P"
"k2akmnop6",1,13,"unreliable","exp1a_s13_NP_u","NP","PN","N","P","P","N"
"k2akmnop6",2,12,"unreliable","exp1a_s12_NN_u","NN","NN","N","N","N","N"
"k2akmnop6",3,14,"unreliable","exp1a_s14_PG_u","PG","GG","P","G","G","G"
"k2akmnop6",4,17,"unreliable","exp1a_s17_GG_u","GG","PN","G","G","P","N"
"k2akmnop6",5,6,"unreliable","exp1a_s6_PN_u","PN","PG","P","N","P","G"
"k2akmnop6",6,5,"unreliable","exp1a_s5_PG_u","PG","GG","P","G","G","G"
"k2akmnop6",7,7,"unreliable","exp1a_s7_PP_u","PP","GG","P","P","G","G"
"k2akmnop6",8,9,"unreliable","exp1a_s9_GN_u","GN","GG","G","N","G","G"
"k2akmnop6",9,10,"unreliable","exp1a_s10_GP_u","GP","GG","G","P","G","G"
"k2akmnop6",10,15,"unreliable","exp1a_s15_PN_u","PN","GG","P","N","G","G"
"k2akmnop6",11,2,"unreliable","exp1a_s2_NG_u","NG","GG","N","G","G","G"
"k2akmnop6",12,18,"unreliable","exp1a_s18_GN_u","GN","GG","G","N","G","G"
"k2akmnop6",13,8,"unreliable","exp1a_s8_GG_u","GG","GG","G","G","G","G"
"k2akmnop6",14,1,"unreliable","exp1a_s1_GP_u","GP","GG","G","P","G","G"
"k2akmnop6",15,11,"unreliable","exp1a_s11_NG_u","NG","GG","N","G","G","G"
"k2akmnop6",16,16,"unreliable","exp1a_s16_PP_u","PP","GG","P","P","G","G"
"k2akmnop6",17,3,"unreliable","exp1a_s3_NN_u","NN","GG","N","N","G","G"
"k2akmnop6",18,4,"unreliable","exp1a_s4_NP_u","NP","GG","N","P","G","G"
"w4aivkom8",1,4,"reliable","exp1a_s4_NP_r","NP","PP","N","P","P","P"
"w4aivkom8",2,9,"reliable","exp1a_s9_GN_r","GN","PN","G","N","P","N"
"w4aivkom8",3,5,"reliable","exp1a_s5_PG_r","PG","PN","P","G","P","N"
"w4aivkom8",4,18,"reliable","exp1a_s18_GN_r","GN","GN","G","N","G","N"
"w4aivkom8",5,8,"reliable","exp1a_s8_GG_r","GG","GN","G","G","G","N"
"w4aivkom8",6,3,"reliable","exp1a_s3_NN_r","NN","PN","N","N","P","N"
"w4aivkom8",7,16,"reliable","exp1a_s16_PP_r","PP","PP","P","P","P","P"
"w4aivkom8",8,11,"reliable","exp1a_s11_NG_r","NG","GG","N","G","G","G"
"w4aivkom8",9,15,"reliable","exp1a_s15_PN_r","PN","PN","P","N","P","N"
"w4aivkom8",10,1,"reliable","exp1a_s1_GP_r","GP","GP","G","P","G","P"
"w4aivkom8",11,14,"reliable","exp1a_s14_PG_r","PG","PN","P","G","P","N"
"w4aivkom8",12,12,"reliable","exp1a_s12_NN_r","NN","NN","N","N","N","N"
"w4aivkom8",13,13,"reliable","exp1a_s13_NP_r","NP","NP","N","P","N","P"
"w4aivkom8",14,6,"reliable","exp1a_s6_PN_r","PN","PP","P","N","P","P"
"w4aivkom8",15,10,"reliable","exp1a_s10_GP_r","GP","GP","G","P","G","P"
"w4aivkom8",16,17,"reliable","exp1a_s17_GG_r","GG","NG","G","G","N","G"
"w4aivkom8",17,2,"reliable","exp1a_s2_NG_r","NG","NG","N","G","N","G"
"w4aivkom8",18,7,"reliable","exp1a_s7_PP_r","PP","PP","P","P","P","P"
"rk65wnkpr",1,18,"unreliable","exp1a_s18_GP_u","GP","PN","G","P","P","N"
"rk65wnkpr",2,3,"unreliable","exp1a_s3_NP_u","NP","NN","N","P","N","N"
"rk65wnkpr",3,5,"unreliable","exp1a_s5_PN_u","PN","NN","P","N","N","N"
"rk65wnkpr",4,17,"unreliable","exp1a_s17_GN_u","GN","PN","G","N","P","N"
"rk65wnkpr",5,2,"unreliable","exp1a_s2_NN_u","NN","NP","N","N","N","P"
"rk65wnkpr",6,16,"unreliable","exp1a_s16_GG_u","GG","GG","G","G","G","G"
"rk65wnkpr",7,6,"unreliable","exp1a_s6_PP_u","PP","NN","P","P","N","N"
"rk65wnkpr",8,7,"unreliable","exp1a_s7_GG_u","GG","GG","G","G","G","G"
"rk65wnkpr",9,9,"unreliable","exp1a_s9_GP_u","GP","GN","G","P","G","N"
"rk65wnkpr",10,12,"unreliable","exp1a_s12_NP_u","NP","NN","N","P","N","N"
"rk65wnkpr",11,13,"unreliable","exp1a_s13_PG_u","PG","PG","P","G","P","G"
"rk65wnkpr",12,10,"unreliable","exp1a_s10_NG_u","NG","NG","N","G","N","G"
"rk65wnkpr",13,14,"unreliable","exp1a_s14_PN_u","PN","NN","P","N","N","N"
"rk65wnkpr",14,11,"unreliable","exp1a_s11_NN_u","NN","NN","N","N","N","N"
"rk65wnkpr",15,8,"unreliable","exp1a_s8_GN_u","GN","NN","G","N","N","N"
"rk65wnkpr",16,15,"unreliable","exp1a_s15_PP_u","PP","NN","P","P","N","N"
"rk65wnkpr",17,1,"unreliable","exp1a_s1_NG_u","NG","NG","N","G","N","G"
"rk65wnkpr",18,4,"unreliable","exp1a_s4_PG_u","PG","NG","P","G","N","G"
"9q6vyytm2",1,15,"unreliable","exp1a_s15_PP_u","PP","PP","P","P","P","P"
"9q6vyytm2",2,5,"unreliable","exp1a_s5_PN_u","PN","NP","P","N","N","P"
"9q6vyytm2",3,10,"unreliable","exp1a_s10_NG_u","NG","NG","N","G","N","G"
"9q6vyytm2",4,11,"unreliable","exp1a_s11_NN_u","NN","NN","N","N","N","N"
"9q6vyytm2",5,4,"unreliable","exp1a_s4_PG_u","PG","NG","P","G","N","G"
"9q6vyytm2",6,16,"unreliable","exp1a_s16_GG_u","GG","GG","G","G","G","G"
"9q6vyytm2",7,6,"unreliable","exp1a_s6_PP_u","PP","NP","P","P","N","P"
"9q6vyytm2",8,17,"unreliable","exp1a_s17_GN_u","GN","GN","G","N","G","N"
"9q6vyytm2",9,1,"unreliable","exp1a_s1_NG_u","NG","NG","N","G","N","G"
"9q6vyytm2",10,8,"unreliable","exp1a_s8_GN_u","GN","NN","G","N","N","N"
"9q6vyytm2",11,12,"unreliable","exp1a_s12_NP_u","NP","NP","N","P","N","P"
"9q6vyytm2",12,13,"unreliable","exp1a_s13_PG_u","PG","NG","P","G","N","G"
"9q6vyytm2",13,7,"unreliable","exp1a_s7_GG_u","GG","GG","G","G","G","G"
"9q6vyytm2",14,9,"unreliable","exp1a_s9_GP_u","GP","GN","G","P","G","N"
"9q6vyytm2",15,14,"unreliable","exp1a_s14_PN_u","PN","PN","P","N","P","N"
"9q6vyytm2",16,2,"unreliable","exp1a_s2_NN_u","NN","NN","N","N","N","N"
"9q6vyytm2",17,18,"unreliable","exp1a_s18_GP_u","GP","GP","G","P","G","P"
"9q6vyytm2",18,3,"unreliable","exp1a_s3_NP_u","NP","PN","N","P","P","N"
"ejav3erpx",1,12,"unreliable","exp1a_s12_NG_u","NG","NN","N","G","N","N"
"ejav3erpx",2,10,"unreliable","exp1a_s10_GN_u","GN","PP","G","N","P","P"
"ejav3erpx",3,15,"unreliable","exp1a_s15_PG_u","PG","NG","P","G","N","G"
"ejav3erpx",4,9,"unreliable","exp1a_s9_GG_u","GG","GP","G","G","G","P"
"ejav3erpx",5,5,"unreliable","exp1a_s5_NP_u","NP","NN","N","P","N","N"
"ejav3erpx",6,4,"unreliable","exp1a_s4_NN_u","NN","NN","N","N","N","N"
"ejav3erpx",7,2,"unreliable","exp1a_s2_GP_u","GP","NN","G","P","N","N"
"ejav3erpx",8,16,"unreliable","exp1a_s16_PN_u","PN","NN","P","N","N","N"
"ejav3erpx",9,6,"unreliable","exp1a_s6_PG_u","PG","NP","P","G","N","P"
"ejav3erpx",10,11,"unreliable","exp1a_s11_GP_u","GP","NN","G","P","N","N"
"ejav3erpx",11,13,"unreliable","exp1a_s13_NN_u","NN","PN","N","N","P","N"
"ejav3erpx",12,7,"unreliable","exp1a_s7_PN_u","PN","NN","P","N","N","N"
"ejav3erpx",13,8,"unreliable","exp1a_s8_PP_u","PP","NN","P","P","N","N"
"ejav3erpx",14,14,"unreliable","exp1a_s14_NP_u","NP","NN","N","P","N","N"
"ejav3erpx",15,1,"unreliable","exp1a_s1_GN_u","GN","PN","G","N","P","N"
"ejav3erpx",16,3,"unreliable","exp1a_s3_NG_u","NG","NN","N","G","N","N"
"ejav3erpx",17,17,"unreliable","exp1a_s17_PP_u","PP","NN","P","P","N","N"
"ejav3erpx",18,18,"unreliable","exp1a_s18_GG_u","GG","GN","G","G","G","N"
"lwaoygwp7",1,7,"unreliable","exp1a_s7_GP_u","GP","GN","G","P","G","N"
"lwaoygwp7",2,9,"unreliable","exp1a_s9_NN_u","NN","GP","N","N","G","P"
"lwaoygwp7",3,5,"unreliable","exp1a_s5_GG_u","GG","GG","G","G","G","G"
"lwaoygwp7",4,16,"unreliable","exp1a_s16_GP_u","GP","GN","G","P","G","N"
"lwaoygwp7",5,10,"unreliable","exp1a_s10_NP_u","NP","NN","N","P","N","N"
"lwaoygwp7",6,3,"unreliable","exp1a_s3_PN_u","PN","PG","P","N","P","G"
"lwaoygwp7",7,15,"unreliable","exp1a_s15_GN_u","GN","GG","G","N","G","G"
"lwaoygwp7",8,8,"unreliable","exp1a_s8_NG_u","NG","NG","N","G","N","G"
"lwaoygwp7",9,4,"unreliable","exp1a_s4_PP_u","PP","NN","P","P","N","N"
"lwaoygwp7",10,6,"unreliable","exp1a_s6_GN_u","GN","GN","G","N","G","N"
"lwaoygwp7",11,2,"unreliable","exp1a_s2_PG_u","PG","NG","P","G","N","G"
"lwaoygwp7",12,14,"unreliable","exp1a_s14_GG_u","GG","GG","G","G","G","G"
"lwaoygwp7",13,18,"unreliable","exp1a_s18_NN_u","NN","PG","N","N","P","G"
"lwaoygwp7",14,17,"unreliable","exp1a_s17_NG_u","NG","NG","N","G","N","G"
"lwaoygwp7",15,11,"unreliable","exp1a_s11_PG_u","PG","NG","P","G","N","G"
"lwaoygwp7",16,13,"unreliable","exp1a_s13_PP_u","PP","NN","P","P","N","N"
"lwaoygwp7",17,1,"unreliable","exp1a_s1_NP_u","NP","NN","N","P","N","N"
"lwaoygwp7",18,12,"unreliable","exp1a_s12_PN_u","PN","NN","P","N","N","N"
"iaaw8v9my",1,10,"unreliable","exp1a_s10_NG_u","NG","NG","N","G","N","G"
"iaaw8v9my",2,13,"unreliable","exp1a_s13_PG_u","PG","PG","P","G","P","G"
"iaaw8v9my",3,8,"unreliable","exp1a_s8_GN_u","GN","NN","G","N","N","N"
"iaaw8v9my",4,7,"unreliable","exp1a_s7_GG_u","GG","GG","G","G","G","G"
"iaaw8v9my",5,11,"unreliable","exp1a_s11_NN_u","NN","NP","N","N","N","P"
"iaaw8v9my",6,14,"unreliable","exp1a_s14_PN_u","PN","PP","P","N","P","P"
"iaaw8v9my",7,9,"unreliable","exp1a_s9_GP_u","GP","GP","G","P","G","P"
"iaaw8v9my",8,12,"unreliable","exp1a_s12_NP_u","NP","NP","N","P","N","P"
"iaaw8v9my",9,1,"unreliable","exp1a_s1_NG_u","NG","NG","N","G","N","G"
"iaaw8v9my",10,15,"unreliable","exp1a_s15_PP_u","PP","NP","P","P","N","P"
"iaaw8v9my",11,16,"unreliable","exp1a_s16_GG_u","GG","GG","G","G","G","G"
"iaaw8v9my",12,17,"unreliable","exp1a_s17_GN_u","GN","GN","G","N","G","N"
"iaaw8v9my",13,3,"unreliable","exp1a_s3_NP_u","NP","NN","N","P","N","N"
"iaaw8v9my",14,5,"unreliable","exp1a_s5_PN_u","PN","PN","P","N","P","N"
"iaaw8v9my",15,18,"unreliable","exp1a_s18_GP_u","GP","GP","G","P","G","P"
"iaaw8v9my",16,4,"unreliable","exp1a_s4_PG_u","PG","PN","P","G","P","N"
"iaaw8v9my",17,2,"unreliable","exp1a_s2_NN_u","NN","NN","N","N","N","N"
"iaaw8v9my",18,6,"unreliable","exp1a_s6_PP_u","PP","PN","P","P","P","N"
"cf60lh4po",1,1,"unreliable","exp1a_s1_NN_u","NN","PN","N","N","P","N"
"cf60lh4po",2,15,"unreliable","exp1a_s15_GG_u","GG","PP","G","G","P","P"
"cf60lh4po",3,2,"unreliable","exp1a_s2_NP_u","NP","PP","N","P","P","P"
"cf60lh4po",4,8,"unreliable","exp1a_s8_GP_u","GP","PP","G","P","P","P"
"cf60lh4po",5,9,"unreliable","exp1a_s9_NG_u","NG","PP","N","G","P","P"
"cf60lh4po",6,12,"unreliable","exp1a_s12_PG_u","PG","PG","P","G","P","G"
"cf60lh4po",7,5,"unreliable","exp1a_s5_PP_u","PP","PP","P","P","P","P"
"cf60lh4po",8,18,"unreliable","exp1a_s18_NG_u","NG","PP","N","G","P","P"
"cf60lh4po",9,14,"unreliable","exp1a_s14_PP_u","PP","PP","P","P","P","P"
"cf60lh4po",10,17,"unreliable","exp1a_s17_GP_u","GP","PP","G","P","P","P"
"cf60lh4po",11,10,"unreliable","exp1a_s10_NN_u","NN","PP","N","N","P","P"
"cf60lh4po",12,4,"unreliable","exp1a_s4_PN_u","PN","PP","P","N","P","P"
"cf60lh4po",13,6,"unreliable","exp1a_s6_GG_u","GG","PP","G","G","P","P"
"cf60lh4po",14,7,"unreliable","exp1a_s7_GN_u","GN","PP","G","N","P","P"
"cf60lh4po",15,3,"unreliable","exp1a_s3_PG_u","PG","PP","P","G","P","P"
"cf60lh4po",16,16,"unreliable","exp1a_s16_GN_u","GN","PP","G","N","P","P"
"cf60lh4po",17,11,"unreliable","exp1a_s11_NP_u","NP","PP","N","P","P","P"
"cf60lh4po",18,13,"unreliable","exp1a_s13_PN_u","PN","PP","P","N","P","P"
"8e6a4j2pu",1,18,"reliable","exp1a_s18_NN_r","NN","NN","N","N","N","N"
"8e6a4j2pu",2,4,"reliable","exp1a_s4_PP_r","PP","PP","P","P","P","P"
"8e6a4j2pu",3,6,"reliable","exp1a_s6_GN_r","GN","GP","G","N","G","P"
"8e6a4j2pu",4,3,"reliable","exp1a_s3_PN_r","PN","PN","P","N","P","N"
"8e6a4j2pu",5,1,"reliable","exp1a_s1_NP_r","NP","PP","N","P","P","P"
"8e6a4j2pu",6,12,"reliable","exp1a_s12_PN_r","PN","NP","P","N","N","P"
"8e6a4j2pu",7,8,"reliable","exp1a_s8_NG_r","NG","GN","N","G","G","N"
"8e6a4j2pu",8,15,"reliable","exp1a_s15_GN_r","GN","GN","G","N","G","N"
"8e6a4j2pu",9,2,"reliable","exp1a_s2_PG_r","PG","PG","P","G","P","G"
"8e6a4j2pu",10,17,"reliable","exp1a_s17_NG_r","NG","GG","N","G","G","G"
"8e6a4j2pu",11,11,"reliable","exp1a_s11_PG_r","PG","PG","P","G","P","G"
"8e6a4j2pu",12,5,"reliable","exp1a_s5_GG_r","GG","GN","G","G","G","N"
"8e6a4j2pu",13,7,"reliable","exp1a_s7_GP_r","GP","NP","G","P","N","P"
"8e6a4j2pu",14,9,"reliable","exp1a_s9_NN_r","NN","NG","N","N","N","G"
"8e6a4j2pu",15,10,"reliable","exp1a_s10_NP_r","NP","NN","N","P","N","N"
"8e6a4j2pu",16,13,"reliable","exp1a_s13_PP_r","PP","PP","P","P","P","P"
"8e6a4j2pu",17,14,"reliable","exp1a_s14_GG_r","GG","GG","G","G","G","G"
"8e6a4j2pu",18,16,"reliable","exp1a_s16_GP_r","GP","GP","G","P","G","P"
"1oaf5sgpx",1,4,"reliable","exp1a_s4_NG_r","NG","PG","N","G","P","G"
"1oaf5sgpx",2,16,"reliable","exp1a_s16_PG_r","PG","PG","P","G","P","G"
"1oaf5sgpx",3,3,"reliable","exp1a_s3_GP_r","GP","GP","G","P","G","P"
"1oaf5sgpx",4,10,"reliable","exp1a_s10_GG_r","GG","GG","G","G","G","G"
"1oaf5sgpx",5,5,"reliable","exp1a_s5_NN_r","NN","NG","N","N","N","G"
"1oaf5sgpx",6,1,"reliable","exp1a_s1_GG_r","GG","GG","G","G","G","G"
"1oaf5sgpx",7,12,"reliable","exp1a_s12_GP_r","GP","GP","G","P","G","P"
"1oaf5sgpx",8,6,"reliable","exp1a_s6_NP_r","NP","NP","N","P","N","P"
"1oaf5sgpx",9,7,"reliable","exp1a_s7_PG_r","PG","PG","P","G","P","G"
"1oaf5sgpx",10,11,"reliable","exp1a_s11_GN_r","GN","GN","G","N","G","N"
"1oaf5sgpx",11,17,"reliable","exp1a_s17_PN_r","PN","PN","P","N","P","N"
"1oaf5sgpx",12,13,"reliable","exp1a_s13_NG_r","NG","NG","N","G","N","G"
"1oaf5sgpx",13,9,"reliable","exp1a_s9_PP_r","PP","PP","P","P","P","P"
"1oaf5sgpx",14,14,"reliable","exp1a_s14_NN_r","NN","NP","N","N","N","P"
"1oaf5sgpx",15,18,"reliable","exp1a_s18_PP_r","PP","PP","P","P","P","P"
"1oaf5sgpx",16,8,"reliable","exp1a_s8_PN_r","PN","NN","P","N","N","N"
"1oaf5sgpx",17,15,"reliable","exp1a_s15_NP_r","NP","NP","N","P","N","P"
"1oaf5sgpx",18,2,"reliable","exp1a_s2_GN_r","GN","GN","G","N","G","N"
"8z6gor8mq",1,7,"unreliable","exp1a_s7_NN_u","NN","NN","N","N","N","N"
"8z6gor8mq",2,18,"unreliable","exp1a_s18_PG_u","PG","NG","P","G","N","G"
"8z6gor8mq",3,15,"unreliable","exp1a_s15_NG_u","NG","NG","N","G","N","G"
"8z6gor8mq",4,4,"unreliable","exp1a_s4_GN_u","GN","GP","G","N","G","P"
"8z6gor8mq",5,14,"unreliable","exp1a_s14_GP_u","GP","GP","G","P","G","P"
"8z6gor8mq",6,3,"unreliable","exp1a_s3_GG_u","GG","GN","G","G","G","N"
"8z6gor8mq",7,10,"unreliable","exp1a_s10_PN_u","PN","NP","P","N","N","P"
"8z6gor8mq",8,13,"unreliable","exp1a_s13_GN_u","GN","GN","G","N","G","N"
"8z6gor8mq",9,6,"unreliable","exp1a_s6_NG_u","NG","PG","N","G","P","G"
"8z6gor8mq",10,2,"unreliable","exp1a_s2_PP_u","PP","PG","P","P","P","G"
"8z6gor8mq",11,8,"unreliable","exp1a_s8_NP_u","NP","GN","N","P","G","N"
"8z6gor8mq",12,1,"unreliable","exp1a_s1_PN_u","PN","NN","P","N","N","N"
"8z6gor8mq",13,11,"unreliable","exp1a_s11_PP_u","PP","PP","P","P","P","P"
"8z6gor8mq",14,16,"unreliable","exp1a_s16_NN_u","NN","GN","N","N","G","N"
"8z6gor8mq",15,9,"unreliable","exp1a_s9_PG_u","PG","PG","P","G","P","G"
"8z6gor8mq",16,12,"unreliable","exp1a_s12_GG_u","GG","GG","G","G","G","G"
"8z6gor8mq",17,5,"unreliable","exp1a_s5_GP_u","GP","GP","G","P","G","P"
"8z6gor8mq",18,17,"unreliable","exp1a_s17_NP_u","NP","NN","N","P","N","N"
"mpasep2pa",1,7,"unreliable","exp1a_s7_PG_u","PG","NG","P","G","N","G"
"mpasep2pa",2,18,"unreliable","exp1a_s18_PP_u","PP","PP","P","P","P","P"
"mpasep2pa",3,1,"unreliable","exp1a_s1_GG_u","GG","GG","G","G","G","G"
"mpasep2pa",4,14,"unreliable","exp1a_s14_NN_u","NN","NN","N","N","N","N"
"mpasep2pa",5,11,"unreliable","exp1a_s11_GN_u","GN","GN","G","N","G","N"
"mpasep2pa",6,15,"unreliable","exp1a_s15_NP_u","NP","NP","N","P","N","P"
"mpasep2pa",7,8,"unreliable","exp1a_s8_PN_u","PN","PN","P","N","P","N"
"mpasep2pa",8,9,"unreliable","exp1a_s9_PP_u","PP","NP","P","P","N","P"
"mpasep2pa",9,16,"unreliable","exp1a_s16_PG_u","PG","PG","P","G","P","G"
"mpasep2pa",10,12,"unreliable","exp1a_s12_GP_u","GP","GP","G","P","G","P"
"mpasep2pa",11,13,"unreliable","exp1a_s13_NG_u","NG","NG","N","G","N","G"
"mpasep2pa",12,10,"unreliable","exp1a_s10_GG_u","GG","GG","G","G","G","G"
"mpasep2pa",13,4,"unreliable","exp1a_s4_NG_u","NG","NG","N","G","N","G"
"mpasep2pa",14,3,"unreliable","exp1a_s3_GP_u","GP","GP","G","P","G","P"
"mpasep2pa",15,6,"unreliable","exp1a_s6_NP_u","NP","NP","N","P","N","P"
"mpasep2pa",16,2,"unreliable","exp1a_s2_GN_u","GN","NN","G","N","N","N"
"mpasep2pa",17,17,"unreliable","exp1a_s17_PN_u","PN","PP","P","N","P","P"
"mpasep2pa",18,5,"unreliable","exp1a_s5_NN_u","NN","NN","N","N","N","N"
"frajohdpt",1,4,"reliable","exp1a_s4_NG_r","NG","PG","N","G","P","G"
"frajohdpt",2,14,"reliable","exp1a_s14_NN_r","NN","GG","N","N","G","G"
"frajohdpt",3,1,"reliable","exp1a_s1_GG_r","GG","GG","G","G","G","G"
"frajohdpt",4,2,"reliable","exp1a_s2_GN_r","GN","GN","G","N","G","N"
"frajohdpt",5,6,"reliable","exp1a_s6_NP_r","NP","PN","N","P","P","N"
"frajohdpt",6,8,"reliable","exp1a_s8_PN_r","PN","PG","P","N","P","G"
"frajohdpt",7,9,"reliable","exp1a_s9_PP_r","PP","PG","P","P","P","G"
"frajohdpt",8,15,"reliable","exp1a_s15_NP_r","NP","GP","N","P","G","P"
"frajohdpt",9,18,"reliable","exp1a_s18_PP_r","PP","NN","P","P","N","N"
"frajohdpt",10,3,"reliable","exp1a_s3_GP_r","GP","GP","G","P","G","P"
"frajohdpt",11,17,"reliable","exp1a_s17_PN_r","PN","NP","P","N","N","P"
"frajohdpt",12,10,"reliable","exp1a_s10_GG_r","GG","GG","G","G","G","G"
"frajohdpt",13,13,"reliable","exp1a_s13_NG_r","NG","NG","N","G","N","G"
"frajohdpt",14,7,"reliable","exp1a_s7_PG_r","PG","PG","P","G","P","G"
"frajohdpt",15,5,"reliable","exp1a_s5_NN_r","NN","GP","N","N","G","P"
"frajohdpt",16,11,"reliable","exp1a_s11_GN_r","GN","GN","G","N","G","N"
"frajohdpt",17,16,"reliable","exp1a_s16_PG_r","PG","PG","P","G","P","G"
"frajohdpt",18,12,"reliable","exp1a_s12_GP_r","GP","NN","G","P","N","N"
"4b6hgcap0",1,1,"unreliable","exp1a_s1_NN_u","NN","PN","N","N","P","N"
"4b6hgcap0",2,13,"unreliable","exp1a_s13_PN_u","PN","PN","P","N","P","N"
"4b6hgcap0",3,2,"unreliable","exp1a_s2_NP_u","NP","PP","N","P","P","P"
"4b6hgcap0",4,14,"unreliable","exp1a_s14_PP_u","PP","PP","P","P","P","P"
"4b6hgcap0",5,9,"unreliable","exp1a_s9_NG_u","NG","NG","N","G","N","G"
"4b6hgcap0",6,10,"unreliable","exp1a_s10_NN_u","NN","PN","N","N","P","N"
"4b6hgcap0",7,6,"unreliable","exp1a_s6_GG_u","GG","GG","G","G","G","G"
"4b6hgcap0",8,11,"unreliable","exp1a_s11_NP_u","NP","PP","N","P","P","P"
"4b6hgcap0",9,5,"unreliable","exp1a_s5_PP_u","PP","PP","P","P","P","P"
"4b6hgcap0",10,3,"unreliable","exp1a_s3_PG_u","PG","PG","P","G","P","G"
"4b6hgcap0",11,18,"unreliable","exp1a_s18_NG_u","NG","NG","N","G","N","G"
"4b6hgcap0",12,15,"unreliable","exp1a_s15_GG_u","GG","GG","G","G","G","G"
"4b6hgcap0",13,17,"unreliable","exp1a_s17_GP_u","GP","GP","G","P","G","P"
"4b6hgcap0",14,7,"unreliable","exp1a_s7_GN_u","GN","GN","G","N","G","N"
"4b6hgcap0",15,12,"unreliable","exp1a_s12_PG_u","PG","NG","P","G","N","G"
"4b6hgcap0",16,8,"unreliable","exp1a_s8_GP_u","GP","NN","G","P","N","N"
"4b6hgcap0",17,4,"unreliable","exp1a_s4_PN_u","PN","PP","P","N","P","P"
"4b6hgcap0",18,16,"unreliable","exp1a_s16_GN_u","GN","GN","G","N","G","N"
"lma45e3mo",1,11,"unreliable","exp1a_s11_NP_u","NP","GN","N","P","G","N"
"lma45e3mo",2,8,"unreliable","exp1a_s8_GP_u","GP","GN","G","P","G","N"
"lma45e3mo",3,13,"unreliable","exp1a_s13_PN_u","PN","NP","P","N","N","P"
"lma45e3mo",4,14,"unreliable","exp1a_s14_PP_u","PP","NP","P","P","N","P"
"lma45e3mo",5,1,"unreliable","exp1a_s1_NN_u","NN","PN","N","N","P","N"
"lma45e3mo",6,3,"unreliable","exp1a_s3_PG_u","PG","PG","P","G","P","G"
"lma45e3mo",7,10,"unreliable","exp1a_s10_NN_u","NN","GP","N","N","G","P"
"lma45e3mo",8,9,"unreliable","exp1a_s9_NG_u","NG","GG","N","G","G","G"
"lma45e3mo",9,6,"unreliable","exp1a_s6_GG_u","GG","GG","G","G","G","G"
"lma45e3mo",10,2,"unreliable","exp1a_s2_NP_u","NP","PG","N","P","P","G"
"lma45e3mo",11,18,"unreliable","exp1a_s18_NG_u","NG","GG","N","G","G","G"
"lma45e3mo",12,16,"unreliable","exp1a_s16_GN_u","GN","GP","G","N","G","P"
"lma45e3mo",13,5,"unreliable","exp1a_s5_PP_u","PP","PN","P","P","P","N"
"lma45e3mo",14,17,"unreliable","exp1a_s17_GP_u","GP","GN","G","P","G","N"
"lma45e3mo",15,4,"unreliable","exp1a_s4_PN_u","PN","PG","P","N","P","G"
"lma45e3mo",16,7,"unreliable","exp1a_s7_GN_u","GN","GN","G","N","G","N"
"lma45e3mo",17,12,"unreliable","exp1a_s12_PG_u","PG","NG","P","G","N","G"
"lma45e3mo",18,15,"unreliable","exp1a_s15_GG_u","GG","GG","G","G","G","G"
"5aazgzvmu",1,3,"unreliable","exp1a_s3_NG_u","NG","NG","N","G","N","G"
"5aazgzvmu",2,13,"unreliable","exp1a_s13_NN_u","NN","PG","N","N","P","G"
"5aazgzvmu",3,10,"unreliable","exp1a_s10_GN_u","GN","GP","G","N","G","P"
"5aazgzvmu",4,15,"unreliable","exp1a_s15_PG_u","PG","PG","P","G","P","G"
"5aazgzvmu",5,11,"unreliable","exp1a_s11_GP_u","GP","PP","G","P","P","P"
"5aazgzvmu",6,7,"unreliable","exp1a_s7_PN_u","PN","PN","P","N","P","N"
"5aazgzvmu",7,4,"unreliable","exp1a_s4_NN_u","NN","PP","N","N","P","P"
"5aazgzvmu",8,9,"unreliable","exp1a_s9_GG_u","GG","GG","G","G","G","G"
"5aazgzvmu",9,8,"unreliable","exp1a_s8_PP_u","PP","PP","P","P","P","P"
"5aazgzvmu",10,2,"unreliable","exp1a_s2_GP_u","GP","NP","G","P","N","P"
"5aazgzvmu",11,14,"unreliable","exp1a_s14_NP_u","NP","GP","N","P","G","P"
"5aazgzvmu",12,16,"unreliable","exp1a_s16_PN_u","PN","PP","P","N","P","P"
"5aazgzvmu",13,18,"unreliable","exp1a_s18_GG_u","GG","GG","G","G","G","G"
"5aazgzvmu",14,5,"unreliable","exp1a_s5_NP_u","NP","PP","N","P","P","P"
"5aazgzvmu",15,6,"unreliable","exp1a_s6_PG_u","PG","PN","P","G","P","N"
"5aazgzvmu",16,12,"unreliable","exp1a_s12_NG_u","NG","NN","N","G","N","N"
"5aazgzvmu",17,17,"unreliable","exp1a_s17_PP_u","PP","PP","P","P","P","P"
"5aazgzvmu",18,1,"unreliable","exp1a_s1_GN_u","GN","NP","G","N","N","P"
"pha366epo",1,11,"unreliable","exp1a_s11_NN_u","NN","NN","N","N","N","N"
"pha366epo",2,16,"unreliable","exp1a_s16_GG_u","GG","GG","G","G","G","G"
"pha366epo",3,4,"unreliable","exp1a_s4_PG_u","PG","NN","P","G","N","N"
"pha366epo",4,17,"unreliable","exp1a_s17_GN_u","GN","GP","G","N","G","P"
"pha366epo",5,10,"unreliable","exp1a_s10_NG_u","NG","PG","N","G","P","G"
"pha366epo",6,12,"unreliable","exp1a_s12_NP_u","NP","PP","N","P","P","P"
"pha366epo",7,6,"unreliable","exp1a_s6_PP_u","PP","PP","P","P","P","P"
"pha366epo",8,3,"unreliable","exp1a_s3_NP_u","NP","NP","N","P","N","P"
"pha366epo",9,15,"unreliable","exp1a_s15_PP_u","PP","PP","P","P","P","P"
"pha366epo",10,8,"unreliable","exp1a_s8_GN_u","GN","GN","G","N","G","N"
"pha366epo",11,9,"unreliable","exp1a_s9_GP_u","GP","GP","G","P","G","P"
"pha366epo",12,2,"unreliable","exp1a_s2_NN_u","NN","PP","N","N","P","P"
"pha366epo",13,1,"unreliable","exp1a_s1_NG_u","NG","NG","N","G","N","G"
"pha366epo",14,13,"unreliable","exp1a_s13_PG_u","PG","PG","P","G","P","G"
"pha366epo",15,14,"unreliable","exp1a_s14_PN_u","PN","PN","P","N","P","N"
"pha366epo",16,7,"unreliable","exp1a_s7_GG_u","GG","GG","G","G","G","G"
"pha366epo",17,5,"unreliable","exp1a_s5_PN_u","PN","PN","P","N","P","N"
"pha366epo",18,18,"unreliable","exp1a_s18_GP_u","GP","NP","G","P","N","P"
"2sallmupr",1,1,"reliable","exp1a_s1_GG_r","GG","GG","G","G","G","G"
"2sallmupr",2,17,"reliable","exp1a_s17_PN_r","PN","NP","P","N","N","P"
"2sallmupr",3,14,"reliable","exp1a_s14_NN_r","NN","NP","N","N","N","P"
"2sallmupr",4,4,"reliable","exp1a_s4_NG_r","NG","PN","N","G","P","N"
"2sallmupr",5,3,"reliable","exp1a_s3_GP_r","GP","GP","G","P","G","P"
"2sallmupr",6,7,"reliable","exp1a_s7_PG_r","PG","NG","P","G","N","G"
"2sallmupr",7,9,"reliable","exp1a_s9_PP_r","PP","NN","P","P","N","N"
"2sallmupr",8,2,"reliable","exp1a_s2_GN_r","GN","GN","G","N","G","N"
"2sallmupr",9,16,"reliable","exp1a_s16_PG_r","PG","PG","P","G","P","G"
"2sallmupr",10,12,"reliable","exp1a_s12_GP_r","GP","GP","G","P","G","P"
"2sallmupr",11,18,"reliable","exp1a_s18_PP_r","PP","NP","P","P","N","P"
"2sallmupr",12,13,"reliable","exp1a_s13_NG_r","NG","NG","N","G","N","G"
"2sallmupr",13,15,"reliable","exp1a_s15_NP_r","NP","GP","N","P","G","P"
"2sallmupr",14,10,"reliable","exp1a_s10_GG_r","GG","GG","G","G","G","G"
"2sallmupr",15,11,"reliable","exp1a_s11_GN_r","GN","GN","G","N","G","N"
"2sallmupr",16,8,"reliable","exp1a_s8_PN_r","PN","PG","P","N","P","G"
"2sallmupr",17,5,"reliable","exp1a_s5_NN_r","NN","NP","N","N","N","P"
"2sallmupr",18,6,"reliable","exp1a_s6_NP_r","NP","NP","N","P","N","P"
"xq64sj3p5",1,5,"unreliable","exp1a_s5_NN_u","NN","GG","N","N","G","G"
"xq64sj3p5",2,6,"unreliable","exp1a_s6_NP_u","NP","GG","N","P","G","G"
"xq64sj3p5",3,3,"unreliable","exp1a_s3_GP_u","GP","GG","G","P","G","G"
"xq64sj3p5",4,1,"unreliable","exp1a_s1_GG_u","GG","GG","G","G","G","G"
"xq64sj3p5",5,15,"unreliable","exp1a_s15_NP_u","NP","GG","N","P","G","G"
"xq64sj3p5",6,4,"unreliable","exp1a_s4_NG_u","NG","GG","N","G","G","G"
"xq64sj3p5",7,11,"unreliable","exp1a_s11_GN_u","GN","GG","G","N","G","G"
"xq64sj3p5",8,13,"unreliable","exp1a_s13_NG_u","NG","GG","N","G","G","G"
"xq64sj3p5",9,17,"unreliable","exp1a_s17_PN_u","PN","GG","P","N","G","G"
"xq64sj3p5",10,14,"unreliable","exp1a_s14_NN_u","NN","GG","N","N","G","G"
"xq64sj3p5",11,10,"unreliable","exp1a_s10_GG_u","GG","GG","G","G","G","G"
"xq64sj3p5",12,18,"unreliable","exp1a_s18_PP_u","PP","GG","P","P","G","G"
"xq64sj3p5",13,8,"unreliable","exp1a_s8_PN_u","PN","GG","P","N","G","G"
"xq64sj3p5",14,7,"unreliable","exp1a_s7_PG_u","PG","GG","P","G","G","G"
"xq64sj3p5",15,12,"unreliable","exp1a_s12_GP_u","GP","GG","G","P","G","G"
"xq64sj3p5",16,16,"unreliable","exp1a_s16_PG_u","PG","GG","P","G","G","G"
"xq64sj3p5",17,9,"unreliable","exp1a_s9_PP_u","PP","GG","P","P","G","G"
"xq64sj3p5",18,2,"unreliable","exp1a_s2_GN_u","GN","GG","G","N","G","G"
"fq6lmy8mw",1,1,"reliable","exp1a_s1_PN_r","PN","NP","P","N","N","P"
"fq6lmy8mw",2,17,"reliable","exp1a_s17_NP_r","NP","GG","N","P","G","G"
"fq6lmy8mw",3,7,"reliable","exp1a_s7_NN_r","NN","GG","N","N","G","G"
"fq6lmy8mw",4,4,"reliable","exp1a_s4_GN_r","GN","PG","G","N","P","G"
"fq6lmy8mw",5,2,"reliable","exp1a_s2_PP_r","PP","PG","P","P","P","G"
"fq6lmy8mw",6,15,"reliable","exp1a_s15_NG_r","NG","PG","N","G","P","G"
"fq6lmy8mw",7,8,"reliable","exp1a_s8_NP_r","NP","PP","N","P","P","P"
"fq6lmy8mw",8,10,"reliable","exp1a_s10_PN_r","PN","PN","P","N","P","N"
"fq6lmy8mw",9,6,"reliable","exp1a_s6_NG_r","NG","PN","N","G","P","N"
"fq6lmy8mw",10,18,"reliable","exp1a_s18_PG_r","PG","NP","P","G","N","P"
"fq6lmy8mw",11,16,"reliable","exp1a_s16_NN_r","NN","GN","N","N","G","N"
"fq6lmy8mw",12,11,"reliable","exp1a_s11_PP_r","PP","NP","P","P","N","P"
"fq6lmy8mw",13,13,"reliable","exp1a_s13_GN_r","GN","PG","G","N","P","G"
"fq6lmy8mw",14,12,"reliable","exp1a_s12_GG_r","GG","NP","G","G","N","P"
"fq6lmy8mw",15,5,"reliable","exp1a_s5_GP_r","GP","GG","G","P","G","G"
"fq6lmy8mw",16,3,"reliable","exp1a_s3_GG_r","GG","PG","G","G","P","G"
"fq6lmy8mw",17,9,"reliable","exp1a_s9_PG_r","PG","NP","P","G","N","P"
"fq6lmy8mw",18,14,"reliable","exp1a_s14_GP_r","GP","PP","G","P","P","P"
"gt6gtyqmb",1,3,"reliable","exp1a_s3_PG_r","PG","PG","P","G","P","G"
"gt6gtyqmb",2,2,"reliable","exp1a_s2_NP_r","NP","NP","N","P","N","P"
"gt6gtyqmb",3,16,"reliable","exp1a_s16_GN_r","GN","GN","G","N","G","N"
"gt6gtyqmb",4,17,"reliable","exp1a_s17_GP_r","GP","NP","G","P","N","P"
"gt6gtyqmb",5,4,"reliable","exp1a_s4_PN_r","PN","PP","P","N","P","P"
"gt6gtyqmb",6,1,"reliable","exp1a_s1_NN_r","NN","PN","N","N","P","N"
"gt6gtyqmb",7,5,"reliable","exp1a_s5_PP_r","PP","PP","P","P","P","P"
"gt6gtyqmb",8,6,"reliable","exp1a_s6_GG_r","GG","GG","G","G","G","G"
"gt6gtyqmb",9,10,"reliable","exp1a_s10_NN_r","NN","NN","N","N","N","N"
"gt6gtyqmb",10,15,"reliable","exp1a_s15_GG_r","GG","GG","G","G","G","G"
"gt6gtyqmb",11,18,"reliable","exp1a_s18_NG_r","NG","PG","N","G","P","G"
"gt6gtyqmb",12,7,"reliable","exp1a_s7_GN_r","GN","GG","G","N","G","G"
"gt6gtyqmb",13,12,"reliable","exp1a_s12_PG_r","PG","PG","P","G","P","G"
"gt6gtyqmb",14,13,"reliable","exp1a_s13_PN_r","PN","PN","P","N","P","N"
"gt6gtyqmb",15,14,"reliable","exp1a_s14_PP_r","PP","PP","P","P","P","P"
"gt6gtyqmb",16,9,"reliable","exp1a_s9_NG_r","NG","NG","N","G","N","G"
"gt6gtyqmb",17,8,"reliable","exp1a_s8_GP_r","GP","GP","G","P","G","P"
"gt6gtyqmb",18,11,"reliable","exp1a_s11_NP_r","NP","NP","N","P","N","P"
"ueaspjrmc",1,15,"unreliable","exp1a_s15_GP_u","GP","NG","G","P","N","G"
"ueaspjrmc",2,13,"unreliable","exp1a_s13_GG_u","GG","GG","G","G","G","G"
"ueaspjrmc",3,1,"unreliable","exp1a_s1_PG_u","PG","GN","P","G","G","N"
"ueaspjrmc",4,11,"unreliable","exp1a_s11_PN_u","PN","PN","P","N","P","N"
"ueaspjrmc",5,18,"unreliable","exp1a_s18_NP_u","NP","GP","N","P","G","P"
"ueaspjrmc",6,2,"unreliable","exp1a_s2_PN_u","PN","GN","P","N","G","N"
"ueaspjrmc",7,3,"unreliable","exp1a_s3_PP_u","PP","PN","P","P","P","N"
"ueaspjrmc",8,16,"unreliable","exp1a_s16_NG_u","NG","PN","N","G","P","N"
"ueaspjrmc",9,10,"unreliable","exp1a_s10_PG_u","PG","GP","P","G","G","P"
"ueaspjrmc",10,7,"unreliable","exp1a_s7_NG_u","NG","NG","N","G","N","G"
"ueaspjrmc",11,12,"unreliable","exp1a_s12_PP_u","PP","GG","P","P","G","G"
"ueaspjrmc",12,14,"unreliable","exp1a_s14_GN_u","GN","GN","G","N","G","N"
"ueaspjrmc",13,8,"unreliable","exp1a_s8_NN_u","NN","NG","N","N","N","G"
"ueaspjrmc",14,9,"unreliable","exp1a_s9_NP_u","NP","NG","N","P","N","G"
"ueaspjrmc",15,4,"unreliable","exp1a_s4_GG_u","GG","NP","G","G","N","P"
"ueaspjrmc",16,5,"unreliable","exp1a_s5_GN_u","GN","PP","G","N","P","P"
"ueaspjrmc",17,6,"unreliable","exp1a_s6_GP_u","GP","NG","G","P","N","G"
"ueaspjrmc",18,17,"unreliable","exp1a_s17_NN_u","NN","NG","N","N","N","G"
"roavmk4m7",1,13,"unreliable","exp1a_s13_NG_u","NG","PG","N","G","P","G"
"roavmk4m7",2,14,"unreliable","exp1a_s14_NN_u","NN","NG","N","N","N","G"
"roavmk4m7",3,11,"unreliable","exp1a_s11_GN_u","GN","GP","G","N","G","P"
"roavmk4m7",4,6,"unreliable","exp1a_s6_NP_u","NP","NP","N","P","N","P"
"roavmk4m7",5,10,"unreliable","exp1a_s10_GG_u","GG","GP","G","G","G","P"
"roavmk4m7",6,17,"unreliable","exp1a_s17_PN_u","PN","NN","P","N","N","N"
"roavmk4m7",7,15,"unreliable","exp1a_s15_NP_u","NP","GN","N","P","G","N"
"roavmk4m7",8,12,"unreliable","exp1a_s12_GP_u","GP","NN","G","P","N","N"
"roavmk4m7",9,16,"unreliable","exp1a_s16_PG_u","PG","NG","P","G","N","G"
"roavmk4m7",10,5,"unreliable","exp1a_s5_NN_u","NN","GN","N","N","G","N"
"roavmk4m7",11,3,"unreliable","exp1a_s3_GP_u","GP","GP","G","P","G","P"
"roavmk4m7",12,4,"unreliable","exp1a_s4_NG_u","NG","NG","N","G","N","G"
"roavmk4m7",13,7,"unreliable","exp1a_s7_PG_u","PG","NG","P","G","N","G"
"roavmk4m7",14,18,"unreliable","exp1a_s18_PP_u","PP","NG","P","P","N","G"
"roavmk4m7",15,8,"unreliable","exp1a_s8_PN_u","PN","GN","P","N","G","N"
"roavmk4m7",16,9,"unreliable","exp1a_s9_PP_u","PP","NP","P","P","N","P"
"roavmk4m7",17,1,"unreliable","exp1a_s1_GG_u","GG","GG","G","G","G","G"
"roavmk4m7",18,2,"unreliable","exp1a_s2_GN_u","GN","PG","G","N","P","G"
"ex6zht6px",1,3,"reliable","exp1a_s3_NG_r","NG","PG","N","G","P","G"
"ex6zht6px",2,2,"reliable","exp1a_s2_GP_r","GP","GP","G","P","G","P"
"ex6zht6px",3,9,"reliable","exp1a_s9_GG_r","GG","GG","G","G","G","G"
"ex6zht6px",4,8,"reliable","exp1a_s8_PP_r","PP","NP","P","P","N","P"
"ex6zht6px",5,15,"reliable","exp1a_s15_PG_r","PG","PG","P","G","P","G"
"ex6zht6px",6,18,"reliable","exp1a_s18_GG_r","GG","GG","G","G","G","G"
"ex6zht6px",7,10,"reliable","exp1a_s10_GN_r","GN","GN","G","N","G","N"
"ex6zht6px",8,4,"reliable","exp1a_s4_NN_r","NN","NG","N","N","N","G"
"ex6zht6px",9,17,"reliable","exp1a_s17_PP_r","PP","PP","P","P","P","P"
"ex6zht6px",10,14,"reliable","exp1a_s14_NP_r","NP","GP","N","P","G","P"
"ex6zht6px",11,12,"reliable","exp1a_s12_NG_r","NG","GG","N","G","G","G"
"ex6zht6px",12,7,"reliable","exp1a_s7_PN_r","PN","PN","P","N","P","N"
"ex6zht6px",13,13,"reliable","exp1a_s13_NN_r","NN","NN","N","N","N","N"
"ex6zht6px",14,11,"reliable","exp1a_s11_GP_r","GP","GP","G","P","G","P"
"ex6zht6px",15,1,"reliable","exp1a_s1_GN_r","GN","GN","G","N","G","N"
"ex6zht6px",16,5,"reliable","exp1a_s5_NP_r","NP","PN","N","P","P","N"
"ex6zht6px",17,6,"reliable","exp1a_s6_PG_r","PG","PG","P","G","P","G"
"ex6zht6px",18,16,"reliable","exp1a_s16_PN_r","PN","NN","P","N","N","N"
"g26apbumz",1,14,"unreliable","exp1a_s14_NN_u","NN","NP","N","N","N","P"
"g26apbumz",2,8,"unreliable","exp1a_s8_PN_u","PN","GN","P","N","G","N"
"g26apbumz",3,13,"unreliable","exp1a_s13_NG_u","NG","GG","N","G","G","G"
"g26apbumz",4,2,"unreliable","exp1a_s2_GN_u","GN","GP","G","N","G","P"
"g26apbumz",5,5,"unreliable","exp1a_s5_NN_u","NN","NP","N","N","N","P"
"g26apbumz",6,7,"unreliable","exp1a_s7_PG_u","PG","PG","P","G","P","G"
"g26apbumz",7,18,"unreliable","exp1a_s18_PP_u","PP","PP","P","P","P","P"
"g26apbumz",8,3,"unreliable","exp1a_s3_GP_u","GP","GP","G","P","G","P"
"g26apbumz",9,16,"unreliable","exp1a_s16_PG_u","PG","PG","P","G","P","G"
"g26apbumz",10,15,"unreliable","exp1a_s15_NP_u","NP","NP","N","P","N","P"
"g26apbumz",11,11,"unreliable","exp1a_s11_GN_u","GN","GP","G","N","G","P"
"g26apbumz",12,10,"unreliable","exp1a_s10_GG_u","GG","GG","G","G","G","G"
"g26apbumz",13,9,"unreliable","exp1a_s9_PP_u","PP","NP","P","P","N","P"
"g26apbumz",14,4,"unreliable","exp1a_s4_NG_u","NG","PN","N","G","P","N"
"g26apbumz",15,17,"unreliable","exp1a_s17_PN_u","PN","PG","P","N","P","G"
"g26apbumz",16,12,"unreliable","exp1a_s12_GP_u","GP","GP","G","P","G","P"
"g26apbumz",17,6,"unreliable","exp1a_s6_NP_u","NP","NP","N","P","N","P"
"g26apbumz",18,1,"unreliable","exp1a_s1_GG_u","GG","GG","G","G","G","G"
"05anjdpmb",1,11,"unreliable","exp1a_s11_PP_u","PP","PN","P","P","P","N"
"05anjdpmb",2,13,"unreliable","exp1a_s13_GN_u","GN","GN","G","N","G","N"
"05anjdpmb",3,18,"unreliable","exp1a_s18_PG_u","PG","PG","P","G","P","G"
"05anjdpmb",4,6,"unreliable","exp1a_s6_NG_u","NG","NG","N","G","N","G"
"05anjdpmb",5,3,"unreliable","exp1a_s3_GG_u","GG","GN","G","G","G","N"
"05anjdpmb",6,10,"unreliable","exp1a_s10_PN_u","PN","PN","P","N","P","N"
"05anjdpmb",7,8,"unreliable","exp1a_s8_NP_u","NP","NN","N","P","N","N"
"05anjdpmb",8,1,"unreliable","exp1a_s1_PN_u","PN","PN","P","N","P","N"
"05anjdpmb",9,5,"unreliable","exp1a_s5_GP_u","GP","GP","G","P","G","P"
"05anjdpmb",10,9,"unreliable","exp1a_s9_PG_u","PG","PG","P","G","P","G"
"05anjdpmb",11,16,"unreliable","exp1a_s16_NN_u","NN","GP","N","N","G","P"
"05anjdpmb",12,12,"unreliable","exp1a_s12_GG_u","GG","GG","G","G","G","G"
"05anjdpmb",13,17,"unreliable","exp1a_s17_NP_u","NP","NN","N","P","N","N"
"05anjdpmb",14,2,"unreliable","exp1a_s2_PP_u","PP","PP","P","P","P","P"
"05anjdpmb",15,14,"unreliable","exp1a_s14_GP_u","GP","GP","G","P","G","P"
"05anjdpmb",16,7,"unreliable","exp1a_s7_NN_u","NN","GN","N","N","G","N"
"05anjdpmb",17,4,"unreliable","exp1a_s4_GN_u","GN","GG","G","N","G","G"
"05anjdpmb",18,15,"unreliable","exp1a_s15_NG_u","NG","NG","N","G","N","G"
"qdaubd6pc",1,13,"reliable","exp1a_s13_GN_r","GN","GP","G","N","G","P"
"qdaubd6pc",2,3,"reliable","exp1a_s3_GG_r","GG","GN","G","G","G","N"
"qdaubd6pc",3,4,"reliable","exp1a_s4_GN_r","GN","GN","G","N","G","N"
"qdaubd6pc",4,10,"reliable","exp1a_s10_PN_r","PN","PP","P","N","P","P"
"qdaubd6pc",5,11,"reliable","exp1a_s11_PP_r","PP","PN","P","P","P","N"
"qdaubd6pc",6,14,"reliable","exp1a_s14_GP_r","GP","GN","G","P","G","N"
"qdaubd6pc",7,9,"reliable","exp1a_s9_PG_r","PG","NN","P","G","N","N"
"qdaubd6pc",8,16,"reliable","exp1a_s16_NN_r","NN","PG","N","N","P","G"
"qdaubd6pc",9,18,"reliable","exp1a_s18_PG_r","PG","PG","P","G","P","G"
"qdaubd6pc",10,8,"reliable","exp1a_s8_NP_r","NP","PN","N","P","P","N"
"qdaubd6pc",11,7,"reliable","exp1a_s7_NN_r","NN","GN","N","N","G","N"
"qdaubd6pc",12,1,"reliable","exp1a_s1_PN_r","PN","PN","P","N","P","N"
"qdaubd6pc",13,15,"reliable","exp1a_s15_NG_r","NG","PN","N","G","P","N"
"qdaubd6pc",14,12,"reliable","exp1a_s12_GG_r","GG","GG","G","G","G","G"
"qdaubd6pc",15,5,"reliable","exp1a_s5_GP_r","GP","GG","G","P","G","G"
"qdaubd6pc",16,2,"reliable","exp1a_s2_PP_r","PP","NN","P","P","N","N"
"qdaubd6pc",17,17,"reliable","exp1a_s17_NP_r","NP","PP","N","P","P","P"
"qdaubd6pc",18,6,"reliable","exp1a_s6_NG_r","NG","NG","N","G","N","G"
"vla3xospp",1,13,"reliable","exp1a_s13_PG_r","PG","PG","P","G","P","G"
"vla3xospp",2,18,"reliable","exp1a_s18_GP_r","GP","GP","G","P","G","P"
"vla3xospp",3,12,"reliable","exp1a_s12_NP_r","NP","NP","N","P","N","P"
"vla3xospp",4,10,"reliable","exp1a_s10_NG_r","NG","NG","N","G","N","G"
"vla3xospp",5,7,"reliable","exp1a_s7_GG_r","GG","GG","G","G","G","G"
"vla3xospp",6,11,"reliable","exp1a_s11_NN_r","NN","NN","N","N","N","N"
"vla3xospp",7,17,"reliable","exp1a_s17_GN_r","GN","NG","G","N","N","G"
"vla3xospp",8,4,"reliable","exp1a_s4_PG_r","PG","PG","P","G","P","G"
"vla3xospp",9,14,"reliable","exp1a_s14_PN_r","PN","PN","P","N","P","N"
"vla3xospp",10,1,"reliable","exp1a_s1_NG_r","NG","PG","N","G","P","G"
"vla3xospp",11,16,"reliable","exp1a_s16_GG_r","GG","GG","G","G","G","G"
"vla3xospp",12,9,"reliable","exp1a_s9_GP_r","GP","GN","G","P","G","N"
"vla3xospp",13,2,"reliable","exp1a_s2_NN_r","NN","NN","N","N","N","N"
"vla3xospp",14,15,"reliable","exp1a_s15_PP_r","PP","PP","P","P","P","P"
"vla3xospp",15,5,"reliable","exp1a_s5_PN_r","PN","PN","P","N","P","N"
"vla3xospp",16,3,"reliable","exp1a_s3_NP_r","NP","NP","N","P","N","P"
"vla3xospp",17,8,"reliable","exp1a_s8_GN_r","GN","GN","G","N","G","N"
"vla3xospp",18,6,"reliable","exp1a_s6_PP_r","PP","PN","P","P","P","N"
"vray8ommi",1,17,"reliable","exp1a_s17_PN_r","PN","PN","P","N","P","N"
"vray8ommi",2,10,"reliable","exp1a_s10_GG_r","GG","GG","G","G","G","G"
"vray8ommi",3,12,"reliable","exp1a_s12_GP_r","GP","GP","G","P","G","P"
"vray8ommi",4,1,"reliable","exp1a_s1_GG_r","GG","GG","G","G","G","G"
"vray8ommi",5,2,"reliable","exp1a_s2_GN_r","GN","GN","G","N","G","N"
"vray8ommi",6,5,"reliable","exp1a_s5_NN_r","NN","NN","N","N","N","N"
"vray8ommi",7,18,"reliable","exp1a_s18_PP_r","PP","PN","P","P","P","N"
"vray8ommi",8,6,"reliable","exp1a_s6_NP_r","NP","GP","N","P","G","P"
"vray8ommi",9,8,"reliable","exp1a_s8_PN_r","PN","PG","P","N","P","G"
"vray8ommi",10,15,"reliable","exp1a_s15_NP_r","NP","NP","N","P","N","P"
"vray8ommi",11,13,"reliable","exp1a_s13_NG_r","NG","NG","N","G","N","G"
"vray8ommi",12,16,"reliable","exp1a_s16_PG_r","PG","NG","P","G","N","G"
"vray8ommi",13,4,"reliable","exp1a_s4_NG_r","NG","GG","N","G","G","G"
"vray8ommi",14,11,"reliable","exp1a_s11_GN_r","GN","GG","G","N","G","G"
"vray8ommi",15,7,"reliable","exp1a_s7_PG_r","PG","PG","P","G","P","G"
"vray8ommi",16,14,"reliable","exp1a_s14_NN_r","NN","NP","N","N","N","P"
"vray8ommi",17,3,"reliable","exp1a_s3_GP_r","GP","GP","G","P","G","P"
"vray8ommi",18,9,"reliable","exp1a_s9_PP_r","PP","PP","P","P","P","P"
"hhae6clm7",1,17,"reliable","exp1a_s17_NG_r","NG","PG","N","G","P","G"
"hhae6clm7",2,15,"reliable","exp1a_s15_GN_r","GN","NP","G","N","N","P"
"hhae6clm7",3,13,"reliable","exp1a_s13_PP_r","PP","PP","P","P","P","P"
"hhae6clm7",4,18,"reliable","exp1a_s18_NN_r","NN","PN","N","N","P","N"
"hhae6clm7",5,8,"reliable","exp1a_s8_NG_r","NG","NN","N","G","N","N"
"hhae6clm7",6,4,"reliable","exp1a_s4_PP_r","PP","PP","P","P","P","P"
"hhae6clm7",7,3,"reliable","exp1a_s3_PN_r","PN","PN","P","N","P","N"
"hhae6clm7",8,16,"reliable","exp1a_s16_GP_r","GP","GP","G","P","G","P"
"hhae6clm7",9,12,"reliable","exp1a_s12_PN_r","PN","PN","P","N","P","N"
"hhae6clm7",10,6,"reliable","exp1a_s6_GN_r","GN","GP","G","N","G","P"
"hhae6clm7",11,10,"reliable","exp1a_s10_NP_r","NP","NP","N","P","N","P"
"hhae6clm7",12,9,"reliable","exp1a_s9_NN_r","NN","NN","N","N","N","N"
"hhae6clm7",13,7,"reliable","exp1a_s7_GP_r","GP","GP","G","P","G","P"
"hhae6clm7",14,1,"reliable","exp1a_s1_NP_r","NP","PP","N","P","P","P"
"hhae6clm7",15,2,"reliable","exp1a_s2_PG_r","PG","PG","P","G","P","G"
"hhae6clm7",16,5,"reliable","exp1a_s5_GG_r","GG","GG","G","G","G","G"
"hhae6clm7",17,11,"reliable","exp1a_s11_PG_r","PG","PN","P","G","P","N"
"hhae6clm7",18,14,"reliable","exp1a_s14_GG_r","GG","GG","G","G","G","G"
"xyauhqdpc",1,10,"unreliable","exp1a_s10_GN_u","GN","GN","G","N","G","N"
"xyauhqdpc",2,6,"unreliable","exp1a_s6_PG_u","PG","PG","P","G","P","G"
"xyauhqdpc",3,8,"unreliable","exp1a_s8_PP_u","PP","PN","P","P","P","N"
"xyauhqdpc",4,12,"unreliable","exp1a_s12_NG_u","NG","PG","N","G","P","G"
"xyauhqdpc",5,2,"unreliable","exp1a_s2_GP_u","GP","NP","G","P","N","P"
"xyauhqdpc",6,13,"unreliable","exp1a_s13_NN_u","NN","GG","N","N","G","G"
"xyauhqdpc",7,17,"unreliable","exp1a_s17_PP_u","PP","PP","P","P","P","P"
"xyauhqdpc",8,1,"unreliable","exp1a_s1_GN_u","GN","GP","G","N","G","P"
"xyauhqdpc",9,16,"unreliable","exp1a_s16_PN_u","PN","PG","P","N","P","G"
"xyauhqdpc",10,14,"unreliable","exp1a_s14_NP_u","NP","GP","N","P","G","P"
"xyauhqdpc",11,3,"unreliable","exp1a_s3_NG_u","NG","NG","N","G","N","G"
"xyauhqdpc",12,4,"unreliable","exp1a_s4_NN_u","NN","PN","N","N","P","N"
"xyauhqdpc",13,15,"unreliable","exp1a_s15_PG_u","PG","PG","P","G","P","G"
"xyauhqdpc",14,11,"unreliable","exp1a_s11_GP_u","GP","NP","G","P","N","P"
"xyauhqdpc",15,9,"unreliable","exp1a_s9_GG_u","GG","GG","G","G","G","G"
"xyauhqdpc",16,7,"unreliable","exp1a_s7_PN_u","PN","PP","P","N","P","P"
"xyauhqdpc",17,18,"unreliable","exp1a_s18_GG_u","GG","GG","G","G","G","G"
"xyauhqdpc",18,5,"unreliable","exp1a_s5_NP_u","NP","NP","N","P","N","P"
"q66d4cspc",1,17,"unreliable","exp1a_s17_PP_u","PP","PP","P","P","P","P"
"q66d4cspc",2,16,"unreliable","exp1a_s16_PN_u","PN","PP","P","N","P","P"
"q66d4cspc",3,14,"unreliable","exp1a_s14_NP_u","NP","NP","N","P","N","P"
"q66d4cspc",4,11,"unreliable","exp1a_s11_GP_u","GP","GP","G","P","G","P"
"q66d4cspc",5,10,"unreliable","exp1a_s10_GN_u","GN","NP","G","N","N","P"
"q66d4cspc",6,6,"unreliable","exp1a_s6_PG_u","PG","PN","P","G","P","N"
"q66d4cspc",7,12,"unreliable","exp1a_s12_NG_u","NG","PG","N","G","P","G"
"q66d4cspc",8,13,"unreliable","exp1a_s13_NN_u","NN","NN","N","N","N","N"
"q66d4cspc",9,1,"unreliable","exp1a_s1_GN_u","GN","NP","G","N","N","P"
"q66d4cspc",10,4,"unreliable","exp1a_s4_NN_u","NN","PP","N","N","P","P"
"q66d4cspc",11,2,"unreliable","exp1a_s2_GP_u","GP","NP","G","P","N","P"
"q66d4cspc",12,18,"unreliable","exp1a_s18_GG_u","GG","GN","G","G","G","N"
"q66d4cspc",13,15,"unreliable","exp1a_s15_PG_u","PG","PG","P","G","P","G"
"q66d4cspc",14,8,"unreliable","exp1a_s8_PP_u","PP","PN","P","P","P","N"
"q66d4cspc",15,9,"unreliable","exp1a_s9_GG_u","GG","GG","G","G","G","G"
"q66d4cspc",16,7,"unreliable","exp1a_s7_PN_u","PN","PP","P","N","P","P"
"q66d4cspc",17,5,"unreliable","exp1a_s5_NP_u","NP","NP","N","P","N","P"
"q66d4cspc",18,3,"unreliable","exp1a_s3_NG_u","NG","NN","N","G","N","N"
"io619m9p3",1,11,"unreliable","exp1a_s11_PP_u","PP","NN","P","P","N","N"
"io619m9p3",2,15,"unreliable","exp1a_s15_NG_u","NG","GG","N","G","G","G"
"io619m9p3",3,12,"unreliable","exp1a_s12_GG_u","GG","GG","G","G","G","G"
"io619m9p3",4,17,"unreliable","exp1a_s17_NP_u","NP","GP","N","P","G","P"
"io619m9p3",5,3,"unreliable","exp1a_s3_GG_u","GG","GG","G","G","G","G"
"io619m9p3",6,16,"unreliable","exp1a_s16_NN_u","NN","PG","N","N","P","G"
"io619m9p3",7,1,"unreliable","exp1a_s1_PN_u","PN","GG","P","N","G","G"
"io619m9p3",8,4,"unreliable","exp1a_s4_GN_u","GN","GG","G","N","G","G"
"io619m9p3",9,8,"unreliable","exp1a_s8_NP_u","NP","GP","N","P","G","P"
"io619m9p3",10,7,"unreliable","exp1a_s7_NN_u","NN","GG","N","N","G","G"
"io619m9p3",11,14,"unreliable","exp1a_s14_GP_u","GP","GP","G","P","G","P"
"io619m9p3",12,10,"unreliable","exp1a_s10_PN_u","PN","PG","P","N","P","G"
"io619m9p3",13,13,"unreliable","exp1a_s13_GN_u","GN","GG","G","N","G","G"
"io619m9p3",14,18,"unreliable","exp1a_s18_PG_u","PG","PG","P","G","P","G"
"io619m9p3",15,6,"unreliable","exp1a_s6_NG_u","NG","GG","N","G","G","G"
"io619m9p3",16,2,"unreliable","exp1a_s2_PP_u","PP","NN","P","P","N","N"
"io619m9p3",17,9,"unreliable","exp1a_s9_PG_u","PG","PG","P","G","P","G"
"io619m9p3",18,5,"unreliable","exp1a_s5_GP_u","GP","GP","G","P","G","P"
"8han3aepe",1,6,"reliable","exp1a_s6_PN_r","PN","PG","P","N","P","G"
"8han3aepe",2,16,"reliable","exp1a_s16_PP_r","PP","NP","P","P","N","P"
"8han3aepe",3,18,"reliable","exp1a_s18_GN_r","GN","GG","G","N","G","G"
"8han3aepe",4,11,"reliable","exp1a_s11_NG_r","NG","GG","N","G","G","G"
"8han3aepe",5,8,"reliable","exp1a_s8_GG_r","GG","GP","G","G","G","P"
"8han3aepe",6,4,"reliable","exp1a_s4_NP_r","NP","PN","N","P","P","N"
"8han3aepe",7,3,"reliable","exp1a_s3_NN_r","NN","GG","N","N","G","G"
"8han3aepe",8,15,"reliable","exp1a_s15_PN_r","PN","PN","P","N","P","N"
"8han3aepe",9,2,"reliable","exp1a_s2_NG_r","NG","GG","N","G","G","G"
"8han3aepe",10,7,"reliable","exp1a_s7_PP_r","PP","NG","P","P","N","G"
"8han3aepe",11,14,"reliable","exp1a_s14_PG_r","PG","PG","P","G","P","G"
"8han3aepe",12,13,"reliable","exp1a_s13_NP_r","NP","GG","N","P","G","G"
"8han3aepe",13,9,"reliable","exp1a_s9_GN_r","GN","GP","G","N","G","P"
"8han3aepe",14,10,"reliable","exp1a_s10_GP_r","GP","GN","G","P","G","N"
"8han3aepe",15,17,"reliable","exp1a_s17_GG_r","GG","GG","G","G","G","G"
"8han3aepe",16,1,"reliable","exp1a_s1_GP_r","GP","GP","G","P","G","P"
"8han3aepe",17,12,"reliable","exp1a_s12_NN_r","NN","GG","N","N","G","G"
"8han3aepe",18,5,"reliable","exp1a_s5_PG_r","PG","PG","P","G","P","G"
"gfaytmdmh",1,5,"reliable","exp1a_s5_NN_r","NN","NP","N","N","N","P"
"gfaytmdmh",2,3,"reliable","exp1a_s3_GP_r","GP","GP","G","P","G","P"
"gfaytmdmh",3,14,"reliable","exp1a_s14_NN_r","NN","NP","N","N","N","P"
"gfaytmdmh",4,16,"reliable","exp1a_s16_PG_r","PG","PG","P","G","P","G"
"gfaytmdmh",5,2,"reliable","exp1a_s2_GN_r","GN","GN","G","N","G","N"
"gfaytmdmh",6,7,"reliable","exp1a_s7_PG_r","PG","PG","P","G","P","G"
"gfaytmdmh",7,1,"reliable","exp1a_s1_GG_r","GG","GG","G","G","G","G"
"gfaytmdmh",8,8,"reliable","exp1a_s8_PN_r","PN","NP","P","N","N","P"
"gfaytmdmh",9,13,"reliable","exp1a_s13_NG_r","NG","NG","N","G","N","G"
"gfaytmdmh",10,6,"reliable","exp1a_s6_NP_r","NP","NP","N","P","N","P"
"gfaytmdmh",11,4,"reliable","exp1a_s4_NG_r","NG","NG","N","G","N","G"
"gfaytmdmh",12,18,"reliable","exp1a_s18_PP_r","PP","PP","P","P","P","P"
"gfaytmdmh",13,12,"reliable","exp1a_s12_GP_r","GP","GP","G","P","G","P"
"gfaytmdmh",14,11,"reliable","exp1a_s11_GN_r","GN","GN","G","N","G","N"
"gfaytmdmh",15,9,"reliable","exp1a_s9_PP_r","PP","NP","P","P","N","P"
"gfaytmdmh",16,10,"reliable","exp1a_s10_GG_r","GG","NG","G","G","N","G"
"gfaytmdmh",17,15,"reliable","exp1a_s15_NP_r","NP","NP","N","P","N","P"
"gfaytmdmh",18,17,"reliable","exp1a_s17_PN_r","PN","NN","P","N","N","N"
"646elqkpn",1,2,"unreliable","exp1a_s2_NG_u","NG","NG","N","G","N","G"
"646elqkpn",2,4,"unreliable","exp1a_s4_NP_u","NP","PN","N","P","P","N"
"646elqkpn",3,8,"unreliable","exp1a_s8_GG_u","GG","GG","G","G","G","G"
"646elqkpn",4,12,"unreliable","exp1a_s12_NN_u","NN","NN","N","N","N","N"
"646elqkpn",5,1,"unreliable","exp1a_s1_GP_u","GP","GN","G","P","G","N"
"646elqkpn",6,5,"unreliable","exp1a_s5_PG_u","PG","NN","P","G","N","N"
"646elqkpn",7,17,"unreliable","exp1a_s17_GG_u","GG","GG","G","G","G","G"
"646elqkpn",8,16,"unreliable","exp1a_s16_PP_u","PP","NN","P","P","N","N"
"646elqkpn",9,9,"unreliable","exp1a_s9_GN_u","GN","NP","G","N","N","P"
"646elqkpn",10,6,"unreliable","exp1a_s6_PN_u","PN","NN","P","N","N","N"
"646elqkpn",11,11,"unreliable","exp1a_s11_NG_u","NG","NG","N","G","N","G"
"646elqkpn",12,14,"unreliable","exp1a_s14_PG_u","PG","NG","P","G","N","G"
"646elqkpn",13,13,"unreliable","exp1a_s13_NP_u","NP","PN","N","P","P","N"
"646elqkpn",14,15,"unreliable","exp1a_s15_PN_u","PN","NG","P","N","N","G"
"646elqkpn",15,10,"unreliable","exp1a_s10_GP_u","GP","GN","G","P","G","N"
"646elqkpn",16,18,"unreliable","exp1a_s18_GN_u","GN","NP","G","N","N","P"
"646elqkpn",17,7,"unreliable","exp1a_s7_PP_u","PP","NN","P","P","N","N"
"646elqkpn",18,3,"unreliable","exp1a_s3_NN_u","NN","NP","N","N","N","P"
"lc6yol9mv",1,2,"reliable","exp1a_s2_GG_r","GG","GG","G","G","G","G"
"lc6yol9mv",2,7,"reliable","exp1a_s7_NP_r","NP","NP","N","P","N","P"
"lc6yol9mv",3,1,"reliable","exp1a_s1_PP_r","PP","PP","P","P","P","P"
"lc6yol9mv",4,17,"reliable","exp1a_s17_PG_r","PG","PG","P","G","P","G"
"lc6yol9mv",5,18,"reliable","exp1a_s18_PN_r","PN","PN","P","N","P","N"
"lc6yol9mv",6,5,"reliable","exp1a_s5_NG_r","NG","NG","N","G","N","G"
"lc6yol9mv",7,4,"reliable","exp1a_s4_GP_r","GP","GP","G","P","G","P"
"lc6yol9mv",8,16,"reliable","exp1a_s16_NP_r","NP","NP","N","P","N","P"
"lc6yol9mv",9,3,"reliable","exp1a_s3_GN_r","GN","GN","G","N","G","N"
"lc6yol9mv",10,10,"reliable","exp1a_s10_PP_r","PP","NP","P","P","N","P"
"lc6yol9mv",11,14,"reliable","exp1a_s14_NG_r","NG","NG","N","G","N","G"
"lc6yol9mv",12,13,"reliable","exp1a_s13_GP_r","GP","GP","G","P","G","P"
"lc6yol9mv",13,12,"reliable","exp1a_s12_GN_r","GN","GN","G","N","G","N"
"lc6yol9mv",14,9,"reliable","exp1a_s9_PN_r","PN","PN","P","N","P","N"
"lc6yol9mv",15,15,"reliable","exp1a_s15_NN_r","NN","NP","N","N","N","P"
"lc6yol9mv",16,11,"reliable","exp1a_s11_GG_r","GG","GG","G","G","G","G"
"lc6yol9mv",17,8,"reliable","exp1a_s8_PG_r","PG","PG","P","G","P","G"
"lc6yol9mv",18,6,"reliable","exp1a_s6_NN_r","NN","PN","N","N","P","N"
"7y6e15opa",1,16,"reliable","exp1a_s16_GG_r","GG","GG","G","G","G","G"
"7y6e15opa",2,18,"reliable","exp1a_s18_GP_r","GP","GP","G","P","G","P"
"7y6e15opa",3,6,"reliable","exp1a_s6_PP_r","PP","PP","P","P","P","P"
"7y6e15opa",4,1,"reliable","exp1a_s1_NG_r","NG","NG","N","G","N","G"
"7y6e15opa",5,8,"reliable","exp1a_s8_GN_r","GN","GN","G","N","G","N"
"7y6e15opa",6,4,"reliable","exp1a_s4_PG_r","PG","PG","P","G","P","G"
"7y6e15opa",7,2,"reliable","exp1a_s2_NN_r","NN","GN","N","N","G","N"
"7y6e15opa",8,12,"reliable","exp1a_s12_NP_r","NP","NP","N","P","N","P"
"7y6e15opa",9,7,"reliable","exp1a_s7_GG_r","GG","GG","G","G","G","G"
"7y6e15opa",10,9,"reliable","exp1a_s9_GP_r","GP","GP","G","P","G","P"
"7y6e15opa",11,5,"reliable","exp1a_s5_PN_r","PN","PN","P","N","P","N"
"7y6e15opa",12,11,"reliable","exp1a_s11_NN_r","NN","NG","N","N","N","G"
"7y6e15opa",13,13,"reliable","exp1a_s13_PG_r","PG","PG","P","G","P","G"
"7y6e15opa",14,15,"reliable","exp1a_s15_PP_r","PP","PP","P","P","P","P"
"7y6e15opa",15,10,"reliable","exp1a_s10_NG_r","NG","NG","N","G","N","G"
"7y6e15opa",16,3,"reliable","exp1a_s3_NP_r","NP","GP","N","P","G","P"
"7y6e15opa",17,17,"reliable","exp1a_s17_GN_r","GN","NG","G","N","N","G"
"7y6e15opa",18,14,"reliable","exp1a_s14_PN_r","PN","PN","P","N","P","N"
"77647oupk",1,13,"unreliable","exp1a_s13_NN_u","NN","GN","N","N","G","N"
"77647oupk",2,10,"unreliable","exp1a_s10_GN_u","GN","GN","G","N","G","N"
"77647oupk",3,7,"unreliable","exp1a_s7_PN_u","PN","NN","P","N","N","N"
"77647oupk",4,17,"unreliable","exp1a_s17_PP_u","PP","NN","P","P","N","N"
"77647oupk",5,18,"unreliable","exp1a_s18_GG_u","GG","GP","G","G","G","P"
"77647oupk",6,14,"unreliable","exp1a_s14_NP_u","NP","NP","N","P","N","P"
"77647oupk",7,16,"unreliable","exp1a_s16_PN_u","PN","PP","P","N","P","P"
"77647oupk",8,3,"unreliable","exp1a_s3_NG_u","NG","GG","N","G","G","G"
"77647oupk",9,6,"unreliable","exp1a_s6_PG_u","PG","NG","P","G","N","G"
"77647oupk",10,2,"unreliable","exp1a_s2_GP_u","GP","GP","G","P","G","P"
"77647oupk",11,5,"unreliable","exp1a_s5_NP_u","NP","NN","N","P","N","N"
"77647oupk",12,11,"unreliable","exp1a_s11_GP_u","GP","GP","G","P","G","P"
"77647oupk",13,1,"unreliable","exp1a_s1_GN_u","GN","GN","G","N","G","N"
"77647oupk",14,15,"unreliable","exp1a_s15_PG_u","PG","NN","P","G","N","N"
"77647oupk",15,9,"unreliable","exp1a_s9_GG_u","GG","GG","G","G","G","G"
"77647oupk",16,4,"unreliable","exp1a_s4_NN_u","NN","PG","N","N","P","G"
"77647oupk",17,8,"unreliable","exp1a_s8_PP_u","PP","NN","P","P","N","N"
"77647oupk",18,12,"unreliable","exp1a_s12_NG_u","NG","PG","N","G","P","G"
"sear7wupf",1,18,"unreliable","exp1a_s18_GP_u","GP","GP","G","P","G","P"
"sear7wupf",2,12,"unreliable","exp1a_s12_NP_u","NP","PP","N","P","P","P"
"sear7wupf",3,1,"unreliable","exp1a_s1_NG_u","NG","PG","N","G","P","G"
"sear7wupf",4,8,"unreliable","exp1a_s8_GN_u","GN","GN","G","N","G","N"
"sear7wupf",5,15,"unreliable","exp1a_s15_PP_u","PP","PP","P","P","P","P"
"sear7wupf",6,16,"unreliable","exp1a_s16_GG_u","GG","GG","G","G","G","G"
"sear7wupf",7,17,"unreliable","exp1a_s17_GN_u","GN","GP","G","N","G","P"
"sear7wupf",8,6,"unreliable","exp1a_s6_PP_u","PP","PP","P","P","P","P"
"sear7wupf",9,5,"unreliable","exp1a_s5_PN_u","PN","PN","P","N","P","N"
"sear7wupf",10,10,"unreliable","exp1a_s10_NG_u","NG","NG","N","G","N","G"
"sear7wupf",11,9,"unreliable","exp1a_s9_GP_u","GP","GP","G","P","G","P"
"sear7wupf",12,3,"unreliable","exp1a_s3_NP_u","NP","NN","N","P","N","N"
"sear7wupf",13,14,"unreliable","exp1a_s14_PN_u","PN","PN","P","N","P","N"
"sear7wupf",14,4,"unreliable","exp1a_s4_PG_u","PG","NN","P","G","N","N"
"sear7wupf",15,2,"unreliable","exp1a_s2_NN_u","NN","PN","N","N","P","N"
"sear7wupf",16,13,"unreliable","exp1a_s13_PG_u","PG","PG","P","G","P","G"
"sear7wupf",17,11,"unreliable","exp1a_s11_NN_u","NN","NN","N","N","N","N"
"sear7wupf",18,7,"unreliable","exp1a_s7_GG_u","GG","GG","G","G","G","G"
"xs6s5aap3",1,2,"unreliable","exp1a_s2_NG_u","NG","PG","N","G","P","G"
"xs6s5aap3",2,9,"unreliable","exp1a_s9_GN_u","GN","PG","G","N","P","G"
"xs6s5aap3",3,14,"unreliable","exp1a_s14_PG_u","PG","PG","P","G","P","G"
"xs6s5aap3",4,15,"unreliable","exp1a_s15_PN_u","PN","PG","P","N","P","G"
"xs6s5aap3",5,16,"unreliable","exp1a_s16_PP_u","PP","PP","P","P","P","P"
"xs6s5aap3",6,11,"unreliable","exp1a_s11_NG_u","NG","PG","N","G","P","G"
"xs6s5aap3",7,17,"unreliable","exp1a_s17_GG_u","GG","GG","G","G","G","G"
"xs6s5aap3",8,12,"unreliable","exp1a_s12_NN_u","NN","GG","N","N","G","G"
"xs6s5aap3",9,5,"unreliable","exp1a_s5_PG_u","PG","PG","P","G","P","G"
"xs6s5aap3",10,4,"unreliable","exp1a_s4_NP_u","NP","PG","N","P","P","G"
"xs6s5aap3",11,3,"unreliable","exp1a_s3_NN_u","NN","NP","N","N","N","P"
"xs6s5aap3",12,1,"unreliable","exp1a_s1_GP_u","GP","GP","G","P","G","P"
"xs6s5aap3",13,7,"unreliable","exp1a_s7_PP_u","PP","PP","P","P","P","P"
"xs6s5aap3",14,8,"unreliable","exp1a_s8_GG_u","GG","GG","G","G","G","G"
"xs6s5aap3",15,6,"unreliable","exp1a_s6_PN_u","PN","PN","P","N","P","N"
"xs6s5aap3",16,13,"unreliable","exp1a_s13_NP_u","NP","NP","N","P","N","P"
"xs6s5aap3",17,18,"unreliable","exp1a_s18_GN_u","GN","GP","G","N","G","P"
"xs6s5aap3",18,10,"unreliable","exp1a_s10_GP_u","GP","GP","G","P","G","P"
"796ymt5m9",1,18,"reliable","exp1a_s18_NP_r","NP","PP","N","P","P","P"
"796ymt5m9",2,6,"reliable","exp1a_s6_GP_r","GP","GP","G","P","G","P"
"796ymt5m9",3,10,"reliable","exp1a_s10_PG_r","PG","PG","P","G","P","G"
"796ymt5m9",4,12,"reliable","exp1a_s12_PP_r","PP","NN","P","P","N","N"
"796ymt5m9",5,1,"reliable","exp1a_s1_PG_r","PG","PG","P","G","P","G"
"796ymt5m9",6,13,"reliable","exp1a_s13_GG_r","GG","GG","G","G","G","G"
"796ymt5m9",7,8,"reliable","exp1a_s8_NN_r","NN","NN","N","N","N","N"
"796ymt5m9",8,9,"reliable","exp1a_s9_NP_r","NP","NP","N","P","N","P"
"796ymt5m9",9,7,"reliable","exp1a_s7_NG_r","NG","NG","N","G","N","G"
"796ymt5m9",10,3,"reliable","exp1a_s3_PP_r","PP","PP","P","P","P","P"
"796ymt5m9",11,2,"reliable","exp1a_s2_PN_r","PN","PN","P","N","P","N"
"796ymt5m9",12,16,"reliable","exp1a_s16_NG_r","NG","NG","N","G","N","G"
"796ymt5m9",13,5,"reliable","exp1a_s5_GN_r","GN","GN","G","N","G","N"
"796ymt5m9",14,15,"reliable","exp1a_s15_GP_r","GP","GP","G","P","G","P"
"796ymt5m9",15,4,"reliable","exp1a_s4_GG_r","GG","GG","G","G","G","G"
"796ymt5m9",16,17,"reliable","exp1a_s17_NN_r","NN","PN","N","N","P","N"
"796ymt5m9",17,11,"reliable","exp1a_s11_PN_r","PN","PN","P","N","P","N"
"796ymt5m9",18,14,"reliable","exp1a_s14_GN_r","GN","GN","G","N","G","N"
"126mt0np8",1,8,"unreliable","exp1a_s8_PG_u","PG","PG","P","G","P","G"
"126mt0np8",2,18,"unreliable","exp1a_s18_PN_u","PN","PP","P","N","P","P"
"126mt0np8",3,6,"unreliable","exp1a_s6_NN_u","NN","NP","N","N","N","P"
"126mt0np8",4,13,"unreliable","exp1a_s13_GP_u","GP","NP","G","P","N","P"
"126mt0np8",5,11,"unreliable","exp1a_s11_GG_u","GG","GN","G","G","G","N"
"126mt0np8",6,9,"unreliable","exp1a_s9_PN_u","PN","PN","P","N","P","N"
"126mt0np8",7,16,"unreliable","exp1a_s16_NP_u","NP","NP","N","P","N","P"
"126mt0np8",8,10,"unreliable","exp1a_s10_PP_u","PP","PP","P","P","P","P"
"126mt0np8",9,12,"unreliable","exp1a_s12_GN_u","GN","GN","G","N","G","N"
"126mt0np8",10,1,"unreliable","exp1a_s1_PP_u","PP","PP","P","P","P","P"
"126mt0np8",11,7,"unreliable","exp1a_s7_NP_u","NP","NP","N","P","N","P"
"126mt0np8",12,3,"unreliable","exp1a_s3_GN_u","GN","GN","G","N","G","N"
"126mt0np8",13,5,"unreliable","exp1a_s5_NG_u","NG","NN","N","G","N","N"
"126mt0np8",14,15,"unreliable","exp1a_s15_NN_u","NN","NN","N","N","N","N"
"126mt0np8",15,14,"unreliable","exp1a_s14_NG_u","NG","NG","N","G","N","G"
"126mt0np8",16,17,"unreliable","exp1a_s17_PG_u","PG","PN","P","G","P","N"
"126mt0np8",17,2,"unreliable","exp1a_s2_GG_u","GG","NG","G","G","N","G"
"126mt0np8",18,4,"unreliable","exp1a_s4_GP_u","GP","NP","G","P","N","P"
"3a65d32mm",1,11,"unreliable","exp1a_s11_PG_u","PG","PP","P","G","P","P"
"3a65d32mm",2,1,"unreliable","exp1a_s1_NP_u","NP","PP","N","P","P","P"
"3a65d32mm",3,17,"unreliable","exp1a_s17_NG_u","NG","PP","N","G","P","P"
"3a65d32mm",4,7,"unreliable","exp1a_s7_GP_u","GP","PP","G","P","P","P"
"3a65d32mm",5,9,"unreliable","exp1a_s9_NN_u","NN","NG","N","N","N","G"
"3a65d32mm",6,8,"unreliable","exp1a_s8_NG_u","NG","GG","N","G","G","G"
"3a65d32mm",7,3,"unreliable","exp1a_s3_PN_u","PN","GG","P","N","G","G"
"3a65d32mm",8,2,"unreliable","exp1a_s2_PG_u","PG","GG","P","G","G","G"
"3a65d32mm",9,14,"unreliable","exp1a_s14_GG_u","GG","GG","G","G","G","G"
"3a65d32mm",10,12,"unreliable","exp1a_s12_PN_u","PN","GG","P","N","G","G"
"3a65d32mm",11,10,"unreliable","exp1a_s10_NP_u","NP","GG","N","P","G","G"
"3a65d32mm",12,18,"unreliable","exp1a_s18_NN_u","NN","NG","N","N","N","G"
"3a65d32mm",13,16,"unreliable","exp1a_s16_GP_u","GP","GG","G","P","G","G"
"3a65d32mm",14,13,"unreliable","exp1a_s13_PP_u","PP","GG","P","P","G","G"
"3a65d32mm",15,6,"unreliable","exp1a_s6_GN_u","GN","GG","G","N","G","G"
"3a65d32mm",16,4,"unreliable","exp1a_s4_PP_u","PP","GG","P","P","G","G"
"3a65d32mm",17,15,"unreliable","exp1a_s15_GN_u","GN","GN","G","N","G","N"
"3a65d32mm",18,5,"unreliable","exp1a_s5_GG_u","GG","GG","G","G","G","G"
"9z6agdvm8",1,18,"reliable","exp1a_s18_NG_r","NG","GG","N","G","G","G"
"9z6agdvm8",2,13,"reliable","exp1a_s13_PN_r","PN","PP","P","N","P","P"
"9z6agdvm8",3,14,"reliable","exp1a_s14_PP_r","PP","PP","P","P","P","P"
"9z6agdvm8",4,1,"reliable","exp1a_s1_NN_r","NN","PP","N","N","P","P"
"9z6agdvm8",5,15,"reliable","exp1a_s15_GG_r","GG","PP","G","G","P","P"
"9z6agdvm8",6,16,"reliable","exp1a_s16_GN_r","GN","PP","G","N","P","P"
"9z6agdvm8",7,11,"reliable","exp1a_s11_NP_r","NP","PP","N","P","P","P"
"9z6agdvm8",8,4,"reliable","exp1a_s4_PN_r","PN","PP","P","N","P","P"
"9z6agdvm8",9,8,"reliable","exp1a_s8_GP_r","GP","PP","G","P","P","P"
"9z6agdvm8",10,2,"reliable","exp1a_s2_NP_r","NP","PP","N","P","P","P"
"9z6agdvm8",11,6,"reliable","exp1a_s6_GG_r","GG","PP","G","G","P","P"
"9z6agdvm8",12,10,"reliable","exp1a_s10_NN_r","NN","PP","N","N","P","P"
"9z6agdvm8",13,12,"reliable","exp1a_s12_PG_r","PG","PP","P","G","P","P"
"9z6agdvm8",14,7,"reliable","exp1a_s7_GN_r","GN","PP","G","N","P","P"
"9z6agdvm8",15,9,"reliable","exp1a_s9_NG_r","NG","PP","N","G","P","P"
"9z6agdvm8",16,3,"reliable","exp1a_s3_PG_r","PG","PP","P","G","P","P"
"9z6agdvm8",17,17,"reliable","exp1a_s17_GP_r","GP","PP","G","P","P","P"
"9z6agdvm8",18,5,"reliable","exp1a_s5_PP_r","PP","PP","P","P","P","P"
"t5ar6o5m4",1,10,"reliable","exp1a_s10_NP_r","NP","NN","N","P","N","N"
"t5ar6o5m4",2,5,"reliable","exp1a_s5_GG_r","GG","GN","G","G","G","N"
"t5ar6o5m4",3,17,"reliable","exp1a_s17_NG_r","NG","NN","N","G","N","N"
"t5ar6o5m4",4,16,"reliable","exp1a_s16_GP_r","GP","NP","G","P","N","P"
"t5ar6o5m4",5,14,"reliable","exp1a_s14_GG_r","GG","GG","G","G","G","G"
"t5ar6o5m4",6,9,"reliable","exp1a_s9_NN_r","NN","PP","N","N","P","P"
"t5ar6o5m4",7,11,"reliable","exp1a_s11_PG_r","PG","PG","P","G","P","G"
"t5ar6o5m4",8,6,"reliable","exp1a_s6_GN_r","GN","NN","G","N","N","N"
"t5ar6o5m4",9,18,"reliable","exp1a_s18_NN_r","NN","GG","N","N","G","G"
"t5ar6o5m4",10,12,"reliable","exp1a_s12_PN_r","PN","NN","P","N","N","N"
"t5ar6o5m4",11,2,"reliable","exp1a_s2_PG_r","PG","NG","P","G","N","G"
"t5ar6o5m4",12,4,"reliable","exp1a_s4_PP_r","PP","PP","P","P","P","P"
"t5ar6o5m4",13,7,"reliable","exp1a_s7_GP_r","GP","NN","G","P","N","N"
"t5ar6o5m4",14,8,"reliable","exp1a_s8_NG_r","NG","NN","N","G","N","N"
"t5ar6o5m4",15,1,"reliable","exp1a_s1_NP_r","NP","GN","N","P","G","N"
"t5ar6o5m4",16,15,"reliable","exp1a_s15_GN_r","GN","GG","G","N","G","G"
"t5ar6o5m4",17,3,"reliable","exp1a_s3_PN_r","PN","GN","P","N","G","N"
"t5ar6o5m4",18,13,"reliable","exp1a_s13_PP_r","PP","PP","P","P","P","P"
"d16awocp0",1,4,"unreliable","exp1a_s4_PP_u","PP","GN","P","P","G","N"
"d16awocp0",2,6,"unreliable","exp1a_s6_GN_u","GN","NP","G","N","N","P"
"d16awocp0",3,10,"unreliable","exp1a_s10_NP_u","NP","NG","N","P","N","G"
"d16awocp0",4,7,"unreliable","exp1a_s7_GP_u","GP","NP","G","P","N","P"
"d16awocp0",5,13,"unreliable","exp1a_s13_PP_u","PP","NG","P","P","N","G"
"d16awocp0",6,18,"unreliable","exp1a_s18_NN_u","NN","GN","N","N","G","N"
"d16awocp0",7,3,"unreliable","exp1a_s3_PN_u","PN","PN","P","N","P","N"
"d16awocp0",8,14,"unreliable","exp1a_s14_GG_u","GG","NG","G","G","N","G"
"d16awocp0",9,17,"unreliable","exp1a_s17_NG_u","NG","GP","N","G","G","P"
"d16awocp0",10,2,"unreliable","exp1a_s2_PG_u","PG","NG","P","G","N","G"
"d16awocp0",11,12,"unreliable","exp1a_s12_PN_u","PN","GP","P","N","G","P"
"d16awocp0",12,9,"unreliable","exp1a_s9_NN_u","NN","GP","N","N","G","P"
"d16awocp0",13,11,"unreliable","exp1a_s11_PG_u","PG","PN","P","G","P","N"
"d16awocp0",14,15,"unreliable","exp1a_s15_GN_u","GN","GP","G","N","G","P"
"d16awocp0",15,8,"unreliable","exp1a_s8_NG_u","NG","GN","N","G","G","N"
"d16awocp0",16,5,"unreliable","exp1a_s5_GG_u","GG","GN","G","G","G","N"
"d16awocp0",17,16,"unreliable","exp1a_s16_GP_u","GP","PG","G","P","P","G"
"d16awocp0",18,1,"unreliable","exp1a_s1_NP_u","NP","PG","N","P","P","G"
"w1ainp9p1",1,10,"reliable","exp1a_s10_PG_r","PG","PP","P","G","P","P"
"w1ainp9p1",2,7,"reliable","exp1a_s7_NG_r","NG","GG","N","G","G","G"
"w1ainp9p1",3,2,"reliable","exp1a_s2_PN_r","PN","NN","P","N","N","N"
"w1ainp9p1",4,16,"reliable","exp1a_s16_NG_r","NG","NN","N","G","N","N"
"w1ainp9p1",5,5,"reliable","exp1a_s5_GN_r","GN","NN","G","N","N","N"
"w1ainp9p1",6,12,"reliable","exp1a_s12_PP_r","PP","NN","P","P","N","N"
"w1ainp9p1",7,4,"reliable","exp1a_s4_GG_r","GG","NN","G","G","N","N"
"w1ainp9p1",8,17,"reliable","exp1a_s17_NN_r","NN","NN","N","N","N","N"
"w1ainp9p1",9,15,"reliable","exp1a_s15_GP_r","GP","GN","G","P","G","N"
"w1ainp9p1",10,13,"reliable","exp1a_s13_GG_r","GG","GG","G","G","G","G"
"w1ainp9p1",11,1,"reliable","exp1a_s1_PG_r","PG","PP","P","G","P","P"
"w1ainp9p1",12,3,"reliable","exp1a_s3_PP_r","PP","PP","P","P","P","P"
"w1ainp9p1",13,18,"reliable","exp1a_s18_NP_r","NP","NN","N","P","N","N"
"w1ainp9p1",14,6,"reliable","exp1a_s6_GP_r","GP","GP","G","P","G","P"
"w1ainp9p1",15,11,"reliable","exp1a_s11_PN_r","PN","PP","P","N","P","P"
"w1ainp9p1",16,8,"reliable","exp1a_s8_NN_r","NN","PP","N","N","P","P"
"w1ainp9p1",17,9,"reliable","exp1a_s9_NP_r","NP","NN","N","P","N","N"
"w1ainp9p1",18,14,"reliable","exp1a_s14_GN_r","GN","GP","G","N","G","P"
"ekaaul8m4",1,18,"unreliable","exp1a_s18_NP_u","NP","GG","N","P","G","G"
"ekaaul8m4",2,8,"unreliable","exp1a_s8_NN_u","NN","GG","N","N","G","G"
"ekaaul8m4",3,5,"unreliable","exp1a_s5_GN_u","GN","GG","G","N","G","G"
"ekaaul8m4",4,15,"unreliable","exp1a_s15_GP_u","GP","PP","G","P","P","P"
"ekaaul8m4",5,3,"unreliable","exp1a_s3_PP_u","PP","GG","P","P","G","G"
"ekaaul8m4",6,10,"unreliable","exp1a_s10_PG_u","PG","GG","P","G","G","G"
"ekaaul8m4",7,4,"unreliable","exp1a_s4_GG_u","GG","GG","G","G","G","G"
"ekaaul8m4",8,16,"unreliable","exp1a_s16_NG_u","NG","GG","N","G","G","G"
"ekaaul8m4",9,9,"unreliable","exp1a_s9_NP_u","NP","GG","N","P","G","G"
"ekaaul8m4",10,6,"unreliable","exp1a_s6_GP_u","GP","GG","G","P","G","G"
"ekaaul8m4",11,13,"unreliable","exp1a_s13_GG_u","GG","GG","G","G","G","G"
"ekaaul8m4",12,1,"unreliable","exp1a_s1_PG_u","PG","GG","P","G","G","G"
"ekaaul8m4",13,17,"unreliable","exp1a_s17_NN_u","NN","GG","N","N","G","G"
"ekaaul8m4",14,2,"unreliable","exp1a_s2_PN_u","PN","PP","P","N","P","P"
"ekaaul8m4",15,7,"unreliable","exp1a_s7_NG_u","NG","GG","N","G","G","G"
"ekaaul8m4",16,12,"unreliable","exp1a_s12_PP_u","PP","GG","P","P","G","G"
"ekaaul8m4",17,11,"unreliable","exp1a_s11_PN_u","PN","GG","P","N","G","G"
"ekaaul8m4",18,14,"unreliable","exp1a_s14_GN_u","GN","GG","G","N","G","G"
"sna2mfqmy",1,7,"unreliable","exp1a_s7_NN_u","NN","NG","N","N","N","G"
"sna2mfqmy",2,6,"unreliable","exp1a_s6_NG_u","NG","GG","N","G","G","G"
"sna2mfqmy",3,10,"unreliable","exp1a_s10_PN_u","PN","PP","P","N","P","P"
"sna2mfqmy",4,14,"unreliable","exp1a_s14_GP_u","GP","GP","G","P","G","P"
"sna2mfqmy",5,13,"unreliable","exp1a_s13_GN_u","GN","GP","G","N","G","P"
"sna2mfqmy",6,8,"unreliable","exp1a_s8_NP_u","NP","NP","N","P","N","P"
"sna2mfqmy",7,9,"unreliable","exp1a_s9_PG_u","PG","PG","P","G","P","G"
"sna2mfqmy",8,2,"unreliable","exp1a_s2_PP_u","PP","GP","P","P","G","P"
"sna2mfqmy",9,16,"unreliable","exp1a_s16_NN_u","NN","GN","N","N","G","N"
"sna2mfqmy",10,15,"unreliable","exp1a_s15_NG_u","NG","GG","N","G","G","G"
"sna2mfqmy",11,4,"unreliable","exp1a_s4_GN_u","GN","GG","G","N","G","G"
"sna2mfqmy",12,3,"unreliable","exp1a_s3_GG_u","GG","NG","G","G","N","G"
"sna2mfqmy",13,1,"unreliable","exp1a_s1_PN_u","PN","PP","P","N","P","P"
"sna2mfqmy",14,17,"unreliable","exp1a_s17_NP_u","NP","NP","N","P","N","P"
"sna2mfqmy",15,12,"unreliable","exp1a_s12_GG_u","GG","GG","G","G","G","G"
"sna2mfqmy",16,11,"unreliable","exp1a_s11_PP_u","PP","PP","P","P","P","P"
"sna2mfqmy",17,5,"unreliable","exp1a_s5_GP_u","GP","GP","G","P","G","P"
"sna2mfqmy",18,18,"unreliable","exp1a_s18_PG_u","PG","PG","P","G","P","G"
"m96z031p0",1,4,"reliable","exp1a_s4_PP_r","PP","PP","P","P","P","P"
"m96z031p0",2,9,"reliable","exp1a_s9_NN_r","NN","PP","N","N","P","P"
"m96z031p0",3,12,"reliable","exp1a_s12_PN_r","PN","PN","P","N","P","N"
"m96z031p0",4,11,"reliable","exp1a_s11_PG_r","PG","PG","P","G","P","G"
"m96z031p0",5,15,"reliable","exp1a_s15_GN_r","GN","GP","G","N","G","P"
"m96z031p0",6,8,"reliable","exp1a_s8_NG_r","NG","PG","N","G","P","G"
"m96z031p0",7,14,"reliable","exp1a_s14_GG_r","GG","GG","G","G","G","G"
"m96z031p0",8,10,"reliable","exp1a_s10_NP_r","NP","NP","N","P","N","P"
"m96z031p0",9,13,"reliable","exp1a_s13_PP_r","PP","PP","P","P","P","P"
"m96z031p0",10,1,"reliable","exp1a_s1_NP_r","NP","NP","N","P","N","P"
"m96z031p0",11,7,"reliable","exp1a_s7_GP_r","GP","GP","G","P","G","P"
"m96z031p0",12,3,"reliable","exp1a_s3_PN_r","PN","PG","P","N","P","G"
"m96z031p0",13,5,"reliable","exp1a_s5_GG_r","GG","GN","G","G","G","N"
"m96z031p0",14,6,"reliable","exp1a_s6_GN_r","GN","GN","G","N","G","N"
"m96z031p0",15,2,"reliable","exp1a_s2_PG_r","PG","PG","P","G","P","G"
"m96z031p0",16,18,"reliable","exp1a_s18_NN_r","NN","NG","N","N","N","G"
"m96z031p0",17,16,"reliable","exp1a_s16_GP_r","GP","GP","G","P","G","P"
"m96z031p0",18,17,"reliable","exp1a_s17_NG_r","NG","NG","N","G","N","G"
"oh6nyirmq",1,3,"reliable","exp1a_s3_NP_r","NP","NN","N","P","N","N"
"oh6nyirmq",2,5,"reliable","exp1a_s5_PN_r","PN","NP","P","N","N","P"
"oh6nyirmq",3,2,"reliable","exp1a_s2_NN_r","NN","GP","N","N","G","P"
"oh6nyirmq",4,9,"reliable","exp1a_s9_GP_r","GP","GP","G","P","G","P"
"oh6nyirmq",5,15,"reliable","exp1a_s15_PP_r","PP","PP","P","P","P","P"
"oh6nyirmq",6,8,"reliable","exp1a_s8_GN_r","GN","GG","G","N","G","G"
"oh6nyirmq",7,11,"reliable","exp1a_s11_NN_r","NN","GP","N","N","G","P"
"oh6nyirmq",8,13,"reliable","exp1a_s13_PG_r","PG","PG","P","G","P","G"
"oh6nyirmq",9,6,"reliable","exp1a_s6_PP_r","PP","PP","P","P","P","P"
"oh6nyirmq",10,7,"reliable","exp1a_s7_GG_r","GG","GG","G","G","G","G"
"oh6nyirmq",11,10,"reliable","exp1a_s10_NG_r","NG","GG","N","G","G","G"
"oh6nyirmq",12,4,"reliable","exp1a_s4_PG_r","PG","PG","P","G","P","G"
"oh6nyirmq",13,17,"reliable","exp1a_s17_GN_r","GN","GG","G","N","G","G"
"oh6nyirmq",14,1,"reliable","exp1a_s1_NG_r","NG","NG","N","G","N","G"
"oh6nyirmq",15,16,"reliable","exp1a_s16_GG_r","GG","GG","G","G","G","G"
"oh6nyirmq",16,12,"reliable","exp1a_s12_NP_r","NP","GP","N","P","G","P"
"oh6nyirmq",17,18,"reliable","exp1a_s18_GP_r","GP","GN","G","P","G","N"
"oh6nyirmq",18,14,"reliable","exp1a_s14_PN_r","PN","PG","P","N","P","G"
"f468hu3p5",1,18,"reliable","exp1a_s18_GP_r","GP","GG","G","P","G","G"
"f468hu3p5",2,15,"reliable","exp1a_s15_PP_r","PP","PP","P","P","P","P"
"f468hu3p5",3,17,"reliable","exp1a_s17_GN_r","GN","NG","G","N","N","G"
"f468hu3p5",4,2,"reliable","exp1a_s2_NN_r","NN","GP","N","N","G","P"
"f468hu3p5",5,13,"reliable","exp1a_s13_PG_r","PG","PG","P","G","P","G"
"f468hu3p5",6,7,"reliable","exp1a_s7_GG_r","GG","GG","G","G","G","G"
"f468hu3p5",7,14,"reliable","exp1a_s14_PN_r","PN","PP","P","N","P","P"
"f468hu3p5",8,9,"reliable","exp1a_s9_GP_r","GP","NP","G","P","N","P"
"f468hu3p5",9,3,"reliable","exp1a_s3_NP_r","NP","NP","N","P","N","P"
"f468hu3p5",10,1,"reliable","exp1a_s1_NG_r","NG","NG","N","G","N","G"
"f468hu3p5",11,4,"reliable","exp1a_s4_PG_r","PG","PG","P","G","P","G"
"f468hu3p5",12,8,"reliable","exp1a_s8_GN_r","GN","GN","G","N","G","N"
"f468hu3p5",13,11,"reliable","exp1a_s11_NN_r","NN","GP","N","N","G","P"
"f468hu3p5",14,12,"reliable","exp1a_s12_NP_r","NP","GP","N","P","G","P"
"f468hu3p5",15,10,"reliable","exp1a_s10_NG_r","NG","NG","N","G","N","G"
"f468hu3p5",16,6,"reliable","exp1a_s6_PP_r","PP","PP","P","P","P","P"
"f468hu3p5",17,5,"reliable","exp1a_s5_PN_r","PN","PP","P","N","P","P"
"f468hu3p5",18,16,"reliable","exp1a_s16_GG_r","GG","GG","G","G","G","G"
"186rzq0mp",1,16,"reliable","exp1a_s16_NP_r","NP","PP","N","P","P","P"
"186rzq0mp",2,1,"reliable","exp1a_s1_PP_r","PP","PP","P","P","P","P"
"186rzq0mp",3,3,"reliable","exp1a_s3_GN_r","GN","GG","G","N","G","G"
"186rzq0mp",4,8,"reliable","exp1a_s8_PG_r","PG","PG","P","G","P","G"
"186rzq0mp",5,15,"reliable","exp1a_s15_NN_r","NN","NN","N","N","N","N"
"186rzq0mp",6,13,"reliable","exp1a_s13_GP_r","GP","GP","G","P","G","P"
"186rzq0mp",7,6,"reliable","exp1a_s6_NN_r","NN","NN","N","N","N","N"
"186rzq0mp",8,9,"reliable","exp1a_s9_PN_r","PN","PN","P","N","P","N"
"186rzq0mp",9,7,"reliable","exp1a_s7_NP_r","NP","NP","N","P","N","P"
"186rzq0mp",10,11,"reliable","exp1a_s11_GG_r","GG","GG","G","G","G","G"
"186rzq0mp",11,17,"reliable","exp1a_s17_PG_r","PG","PG","P","G","P","G"
"186rzq0mp",12,4,"reliable","exp1a_s4_GP_r","GP","GN","G","P","G","N"
"186rzq0mp",13,2,"reliable","exp1a_s2_GG_r","GG","GG","G","G","G","G"
"186rzq0mp",14,5,"reliable","exp1a_s5_NG_r","NG","GN","N","G","G","N"
"186rzq0mp",15,18,"reliable","exp1a_s18_PN_r","PN","PP","P","N","P","P"
"186rzq0mp",16,14,"reliable","exp1a_s14_NG_r","NG","NG","N","G","N","G"
"186rzq0mp",17,10,"reliable","exp1a_s10_PP_r","PP","PP","P","P","P","P"
"186rzq0mp",18,12,"reliable","exp1a_s12_GN_r","GN","GN","G","N","G","N"
"sf62ccqpm",1,7,"reliable","exp1a_s7_GG_r","GG","GG","G","G","G","G"
"sf62ccqpm",2,2,"reliable","exp1a_s2_NN_r","NN","GP","N","N","G","P"
"sf62ccqpm",3,1,"reliable","exp1a_s1_NG_r","NG","PG","N","G","P","G"
"sf62ccqpm",4,15,"reliable","exp1a_s15_PP_r","PP","PP","P","P","P","P"
"sf62ccqpm",5,10,"reliable","exp1a_s10_NG_r","NG","NG","N","G","N","G"
"sf62ccqpm",6,14,"reliable","exp1a_s14_PN_r","PN","NP","P","N","N","P"
"sf62ccqpm",7,13,"reliable","exp1a_s13_PG_r","PG","PG","P","G","P","G"
"sf62ccqpm",8,6,"reliable","exp1a_s6_PP_r","PP","PP","P","P","P","P"
"sf62ccqpm",9,5,"reliable","exp1a_s5_PN_r","PN","NP","P","N","N","P"
"sf62ccqpm",10,8,"reliable","exp1a_s8_GN_r","GN","NG","G","N","N","G"
"sf62ccqpm",11,11,"reliable","exp1a_s11_NN_r","NN","GN","N","N","G","N"
"sf62ccqpm",12,9,"reliable","exp1a_s9_GP_r","GP","GN","G","P","G","N"
"sf62ccqpm",13,3,"reliable","exp1a_s3_NP_r","NP","NP","N","P","N","P"
"sf62ccqpm",14,18,"reliable","exp1a_s18_GP_r","GP","NG","G","P","N","G"
"sf62ccqpm",15,12,"reliable","exp1a_s12_NP_r","NP","NN","N","P","N","N"
"sf62ccqpm",16,16,"reliable","exp1a_s16_GG_r","GG","GG","G","G","G","G"
"sf62ccqpm",17,4,"reliable","exp1a_s4_PG_r","PG","PG","P","G","P","G"
"sf62ccqpm",18,17,"reliable","exp1a_s17_GN_r","GN","GN","G","N","G","N"
"kf6s0snp3",1,5,"unreliable","exp1a_s5_GP_u","GP","NP","G","P","N","P"
"kf6s0snp3",2,2,"unreliable","exp1a_s2_PP_u","PP","PP","P","P","P","P"
"kf6s0snp3",3,13,"unreliable","exp1a_s13_GN_u","GN","GN","G","N","G","N"
"kf6s0snp3",4,8,"unreliable","exp1a_s8_NP_u","NP","NP","N","P","N","P"
"kf6s0snp3",5,12,"unreliable","exp1a_s12_GG_u","GG","GG","G","G","G","G"
"kf6s0snp3",6,10,"unreliable","exp1a_s10_PN_u","PN","PN","P","N","P","N"
"kf6s0snp3",7,17,"unreliable","exp1a_s17_NP_u","NP","NP","N","P","N","P"
"kf6s0snp3",8,15,"unreliable","exp1a_s15_NG_u","NG","NG","N","G","N","G"
"kf6s0snp3",9,1,"unreliable","exp1a_s1_PN_u","PN","PN","P","N","P","N"
"kf6s0snp3",10,7,"unreliable","exp1a_s7_NN_u","NN","PN","N","N","P","N"
"kf6s0snp3",11,18,"unreliable","exp1a_s18_PG_u","PG","PG","P","G","P","G"
"kf6s0snp3",12,14,"unreliable","exp1a_s14_GP_u","GP","GP","G","P","G","P"
"kf6s0snp3",13,16,"unreliable","exp1a_s16_NN_u","NN","NN","N","N","N","N"
"kf6s0snp3",14,3,"unreliable","exp1a_s3_GG_u","GG","GG","G","G","G","G"
"kf6s0snp3",15,6,"unreliable","exp1a_s6_NG_u","NG","NG","N","G","N","G"
"kf6s0snp3",16,9,"unreliable","exp1a_s9_PG_u","PG","PG","P","G","P","G"
"kf6s0snp3",17,11,"unreliable","exp1a_s11_PP_u","PP","PP","P","P","P","P"
"kf6s0snp3",18,4,"unreliable","exp1a_s4_GN_u","GN","NN","G","N","N","N"
"d76gn1lmg",1,3,"reliable","exp1a_s3_NN_r","NN","NN","N","N","N","N"
"d76gn1lmg",2,8,"reliable","exp1a_s8_GG_r","GG","GN","G","G","G","N"
"d76gn1lmg",3,12,"reliable","exp1a_s12_NN_r","NN","PN","N","N","P","N"
"d76gn1lmg",4,2,"reliable","exp1a_s2_NG_r","NG","NG","N","G","N","G"
"d76gn1lmg",5,17,"reliable","exp1a_s17_GG_r","GG","GG","G","G","G","G"
"d76gn1lmg",6,7,"reliable","exp1a_s7_PP_r","PP","PP","P","P","P","P"
"d76gn1lmg",7,18,"reliable","exp1a_s18_GN_r","GN","NG","G","N","N","G"
"d76gn1lmg",8,15,"reliable","exp1a_s15_PN_r","PN","PN","P","N","P","N"
"d76gn1lmg",9,16,"reliable","exp1a_s16_PP_r","PP","PP","P","P","P","P"
"d76gn1lmg",10,4,"reliable","exp1a_s4_NP_r","NP","NP","N","P","N","P"
"d76gn1lmg",11,11,"reliable","exp1a_s11_NG_r","NG","NN","N","G","N","N"
"d76gn1lmg",12,6,"reliable","exp1a_s6_PN_r","PN","PP","P","N","P","P"
"d76gn1lmg",13,1,"reliable","exp1a_s1_GP_r","GP","GP","G","P","G","P"
"d76gn1lmg",14,5,"reliable","exp1a_s5_PG_r","PG","PN","P","G","P","N"
"d76gn1lmg",15,10,"reliable","exp1a_s10_GP_r","GP","GN","G","P","G","N"
"d76gn1lmg",16,9,"reliable","exp1a_s9_GN_r","GN","GP","G","N","G","P"
"d76gn1lmg",17,14,"reliable","exp1a_s14_PG_r","PG","PG","P","G","P","G"
"d76gn1lmg",18,13,"reliable","exp1a_s13_NP_r","NP","NP","N","P","N","P"
"2mauvwapj",1,4,"reliable","exp1a_s4_PP_r","PP","PP","P","P","P","P"
"2mauvwapj",2,17,"reliable","exp1a_s17_NG_r","NG","PG","N","G","P","G"
"2mauvwapj",3,14,"reliable","exp1a_s14_GG_r","GG","GG","G","G","G","G"
"2mauvwapj",4,12,"reliable","exp1a_s12_PN_r","PN","PN","P","N","P","N"
"2mauvwapj",5,7,"reliable","exp1a_s7_GP_r","GP","GP","G","P","G","P"
"2mauvwapj",6,1,"reliable","exp1a_s1_NP_r","NP","PP","N","P","P","P"
"2mauvwapj",7,11,"reliable","exp1a_s11_PG_r","PG","PN","P","G","P","N"
"2mauvwapj",8,8,"reliable","exp1a_s8_NG_r","NG","NG","N","G","N","G"
"2mauvwapj",9,18,"reliable","exp1a_s18_NN_r","NN","NN","N","N","N","N"
"2mauvwapj",10,5,"reliable","exp1a_s5_GG_r","GG","GN","G","G","G","N"
"2mauvwapj",11,15,"reliable","exp1a_s15_GN_r","GN","GN","G","N","G","N"
"2mauvwapj",12,2,"reliable","exp1a_s2_PG_r","PG","PG","P","G","P","G"
"2mauvwapj",13,9,"reliable","exp1a_s9_NN_r","NN","NN","N","N","N","N"
"2mauvwapj",14,10,"reliable","exp1a_s10_NP_r","NP","PP","N","P","P","P"
"2mauvwapj",15,13,"reliable","exp1a_s13_PP_r","PP","PP","P","P","P","P"
"2mauvwapj",16,3,"reliable","exp1a_s3_PN_r","PN","PN","P","N","P","N"
"2mauvwapj",17,16,"reliable","exp1a_s16_GP_r","GP","NP","G","P","N","P"
"2mauvwapj",18,6,"reliable","exp1a_s6_GN_r","GN","GN","G","N","G","N"
"xn6s912mz",1,4,"reliable","exp1a_s4_GN_r","GN","NP","G","N","N","P"
"xn6s912mz",2,18,"reliable","exp1a_s18_PG_r","PG","PN","P","G","P","N"
"xn6s912mz",3,11,"reliable","exp1a_s11_PP_r","PP","PP","P","P","P","P"
"xn6s912mz",4,14,"reliable","exp1a_s14_GP_r","GP","NP","G","P","N","P"
"xn6s912mz",5,7,"reliable","exp1a_s7_NN_r","NN","NN","N","N","N","N"
"xn6s912mz",6,10,"reliable","exp1a_s10_PN_r","PN","PN","P","N","P","N"
"xn6s912mz",7,12,"reliable","exp1a_s12_GG_r","GG","NG","G","G","N","G"
"xn6s912mz",8,6,"reliable","exp1a_s6_NG_r","NG","NN","N","G","N","N"
"xn6s912mz",9,16,"reliable","exp1a_s16_NN_r","NN","NN","N","N","N","N"
"xn6s912mz",10,17,"reliable","exp1a_s17_NP_r","NP","PP","N","P","P","P"
"xn6s912mz",11,13,"reliable","exp1a_s13_GN_r","GN","GP","G","N","G","P"
"xn6s912mz",12,8,"reliable","exp1a_s8_NP_r","NP","NP","N","P","N","P"
"xn6s912mz",13,3,"reliable","exp1a_s3_GG_r","GG","GG","G","G","G","G"
"xn6s912mz",14,15,"reliable","exp1a_s15_NG_r","NG","PG","N","G","P","G"
"xn6s912mz",15,2,"reliable","exp1a_s2_PP_r","PP","PP","P","P","P","P"
"xn6s912mz",16,9,"reliable","exp1a_s9_PG_r","PG","PG","P","G","P","G"
"xn6s912mz",17,1,"reliable","exp1a_s1_PN_r","PN","PN","P","N","P","N"
"xn6s912mz",18,5,"reliable","exp1a_s5_GP_r","GP","NP","G","P","N","P"
"82az5jomz",1,5,"reliable","exp1a_s5_PG_r","PG","PG","P","G","P","G"
"82az5jomz",2,3,"reliable","exp1a_s3_NN_r","NN","NG","N","N","N","G"
"82az5jomz",3,15,"reliable","exp1a_s15_PN_r","PN","PP","P","N","P","P"
"82az5jomz",4,2,"reliable","exp1a_s2_NG_r","NG","GG","N","G","G","G"
"82az5jomz",5,9,"reliable","exp1a_s9_GN_r","GN","GN","G","N","G","N"
"82az5jomz",6,13,"reliable","exp1a_s13_NP_r","NP","NP","N","P","N","P"
"82az5jomz",7,7,"reliable","exp1a_s7_PP_r","PP","PP","P","P","P","P"
"82az5jomz",8,14,"reliable","exp1a_s14_PG_r","PG","PG","P","G","P","G"
"82az5jomz",9,8,"reliable","exp1a_s8_GG_r","GG","GN","G","G","G","N"
"82az5jomz",10,4,"reliable","exp1a_s4_NP_r","NP","PP","N","P","P","P"
"82az5jomz",11,1,"reliable","exp1a_s1_GP_r","GP","GP","G","P","G","P"
"82az5jomz",12,12,"reliable","exp1a_s12_NN_r","NN","NN","N","N","N","N"
"82az5jomz",13,16,"reliable","exp1a_s16_PP_r","PP","PP","P","P","P","P"
"82az5jomz",14,10,"reliable","exp1a_s10_GP_r","GP","GP","G","P","G","P"
"82az5jomz",15,17,"reliable","exp1a_s17_GG_r","GG","GG","G","G","G","G"
"82az5jomz",16,18,"reliable","exp1a_s18_GN_r","GN","GN","G","N","G","N"
"82az5jomz",17,11,"reliable","exp1a_s11_NG_r","NG","NG","N","G","N","G"
"82az5jomz",18,6,"reliable","exp1a_s6_PN_r","PN","PG","P","N","P","G"
"pya1bf3mx",1,7,"unreliable","exp1a_s7_NP_u","NP","PN","N","P","P","N"
"pya1bf3mx",2,9,"unreliable","exp1a_s9_PN_u","PN","GP","P","N","G","P"
"pya1bf3mx",3,4,"unreliable","exp1a_s4_GP_u","GP","GP","G","P","G","P"
"pya1bf3mx",4,17,"unreliable","exp1a_s17_PG_u","PG","NP","P","G","N","P"
"pya1bf3mx",5,10,"unreliable","exp1a_s10_PP_u","PP","GN","P","P","G","N"
"pya1bf3mx",6,18,"unreliable","exp1a_s18_PN_u","PN","NN","P","N","N","N"
"pya1bf3mx",7,5,"unreliable","exp1a_s5_NG_u","NG","PP","N","G","P","P"
"pya1bf3mx",8,15,"unreliable","exp1a_s15_NN_u","NN","GP","N","N","G","P"
"pya1bf3mx",9,16,"unreliable","exp1a_s16_NP_u","NP","PG","N","P","P","G"
"pya1bf3mx",10,1,"unreliable","exp1a_s1_PP_u","PP","NN","P","P","N","N"
"pya1bf3mx",11,11,"unreliable","exp1a_s11_GG_u","GG","GP","G","G","G","P"
"pya1bf3mx",12,6,"unreliable","exp1a_s6_NN_u","NN","GG","N","N","G","G"
"pya1bf3mx",13,2,"unreliable","exp1a_s2_GG_u","GG","PP","G","G","P","P"
"pya1bf3mx",14,3,"unreliable","exp1a_s3_GN_u","GN","GP","G","N","G","P"
"pya1bf3mx",15,14,"unreliable","exp1a_s14_NG_u","NG","PP","N","G","P","P"
"pya1bf3mx",16,13,"unreliable","exp1a_s13_GP_u","GP","GP","G","P","G","P"
"pya1bf3mx",17,12,"unreliable","exp1a_s12_GN_u","GN","PG","G","N","P","G"
"pya1bf3mx",18,8,"unreliable","exp1a_s8_PG_u","PG","NP","P","G","N","P"
"rearo1wmy",1,14,"unreliable","exp1a_s14_GG_u","GG","GG","G","G","G","G"
"rearo1wmy",2,7,"unreliable","exp1a_s7_GP_u","GP","GN","G","P","G","N"
"rearo1wmy",3,13,"unreliable","exp1a_s13_PP_u","PP","PP","P","P","P","P"
"rearo1wmy",4,11,"unreliable","exp1a_s11_PG_u","PG","PG","P","G","P","G"
"rearo1wmy",5,6,"unreliable","exp1a_s6_GN_u","GN","GN","G","N","G","N"
"rearo1wmy",6,10,"unreliable","exp1a_s10_NP_u","NP","NP","N","P","N","P"
"rearo1wmy",7,9,"unreliable","exp1a_s9_NN_u","NN","NN","N","N","N","N"
"rearo1wmy",8,2,"unreliable","exp1a_s2_PG_u","PG","PG","P","G","P","G"
"rearo1wmy",9,18,"unreliable","exp1a_s18_NN_u","NN","NN","N","N","N","N"
"rearo1wmy",10,5,"unreliable","exp1a_s5_GG_u","GG","GG","G","G","G","G"
"rearo1wmy",11,4,"unreliable","exp1a_s4_PP_u","PP","PP","P","P","P","P"
"rearo1wmy",12,1,"unreliable","exp1a_s1_NP_u","NP","PP","N","P","P","P"
"rearo1wmy",13,3,"unreliable","exp1a_s3_PN_u","PN","NP","P","N","N","P"
"rearo1wmy",14,16,"unreliable","exp1a_s16_GP_u","GP","GP","G","P","G","P"
"rearo1wmy",15,17,"unreliable","exp1a_s17_NG_u","NG","NG","N","G","N","G"
"rearo1wmy",16,12,"unreliable","exp1a_s12_PN_u","PN","PP","P","N","P","P"
"rearo1wmy",17,8,"unreliable","exp1a_s8_NG_u","NG","PG","N","G","P","G"
"rearo1wmy",18,15,"unreliable","exp1a_s15_GN_u","GN","GG","G","N","G","G"
"teatzwjms",1,4,"reliable","exp1a_s4_GN_r","GN","NP","G","N","N","P"
"teatzwjms",2,11,"reliable","exp1a_s11_PP_r","PP","PP","P","P","P","P"
"teatzwjms",3,8,"reliable","exp1a_s8_NP_r","NP","PP","N","P","P","P"
"teatzwjms",4,12,"reliable","exp1a_s12_GG_r","GG","GG","G","G","G","G"
"teatzwjms",5,2,"reliable","exp1a_s2_PP_r","PP","PP","P","P","P","P"
"teatzwjms",6,6,"reliable","exp1a_s6_NG_r","NG","NG","N","G","N","G"
"teatzwjms",7,13,"reliable","exp1a_s13_GN_r","GN","GN","G","N","G","N"
"teatzwjms",8,9,"reliable","exp1a_s9_PG_r","PG","PG","P","G","P","G"
"teatzwjms",9,16,"reliable","exp1a_s16_NN_r","NN","NP","N","N","N","P"
"teatzwjms",10,1,"reliable","exp1a_s1_PN_r","PN","PN","P","N","P","N"
"teatzwjms",11,15,"reliable","exp1a_s15_NG_r","NG","NG","N","G","N","G"
"teatzwjms",12,18,"reliable","exp1a_s18_PG_r","PG","PG","P","G","P","G"
"teatzwjms",13,17,"reliable","exp1a_s17_NP_r","NP","NP","N","P","N","P"
"teatzwjms",14,14,"reliable","exp1a_s14_GP_r","GP","GP","G","P","G","P"
"teatzwjms",15,10,"reliable","exp1a_s10_PN_r","PN","PN","P","N","P","N"
"teatzwjms",16,7,"reliable","exp1a_s7_NN_r","NN","NN","N","N","N","N"
"teatzwjms",17,3,"reliable","exp1a_s3_GG_r","GG","GG","G","G","G","G"
"teatzwjms",18,5,"reliable","exp1a_s5_GP_r","GP","GN","G","P","G","N"
"9f6bud5pp",1,6,"reliable","exp1a_s6_NG_r","NG","NG","N","G","N","G"
"9f6bud5pp",2,16,"reliable","exp1a_s16_NN_r","NN","PG","N","N","P","G"
"9f6bud5pp",3,9,"reliable","exp1a_s9_PG_r","PG","PG","P","G","P","G"
"9f6bud5pp",4,5,"reliable","exp1a_s5_GP_r","GP","GP","G","P","G","P"
"9f6bud5pp",5,15,"reliable","exp1a_s15_NG_r","NG","NG","N","G","N","G"
"9f6bud5pp",6,10,"reliable","exp1a_s10_PN_r","PN","PN","P","N","P","N"
"9f6bud5pp",7,11,"reliable","exp1a_s11_PP_r","PP","PP","P","P","P","P"
"9f6bud5pp",8,8,"reliable","exp1a_s8_NP_r","NP","NP","N","P","N","P"
"9f6bud5pp",9,4,"reliable","exp1a_s4_GN_r","GN","GN","G","N","G","N"
"9f6bud5pp",10,3,"reliable","exp1a_s3_GG_r","GG","GG","G","G","G","G"
"9f6bud5pp",11,14,"reliable","exp1a_s14_GP_r","GP","GN","G","P","G","N"
"9f6bud5pp",12,17,"reliable","exp1a_s17_NP_r","NP","NP","N","P","N","P"
"9f6bud5pp",13,1,"reliable","exp1a_s1_PN_r","PN","PN","P","N","P","N"
"9f6bud5pp",14,2,"reliable","exp1a_s2_PP_r","PP","NP","P","P","N","P"
"9f6bud5pp",15,7,"reliable","exp1a_s7_NN_r","NN","PN","N","N","P","N"
"9f6bud5pp",16,18,"reliable","exp1a_s18_PG_r","PG","PG","P","G","P","G"
"9f6bud5pp",17,13,"reliable","exp1a_s13_GN_r","GN","GN","G","N","G","N"
"9f6bud5pp",18,12,"reliable","exp1a_s12_GG_r","GG","GG","G","G","G","G"
"n0a107dpb",1,14,"unreliable","exp1a_s14_PP_u","PP","PP","P","P","P","P"
"n0a107dpb",2,9,"unreliable","exp1a_s9_NG_u","NG","GG","N","G","G","G"
"n0a107dpb",3,12,"unreliable","exp1a_s12_PG_u","PG","PG","P","G","P","G"
"n0a107dpb",4,8,"unreliable","exp1a_s8_GP_u","GP","NN","G","P","N","N"
"n0a107dpb",5,6,"unreliable","exp1a_s6_GG_u","GG","GG","G","G","G","G"
"n0a107dpb",6,7,"unreliable","exp1a_s7_GN_u","GN","GG","G","N","G","G"
"n0a107dpb",7,3,"unreliable","exp1a_s3_PG_u","PG","NG","P","G","N","G"
"n0a107dpb",8,15,"unreliable","exp1a_s15_GG_u","GG","GG","G","G","G","G"
"n0a107dpb",9,10,"unreliable","exp1a_s10_NN_u","NN","NN","N","N","N","N"
"n0a107dpb",10,11,"unreliable","exp1a_s11_NP_u","NP","GP","N","P","G","P"
"n0a107dpb",11,4,"unreliable","exp1a_s4_PN_u","PN","NN","P","N","N","N"
"n0a107dpb",12,16,"unreliable","exp1a_s16_GN_u","GN","GP","G","N","G","P"
"n0a107dpb",13,5,"unreliable","exp1a_s5_PP_u","PP","PP","P","P","P","P"
"n0a107dpb",14,2,"unreliable","exp1a_s2_NP_u","NP","PP","N","P","P","P"
"n0a107dpb",15,18,"unreliable","exp1a_s18_NG_u","NG","GN","N","G","G","N"
"n0a107dpb",16,13,"unreliable","exp1a_s13_PN_u","PN","NN","P","N","N","N"
"n0a107dpb",17,17,"unreliable","exp1a_s17_GP_u","GP","GN","G","P","G","N"
"n0a107dpb",18,1,"unreliable","exp1a_s1_NN_u","NN","PP","N","N","P","P"
"v96zezlmv",1,14,"reliable","exp1a_s14_GG_r","GG","GP","G","G","G","P"
"v96zezlmv",2,18,"reliable","exp1a_s18_NN_r","NN","PG","N","N","P","G"
"v96zezlmv",3,6,"reliable","exp1a_s6_GN_r","GN","GP","G","N","G","P"
"v96zezlmv",4,3,"reliable","exp1a_s3_PN_r","PN","PG","P","N","P","G"
"v96zezlmv",5,8,"reliable","exp1a_s8_NG_r","NG","PG","N","G","P","G"
"v96zezlmv",6,5,"reliable","exp1a_s5_GG_r","GG","PG","G","G","P","G"
"v96zezlmv",7,15,"reliable","exp1a_s15_GN_r","GN","PG","G","N","P","G"
"v96zezlmv",8,11,"reliable","exp1a_s11_PG_r","PG","PG","P","G","P","G"
"v96zezlmv",9,12,"reliable","exp1a_s12_PN_r","PN","PG","P","N","P","G"
"v96zezlmv",10,13,"reliable","exp1a_s13_PP_r","PP","PG","P","P","P","G"
"v96zezlmv",11,9,"reliable","exp1a_s9_NN_r","NN","GP","N","N","G","P"
"v96zezlmv",12,1,"reliable","exp1a_s1_NP_r","NP","GP","N","P","G","P"
"v96zezlmv",13,2,"reliable","exp1a_s2_PG_r","PG","GP","P","G","G","P"
"v96zezlmv",14,4,"reliable","exp1a_s4_PP_r","PP","GG","P","P","G","G"
"v96zezlmv",15,16,"reliable","exp1a_s16_GP_r","GP","PG","G","P","P","G"
"v96zezlmv",16,10,"reliable","exp1a_s10_NP_r","NP","NP","N","P","N","P"
"v96zezlmv",17,17,"reliable","exp1a_s17_NG_r","NG","GP","N","G","G","P"
"v96zezlmv",18,7,"reliable","exp1a_s7_GP_r","GP","PP","G","P","P","P"
"x96bylwmt",1,14,"unreliable","exp1a_s14_NN_u","NN","NN","N","N","N","N"
"x96bylwmt",2,16,"unreliable","exp1a_s16_PG_u","PG","NG","P","G","N","G"
"x96bylwmt",3,12,"unreliable","exp1a_s12_GP_u","GP","GP","G","P","G","P"
"x96bylwmt",4,17,"unreliable","exp1a_s17_PN_u","PN","PP","P","N","P","P"
"x96bylwmt",5,4,"unreliable","exp1a_s4_NG_u","NG","NN","N","G","N","N"
"x96bylwmt",6,10,"unreliable","exp1a_s10_GG_u","GG","NG","G","G","N","G"
"x96bylwmt",7,15,"unreliable","exp1a_s15_NP_u","NP","NP","N","P","N","P"
"x96bylwmt",8,18,"unreliable","exp1a_s18_PP_u","PP","NP","P","P","N","P"
"x96bylwmt",9,5,"unreliable","exp1a_s5_NN_u","NN","PN","N","N","P","N"
"x96bylwmt",10,7,"unreliable","exp1a_s7_PG_u","PG","PN","P","G","P","N"
"x96bylwmt",11,9,"unreliable","exp1a_s9_PP_u","PP","PP","P","P","P","P"
"x96bylwmt",12,6,"unreliable","exp1a_s6_NP_u","NP","NN","N","P","N","N"
"x96bylwmt",13,11,"unreliable","exp1a_s11_GN_u","GN","NN","G","N","N","N"
"x96bylwmt",14,8,"unreliable","exp1a_s8_PN_u","PN","NN","P","N","N","N"
"x96bylwmt",15,2,"unreliable","exp1a_s2_GN_u","GN","NN","G","N","N","N"
"x96bylwmt",16,1,"unreliable","exp1a_s1_GG_u","GG","GG","G","G","G","G"
"x96bylwmt",17,3,"unreliable","exp1a_s3_GP_u","GP","GP","G","P","G","P"
"x96bylwmt",18,13,"unreliable","exp1a_s13_NG_u","NG","NG","N","G","N","G"
"u564166mg",1,1,"reliable","exp1a_s1_PG_r","PG","NG","P","G","N","G"
"u564166mg",2,3,"reliable","exp1a_s3_PP_r","PP","PP","P","P","P","P"
"u564166mg",3,18,"reliable","exp1a_s18_NP_r","NP","PP","N","P","P","P"
"u564166mg",4,14,"reliable","exp1a_s14_GN_r","GN","GN","G","N","G","N"
"u564166mg",5,16,"reliable","exp1a_s16_NG_r","NG","PG","N","G","P","G"
"u564166mg",6,9,"reliable","exp1a_s9_NP_r","NP","PP","N","P","P","P"
"u564166mg",7,7,"reliable","exp1a_s7_NG_r","NG","NG","N","G","N","G"
"u564166mg",8,12,"reliable","exp1a_s12_PP_r","PP","PP","P","P","P","P"
"u564166mg",9,11,"reliable","exp1a_s11_PN_r","PN","PP","P","N","P","P"
"u564166mg",10,17,"reliable","exp1a_s17_NN_r","NN","PG","N","N","P","G"
"u564166mg",11,10,"reliable","exp1a_s10_PG_r","PG","PG","P","G","P","G"
"u564166mg",12,4,"reliable","exp1a_s4_GG_r","GG","GG","G","G","G","G"
"u564166mg",13,15,"reliable","exp1a_s15_GP_r","GP","GP","G","P","G","P"
"u564166mg",14,5,"reliable","exp1a_s5_GN_r","GN","GP","G","N","G","P"
"u564166mg",15,8,"reliable","exp1a_s8_NN_r","NN","NP","N","N","N","P"
"u564166mg",16,6,"reliable","exp1a_s6_GP_r","GP","GP","G","P","G","P"
"u564166mg",17,13,"reliable","exp1a_s13_GG_r","GG","GG","G","G","G","G"
"u564166mg",18,2,"reliable","exp1a_s2_PN_r","PN","PP","P","N","P","P"
"j560p5jmo",1,13,"unreliable","exp1a_s13_NG_u","NG","NG","N","G","N","G"
"j560p5jmo",2,9,"unreliable","exp1a_s9_PP_u","PP","NN","P","P","N","N"
"j560p5jmo",3,7,"unreliable","exp1a_s7_PG_u","PG","PG","P","G","P","G"
"j560p5jmo",4,17,"unreliable","exp1a_s17_PN_u","PN","NP","P","N","N","P"
"j560p5jmo",5,4,"unreliable","exp1a_s4_NG_u","NG","PG","N","G","P","G"
"j560p5jmo",6,18,"unreliable","exp1a_s18_PP_u","PP","NN","P","P","N","N"
"j560p5jmo",7,15,"unreliable","exp1a_s15_NP_u","NP","NN","N","P","N","N"
"j560p5jmo",8,12,"unreliable","exp1a_s12_GP_u","GP","GP","G","P","G","P"
"j560p5jmo",9,16,"unreliable","exp1a_s16_PG_u","PG","NG","P","G","N","G"
"j560p5jmo",10,11,"unreliable","exp1a_s11_GN_u","GN","GN","G","N","G","N"
"j560p5jmo",11,10,"unreliable","exp1a_s10_GG_u","GG","GG","G","G","G","G"
"j560p5jmo",12,14,"unreliable","exp1a_s14_NN_u","NN","GN","N","N","G","N"
"j560p5jmo",13,2,"unreliable","exp1a_s2_GN_u","GN","GN","G","N","G","N"
"j560p5jmo",14,1,"unreliable","exp1a_s1_GG_u","GG","GG","G","G","G","G"
"j560p5jmo",15,3,"unreliable","exp1a_s3_GP_u","GP","GP","G","P","G","P"
"j560p5jmo",16,6,"unreliable","exp1a_s6_NP_u","NP","NP","N","P","N","P"
"j560p5jmo",17,8,"unreliable","exp1a_s8_PN_u","PN","NN","P","N","N","N"
"j560p5jmo",18,5,"unreliable","exp1a_s5_NN_u","NN","PG","N","N","P","G"
"ymar5q8mj",1,2,"unreliable","exp1a_s2_GN_u","GN","GN","G","N","G","N"
"ymar5q8mj",2,4,"unreliable","exp1a_s4_NG_u","NG","NN","N","G","N","N"
"ymar5q8mj",3,14,"unreliable","exp1a_s14_NN_u","NN","GG","N","N","G","G"
"ymar5q8mj",4,17,"unreliable","exp1a_s17_PN_u","PN","NN","P","N","N","N"
"ymar5q8mj",5,1,"unreliable","exp1a_s1_GG_u","GG","NG","G","G","N","G"
"ymar5q8mj",6,16,"unreliable","exp1a_s16_PG_u","PG","PG","P","G","P","G"
"ymar5q8mj",7,3,"unreliable","exp1a_s3_GP_u","GP","PP","G","P","P","P"
"ymar5q8mj",8,13,"unreliable","exp1a_s13_NG_u","NG","NN","N","G","N","N"
"ymar5q8mj",9,15,"unreliable","exp1a_s15_NP_u","NP","PP","N","P","P","P"
"ymar5q8mj",10,9,"unreliable","exp1a_s9_PP_u","PP","NG","P","P","N","G"
"ymar5q8mj",11,7,"unreliable","exp1a_s7_PG_u","PG","NG","P","G","N","G"
"ymar5q8mj",12,11,"unreliable","exp1a_s11_GN_u","GN","GN","G","N","G","N"
"ymar5q8mj",13,5,"unreliable","exp1a_s5_NN_u","NN","GN","N","N","G","N"
"ymar5q8mj",14,12,"unreliable","exp1a_s12_GP_u","GP","PN","G","P","P","N"
"ymar5q8mj",15,18,"unreliable","exp1a_s18_PP_u","PP","GP","P","P","G","P"
"ymar5q8mj",16,6,"unreliable","exp1a_s6_NP_u","NP","PP","N","P","P","P"
"ymar5q8mj",17,8,"unreliable","exp1a_s8_PN_u","PN","NN","P","N","N","N"
"ymar5q8mj",18,10,"unreliable","exp1a_s10_GG_u","GG","PN","G","G","P","N"
"s56t407p7",1,15,"reliable","exp1a_s15_NG_r","NG","PG","N","G","P","G"
"s56t407p7",2,10,"reliable","exp1a_s10_PN_r","PN","PP","P","N","P","P"
"s56t407p7",3,3,"reliable","exp1a_s3_GG_r","GG","GG","G","G","G","G"
"s56t407p7",4,18,"reliable","exp1a_s18_PG_r","PG","PG","P","G","P","G"
"s56t407p7",5,4,"reliable","exp1a_s4_GN_r","GN","GP","G","N","G","P"
"s56t407p7",6,16,"reliable","exp1a_s16_NN_r","NN","PG","N","N","P","G"
"s56t407p7",7,9,"reliable","exp1a_s9_PG_r","PG","PG","P","G","P","G"
"s56t407p7",8,2,"reliable","exp1a_s2_PP_r","PP","PN","P","P","P","N"
"s56t407p7",9,17,"reliable","exp1a_s17_NP_r","NP","PP","N","P","P","P"
"s56t407p7",10,7,"reliable","exp1a_s7_NN_r","NN","GG","N","N","G","G"
"s56t407p7",11,5,"reliable","exp1a_s5_GP_r","GP","GP","G","P","G","P"
"s56t407p7",12,1,"reliable","exp1a_s1_PN_r","PN","PG","P","N","P","G"
"s56t407p7",13,6,"reliable","exp1a_s6_NG_r","NG","PG","N","G","P","G"
"s56t407p7",14,12,"reliable","exp1a_s12_GG_r","GG","GG","G","G","G","G"
"s56t407p7",15,11,"reliable","exp1a_s11_PP_r","PP","PP","P","P","P","P"
"s56t407p7",16,14,"reliable","exp1a_s14_GP_r","GP","GP","G","P","G","P"
"s56t407p7",17,13,"reliable","exp1a_s13_GN_r","GN","GP","G","N","G","P"
"s56t407p7",18,8,"reliable","exp1a_s8_NP_r","NP","NP","N","P","N","P"
"7f6iwvtp6",1,15,"reliable","exp1a_s15_GN_r","GN","GN","G","N","G","N"
"7f6iwvtp6",2,14,"reliable","exp1a_s14_GG_r","GG","GG","G","G","G","G"
"7f6iwvtp6",3,3,"reliable","exp1a_s3_PN_r","PN","PG","P","N","P","G"
"7f6iwvtp6",4,8,"reliable","exp1a_s8_NG_r","NG","NG","N","G","N","G"
"7f6iwvtp6",5,6,"reliable","exp1a_s6_GN_r","GN","GN","G","N","G","N"
"7f6iwvtp6",6,17,"reliable","exp1a_s17_NG_r","NG","NG","N","G","N","G"
"7f6iwvtp6",7,12,"reliable","exp1a_s12_PN_r","PN","NN","P","N","N","N"
"7f6iwvtp6",8,10,"reliable","exp1a_s10_NP_r","NP","NP","N","P","N","P"
"7f6iwvtp6",9,4,"reliable","exp1a_s4_PP_r","PP","PP","P","P","P","P"
"7f6iwvtp6",10,11,"reliable","exp1a_s11_PG_r","PG","PG","P","G","P","G"
"7f6iwvtp6",11,9,"reliable","exp1a_s9_NN_r","NN","NN","N","N","N","N"
"7f6iwvtp6",12,16,"reliable","exp1a_s16_GP_r","GP","GP","G","P","G","P"
"7f6iwvtp6",13,1,"reliable","exp1a_s1_NP_r","NP","NP","N","P","N","P"
"7f6iwvtp6",14,2,"reliable","exp1a_s2_PG_r","PG","PG","P","G","P","G"
"7f6iwvtp6",15,13,"reliable","exp1a_s13_PP_r","PP","PP","P","P","P","P"
"7f6iwvtp6",16,18,"reliable","exp1a_s18_NN_r","NN","NG","N","N","N","G"
"7f6iwvtp6",17,7,"reliable","exp1a_s7_GP_r","GP","GN","G","P","G","N"
"7f6iwvtp6",18,5,"reliable","exp1a_s5_GG_r","GG","GG","G","G","G","G"
"616w3vopa",1,18,"unreliable","exp1a_s18_NP_u","NP","NG","N","P","N","G"
"616w3vopa",2,14,"unreliable","exp1a_s14_GN_u","GN","PN","G","N","P","N"
"616w3vopa",3,3,"unreliable","exp1a_s3_PP_u","PP","GG","P","P","G","G"
"616w3vopa",4,6,"unreliable","exp1a_s6_GP_u","GP","GN","G","P","G","N"
"616w3vopa",5,8,"unreliable","exp1a_s8_NN_u","NN","PN","N","N","P","N"
"616w3vopa",6,15,"unreliable","exp1a_s15_GP_u","GP","GG","G","P","G","G"
"616w3vopa",7,9,"unreliable","exp1a_s9_NP_u","NP","GG","N","P","G","G"
"616w3vopa",8,13,"unreliable","exp1a_s13_GG_u","GG","GG","G","G","G","G"
"616w3vopa",9,12,"unreliable","exp1a_s12_PP_u","PP","GG","P","P","G","G"
"616w3vopa",10,7,"unreliable","exp1a_s7_NG_u","NG","GG","N","G","G","G"
"616w3vopa",11,10,"unreliable","exp1a_s10_PG_u","PG","GG","P","G","G","G"
"616w3vopa",12,4,"unreliable","exp1a_s4_GG_u","GG","GG","G","G","G","G"
"616w3vopa",13,1,"unreliable","exp1a_s1_PG_u","PG","GG","P","G","G","G"
"616w3vopa",14,11,"unreliable","exp1a_s11_PN_u","PN","GG","P","N","G","G"
"616w3vopa",15,5,"unreliable","exp1a_s5_GN_u","GN","GG","G","N","G","G"
"616w3vopa",16,16,"unreliable","exp1a_s16_NG_u","NG","GG","N","G","G","G"
"616w3vopa",17,17,"unreliable","exp1a_s17_NN_u","NN","GG","N","N","G","G"
"616w3vopa",18,2,"unreliable","exp1a_s2_PN_u","PN","GG","P","N","G","G"
"td6o1tlpk",1,13,"reliable","exp1a_s13_GN_r","GN","GP","G","N","G","P"
"td6o1tlpk",2,8,"reliable","exp1a_s8_NP_r","NP","GN","N","P","G","N"
"td6o1tlpk",3,18,"reliable","exp1a_s18_PG_r","PG","GP","P","G","G","P"
"td6o1tlpk",4,4,"reliable","exp1a_s4_GN_r","GN","PP","G","N","P","P"
"td6o1tlpk",5,6,"reliable","exp1a_s6_NG_r","NG","GP","N","G","G","P"
"td6o1tlpk",6,12,"reliable","exp1a_s12_GG_r","GG","PG","G","G","P","G"
"td6o1tlpk",7,1,"reliable","exp1a_s1_PN_r","PN","PN","P","N","P","N"
"td6o1tlpk",8,11,"reliable","exp1a_s11_PP_r","PP","PG","P","P","P","G"
"td6o1tlpk",9,5,"reliable","exp1a_s5_GP_r","GP","PP","G","P","P","P"
"td6o1tlpk",10,10,"reliable","exp1a_s10_PN_r","PN","GG","P","N","G","G"
"td6o1tlpk",11,17,"reliable","exp1a_s17_NP_r","NP","GG","N","P","G","G"
"td6o1tlpk",12,15,"reliable","exp1a_s15_NG_r","NG","PP","N","G","P","P"
"td6o1tlpk",13,9,"reliable","exp1a_s9_PG_r","PG","PN","P","G","P","N"
"td6o1tlpk",14,14,"reliable","exp1a_s14_GP_r","GP","GP","G","P","G","P"
"td6o1tlpk",15,16,"reliable","exp1a_s16_NN_r","NN","PP","N","N","P","P"
"td6o1tlpk",16,3,"reliable","exp1a_s3_GG_r","GG","GG","G","G","G","G"
"td6o1tlpk",17,2,"reliable","exp1a_s2_PP_r","PP","PP","P","P","P","P"
"td6o1tlpk",18,7,"reliable","exp1a_s7_NN_r","NN","PP","N","N","P","P"
"jj6ssxvme",1,9,"unreliable","exp1a_s9_PG_u","PG","PG","P","G","P","G"
"jj6ssxvme",2,7,"unreliable","exp1a_s7_NN_u","NN","PN","N","N","P","N"
"jj6ssxvme",3,4,"unreliable","exp1a_s4_GN_u","GN","NN","G","N","N","N"
"jj6ssxvme",4,18,"unreliable","exp1a_s18_PG_u","PG","PG","P","G","P","G"
"jj6ssxvme",5,17,"unreliable","exp1a_s17_NP_u","NP","NP","N","P","N","P"
"jj6ssxvme",6,16,"unreliable","exp1a_s16_NN_u","NN","NP","N","N","N","P"
"jj6ssxvme",7,14,"unreliable","exp1a_s14_GP_u","GP","GP","G","P","G","P"
"jj6ssxvme",8,12,"unreliable","exp1a_s12_GG_u","GG","GG","G","G","G","G"
"jj6ssxvme",9,5,"unreliable","exp1a_s5_GP_u","GP","GP","G","P","G","P"
"jj6ssxvme",10,1,"unreliable","exp1a_s1_PN_u","PN","PP","P","N","P","P"
"jj6ssxvme",11,11,"unreliable","exp1a_s11_PP_u","PP","PP","P","P","P","P"
"jj6ssxvme",12,10,"unreliable","exp1a_s10_PN_u","PN","PN","P","N","P","N"
"jj6ssxvme",13,6,"unreliable","exp1a_s6_NG_u","NG","GG","N","G","G","G"
"jj6ssxvme",14,2,"unreliable","exp1a_s2_PP_u","PP","NN","P","P","N","N"
"jj6ssxvme",15,13,"unreliable","exp1a_s13_GN_u","GN","PN","G","N","P","N"
"jj6ssxvme",16,15,"unreliable","exp1a_s15_NG_u","NG","NP","N","G","N","P"
"jj6ssxvme",17,3,"unreliable","exp1a_s3_GG_u","GG","GN","G","G","G","N"
"jj6ssxvme",18,8,"unreliable","exp1a_s8_NP_u","NP","NP","N","P","N","P"
"ba6g5z6pr",1,16,"unreliable","exp1a_s16_PP_u","PP","NN","P","P","N","N"
"ba6g5z6pr",2,11,"unreliable","exp1a_s11_NG_u","NG","GN","N","G","G","N"
"ba6g5z6pr",3,15,"unreliable","exp1a_s15_PN_u","PN","NG","P","N","N","G"
"ba6g5z6pr",4,18,"unreliable","exp1a_s18_GN_u","GN","GN","G","N","G","N"
"ba6g5z6pr",5,17,"unreliable","exp1a_s17_GG_u","GG","GG","G","G","G","G"
"ba6g5z6pr",6,12,"unreliable","exp1a_s12_NN_u","NN","PN","N","N","P","N"
"ba6g5z6pr",7,2,"unreliable","exp1a_s2_NG_u","NG","NG","N","G","N","G"
"ba6g5z6pr",8,3,"unreliable","exp1a_s3_NN_u","NN","GN","N","N","G","N"
"ba6g5z6pr",9,13,"unreliable","exp1a_s13_NP_u","NP","NP","N","P","N","P"
"ba6g5z6pr",10,10,"unreliable","exp1a_s10_GP_u","GP","GP","G","P","G","P"
"ba6g5z6pr",11,7,"unreliable","exp1a_s7_PP_u","PP","PP","P","P","P","P"
"ba6g5z6pr",12,4,"unreliable","exp1a_s4_NP_u","NP","NP","N","P","N","P"
"ba6g5z6pr",13,8,"unreliable","exp1a_s8_GG_u","GG","GG","G","G","G","G"
"ba6g5z6pr",14,5,"unreliable","exp1a_s5_PG_u","PG","PG","P","G","P","G"
"ba6g5z6pr",15,1,"unreliable","exp1a_s1_GP_u","GP","GP","G","P","G","P"
"ba6g5z6pr",16,14,"unreliable","exp1a_s14_PG_u","PG","PG","P","G","P","G"
"ba6g5z6pr",17,9,"unreliable","exp1a_s9_GN_u","GN","GN","G","N","G","N"
"ba6g5z6pr",18,6,"unreliable","exp1a_s6_PN_u","PN","PP","P","N","P","P"
"xz6hsjnm1",1,15,"reliable","exp1a_s15_PN_r","PN","GG","P","N","G","G"
"xz6hsjnm1",2,8,"reliable","exp1a_s8_GG_r","GG","PN","G","G","P","N"
"xz6hsjnm1",3,10,"reliable","exp1a_s10_GP_r","GP","NP","G","P","N","P"
"xz6hsjnm1",4,17,"reliable","exp1a_s17_GG_r","GG","NN","G","G","N","N"
"xz6hsjnm1",5,12,"reliable","exp1a_s12_NN_r","NN","PP","N","N","P","P"
"xz6hsjnm1",6,5,"reliable","exp1a_s5_PG_r","PG","PP","P","G","P","P"
"xz6hsjnm1",7,4,"reliable","exp1a_s4_NP_r","NP","PP","N","P","P","P"
"xz6hsjnm1",8,11,"reliable","exp1a_s11_NG_r","NG","GP","N","G","G","P"
"xz6hsjnm1",9,13,"reliable","exp1a_s13_NP_r","NP","PP","N","P","P","P"
"xz6hsjnm1",10,3,"reliable","exp1a_s3_NN_r","NN","PN","N","N","P","N"
"xz6hsjnm1",11,2,"reliable","exp1a_s2_NG_r","NG","PN","N","G","P","N"
"xz6hsjnm1",12,1,"reliable","exp1a_s1_GP_r","GP","PN","G","P","P","N"
"xz6hsjnm1",13,9,"reliable","exp1a_s9_GN_r","GN","PN","G","N","P","N"
"xz6hsjnm1",14,7,"reliable","exp1a_s7_PP_r","PP","NP","P","P","N","P"
"xz6hsjnm1",15,6,"reliable","exp1a_s6_PN_r","PN","NP","P","N","N","P"
"xz6hsjnm1",16,18,"reliable","exp1a_s18_GN_r","GN","GP","G","N","G","P"
"xz6hsjnm1",17,16,"reliable","exp1a_s16_PP_r","PP","NP","P","P","N","P"
"xz6hsjnm1",18,14,"reliable","exp1a_s14_PG_r","PG","NP","P","G","N","P"
"zd6s7x4mo",1,12,"unreliable","exp1a_s12_GP_u","GP","NP","G","P","N","P"
"zd6s7x4mo",2,17,"unreliable","exp1a_s17_PN_u","PN","PP","P","N","P","P"
"zd6s7x4mo",3,1,"unreliable","exp1a_s1_GG_u","GG","GG","G","G","G","G"
"zd6s7x4mo",4,15,"unreliable","exp1a_s15_NP_u","NP","NP","N","P","N","P"
"zd6s7x4mo",5,9,"unreliable","exp1a_s9_PP_u","PP","PN","P","P","P","N"
"zd6s7x4mo",6,2,"unreliable","exp1a_s2_GN_u","GN","NN","G","N","N","N"
"zd6s7x4mo",7,7,"unreliable","exp1a_s7_PG_u","PG","PN","P","G","P","N"
"zd6s7x4mo",8,14,"unreliable","exp1a_s14_NN_u","NN","GN","N","N","G","N"
"zd6s7x4mo",9,4,"unreliable","exp1a_s4_NG_u","NG","PG","N","G","P","G"
"zd6s7x4mo",10,8,"unreliable","exp1a_s8_PN_u","PN","PP","P","N","P","P"
"zd6s7x4mo",11,5,"unreliable","exp1a_s5_NN_u","NN","NP","N","N","N","P"
"zd6s7x4mo",12,11,"unreliable","exp1a_s11_GN_u","GN","GP","G","N","G","P"
"zd6s7x4mo",13,18,"unreliable","exp1a_s18_PP_u","PP","PP","P","P","P","P"
"zd6s7x4mo",14,10,"unreliable","exp1a_s10_GG_u","GG","GG","G","G","G","G"
"zd6s7x4mo",15,13,"unreliable","exp1a_s13_NG_u","NG","NG","N","G","N","G"
"zd6s7x4mo",16,6,"unreliable","exp1a_s6_NP_u","NP","NP","N","P","N","P"
"zd6s7x4mo",17,16,"unreliable","exp1a_s16_PG_u","PG","PG","P","G","P","G"
"zd6s7x4mo",18,3,"unreliable","exp1a_s3_GP_u","GP","GP","G","P","G","P"
"3labh6upr",1,11,"unreliable","exp1a_s11_PN_u","PN","PN","P","N","P","N"
"3labh6upr",2,5,"unreliable","exp1a_s5_GN_u","GN","GN","G","N","G","N"
"3labh6upr",3,12,"unreliable","exp1a_s12_PP_u","PP","PP","P","P","P","P"
"3labh6upr",4,10,"unreliable","exp1a_s10_PG_u","PG","PG","P","G","P","G"
"3labh6upr",5,8,"unreliable","exp1a_s8_NN_u","NN","NN","N","N","N","N"
"3labh6upr",6,2,"unreliable","exp1a_s2_PN_u","PN","PN","P","N","P","N"
"3labh6upr",7,15,"unreliable","exp1a_s15_GP_u","GP","GP","G","P","G","P"
"3labh6upr",8,16,"unreliable","exp1a_s16_NG_u","NG","NG","N","G","N","G"
"3labh6upr",9,9,"unreliable","exp1a_s9_NP_u","NP","NN","N","P","N","N"
"3labh6upr",10,3,"unreliable","exp1a_s3_PP_u","PP","PN","P","P","P","N"
"3labh6upr",11,14,"unreliable","exp1a_s14_GN_u","GN","GN","G","N","G","N"
"3labh6upr",12,18,"unreliable","exp1a_s18_NP_u","NP","NP","N","P","N","P"
"3labh6upr",13,6,"unreliable","exp1a_s6_GP_u","GP","NN","G","P","N","N"
"3labh6upr",14,17,"unreliable","exp1a_s17_NN_u","NN","NP","N","N","N","P"
"3labh6upr",15,1,"unreliable","exp1a_s1_PG_u","PG","PG","P","G","P","G"
"3labh6upr",16,13,"unreliable","exp1a_s13_GG_u","GG","GG","G","G","G","G"
"3labh6upr",17,7,"unreliable","exp1a_s7_NG_u","NG","NG","N","G","N","G"
"3labh6upr",18,4,"unreliable","exp1a_s4_GG_u","GG","GG","G","G","G","G"
"uk6b6c4m4",1,5,"reliable","exp1a_s5_PP_r","PP","PN","P","P","P","N"
"uk6b6c4m4",2,11,"reliable","exp1a_s11_NP_r","NP","NP","N","P","N","P"
"uk6b6c4m4",3,17,"reliable","exp1a_s17_GP_r","GP","NP","G","P","N","P"
"uk6b6c4m4",4,12,"reliable","exp1a_s12_PG_r","PG","PG","P","G","P","G"
"uk6b6c4m4",5,1,"reliable","exp1a_s1_NN_r","NN","NP","N","N","N","P"
"uk6b6c4m4",6,16,"reliable","exp1a_s16_GN_r","GN","GN","G","N","G","N"
"uk6b6c4m4",7,14,"reliable","exp1a_s14_PP_r","PP","PP","P","P","P","P"
"uk6b6c4m4",8,18,"reliable","exp1a_s18_NG_r","NG","NG","N","G","N","G"
"uk6b6c4m4",9,4,"reliable","exp1a_s4_PN_r","PN","PP","P","N","P","P"
"uk6b6c4m4",10,2,"reliable","exp1a_s2_NP_r","NP","NP","N","P","N","P"
"uk6b6c4m4",11,6,"reliable","exp1a_s6_GG_r","GG","GN","G","G","G","N"
"uk6b6c4m4",12,9,"reliable","exp1a_s9_NG_r","NG","NG","N","G","N","G"
"uk6b6c4m4",13,13,"reliable","exp1a_s13_PN_r","PN","PP","P","N","P","P"
"uk6b6c4m4",14,7,"reliable","exp1a_s7_GN_r","GN","GN","G","N","G","N"
"uk6b6c4m4",15,8,"reliable","exp1a_s8_GP_r","GP","GP","G","P","G","P"
"uk6b6c4m4",16,15,"reliable","exp1a_s15_GG_r","GG","GG","G","G","G","G"
"uk6b6c4m4",17,3,"reliable","exp1a_s3_PG_r","PG","PG","P","G","P","G"
"uk6b6c4m4",18,10,"reliable","exp1a_s10_NN_r","NN","NP","N","N","N","P"
"pma9bspml",1,4,"unreliable","exp1a_s4_GN_u","GN","GN","G","N","G","N"
"pma9bspml",2,16,"unreliable","exp1a_s16_NN_u","NN","NP","N","N","N","P"
"pma9bspml",3,11,"unreliable","exp1a_s11_PP_u","PP","NP","P","P","N","P"
"pma9bspml",4,14,"unreliable","exp1a_s14_GP_u","GP","GP","G","P","G","P"
"pma9bspml",5,15,"unreliable","exp1a_s15_NG_u","NG","NN","N","G","N","N"
"pma9bspml",6,12,"unreliable","exp1a_s12_GG_u","GG","GG","G","G","G","G"
"pma9bspml",7,18,"unreliable","exp1a_s18_PG_u","PG","PG","P","G","P","G"
"pma9bspml",8,7,"unreliable","exp1a_s7_NN_u","NN","NP","N","N","N","P"
"pma9bspml",9,10,"unreliable","exp1a_s10_PN_u","PN","PG","P","N","P","G"
"pma9bspml",10,17,"unreliable","exp1a_s17_NP_u","NP","NN","N","P","N","N"
"pma9bspml",11,6,"unreliable","exp1a_s6_NG_u","NG","NG","N","G","N","G"
"pma9bspml",12,5,"unreliable","exp1a_s5_GP_u","GP","NP","G","P","N","P"
"pma9bspml",13,2,"unreliable","exp1a_s2_PP_u","PP","PP","P","P","P","P"
"pma9bspml",14,3,"unreliable","exp1a_s3_GG_u","GG","GN","G","G","G","N"
"pma9bspml",15,13,"unreliable","exp1a_s13_GN_u","GN","GN","G","N","G","N"
"pma9bspml",16,8,"unreliable","exp1a_s8_NP_u","NP","NP","N","P","N","P"
"pma9bspml",17,9,"unreliable","exp1a_s9_PG_u","PG","PG","P","G","P","G"
"pma9bspml",18,1,"unreliable","exp1a_s1_PN_u","PN","PN","P","N","P","N"
"bva9ehkm6",1,15,"reliable","exp1a_s15_PG_r","PG","PG","P","G","P","G"
"bva9ehkm6",2,9,"reliable","exp1a_s9_GG_r","GG","GG","G","G","G","G"
"bva9ehkm6",3,12,"reliable","exp1a_s12_NG_r","NG","GG","N","G","G","G"
"bva9ehkm6",4,14,"reliable","exp1a_s14_NP_r","NP","NP","N","P","N","P"
"bva9ehkm6",5,11,"reliable","exp1a_s11_GP_r","GP","GN","G","P","G","N"
"bva9ehkm6",6,7,"reliable","exp1a_s7_PN_r","PN","PN","P","N","P","N"
"bva9ehkm6",7,10,"reliable","exp1a_s10_GN_r","GN","GN","G","N","G","N"
"bva9ehkm6",8,3,"reliable","exp1a_s3_NG_r","NG","NG","N","G","N","G"
"bva9ehkm6",9,6,"reliable","exp1a_s6_PG_r","PG","PG","P","G","P","G"
"bva9ehkm6",10,13,"reliable","exp1a_s13_NN_r","NN","NN","N","N","N","N"
"bva9ehkm6",11,1,"reliable","exp1a_s1_GN_r","GN","GN","G","N","G","N"
"bva9ehkm6",12,17,"reliable","exp1a_s17_PP_r","PP","PP","P","P","P","P"
"bva9ehkm6",13,16,"reliable","exp1a_s16_PN_r","PN","PN","P","N","P","N"
"bva9ehkm6",14,5,"reliable","exp1a_s5_NP_r","NP","NN","N","P","N","N"
"bva9ehkm6",15,18,"reliable","exp1a_s18_GG_r","GG","GG","G","G","G","G"
"bva9ehkm6",16,8,"reliable","exp1a_s8_PP_r","PP","NP","P","P","N","P"
"bva9ehkm6",17,2,"reliable","exp1a_s2_GP_r","GP","GP","G","P","G","P"
"bva9ehkm6",18,4,"reliable","exp1a_s4_NN_r","NN","NN","N","N","N","N"
"456olylmx",1,11,"reliable","exp1a_s11_GG_r","GG","GG","G","G","G","G"
"456olylmx",2,1,"reliable","exp1a_s1_PP_r","PP","PP","P","P","P","P"
"456olylmx",3,2,"reliable","exp1a_s2_GG_r","GG","GG","G","G","G","G"
"456olylmx",4,6,"reliable","exp1a_s6_NN_r","NN","NN","N","N","N","N"
"456olylmx",5,17,"reliable","exp1a_s17_PG_r","PG","PG","P","G","P","G"
"456olylmx",6,3,"reliable","exp1a_s3_GN_r","GN","GN","G","N","G","N"
"456olylmx",7,8,"reliable","exp1a_s8_PG_r","PG","PG","P","G","P","G"
"456olylmx",8,5,"reliable","exp1a_s5_NG_r","NG","NG","N","G","N","G"
"456olylmx",9,9,"reliable","exp1a_s9_PN_r","PN","PN","P","N","P","N"
"456olylmx",10,4,"reliable","exp1a_s4_GP_r","GP","GP","G","P","G","P"
"456olylmx",11,14,"reliable","exp1a_s14_NG_r","NG","NG","N","G","N","G"
"456olylmx",12,7,"reliable","exp1a_s7_NP_r","NP","NP","N","P","N","P"
"456olylmx",13,18,"reliable","exp1a_s18_PN_r","PN","PN","P","N","P","N"
"456olylmx",14,10,"reliable","exp1a_s10_PP_r","PP","PP","P","P","P","P"
"456olylmx",15,12,"reliable","exp1a_s12_GN_r","GN","GN","G","N","G","N"
"456olylmx",16,16,"reliable","exp1a_s16_NP_r","NP","NP","N","P","N","P"
"456olylmx",17,15,"reliable","exp1a_s15_NN_r","NN","NN","N","N","N","N"
"456olylmx",18,13,"reliable","exp1a_s13_GP_r","GP","GP","G","P","G","P"
"9ia04yapg",1,6,"reliable","exp1a_s6_NG_r","NG","NG","N","G","N","G"
"9ia04yapg",2,5,"reliable","exp1a_s5_GP_r","GP","GN","G","P","G","N"
"9ia04yapg",3,4,"reliable","exp1a_s4_GN_r","GN","GN","G","N","G","N"
"9ia04yapg",4,8,"reliable","exp1a_s8_NP_r","NP","NP","N","P","N","P"
"9ia04yapg",5,11,"reliable","exp1a_s11_PP_r","PP","PP","P","P","P","P"
"9ia04yapg",6,1,"reliable","exp1a_s1_PN_r","PN","NN","P","N","N","N"
"9ia04yapg",7,7,"reliable","exp1a_s7_NN_r","NN","NN","N","N","N","N"
"9ia04yapg",8,12,"reliable","exp1a_s12_GG_r","GG","GG","G","G","G","G"
"9ia04yapg",9,10,"reliable","exp1a_s10_PN_r","PN","PP","P","N","P","P"
"9ia04yapg",10,9,"reliable","exp1a_s9_PG_r","PG","PG","P","G","P","G"
"9ia04yapg",11,2,"reliable","exp1a_s2_PP_r","PP","PP","P","P","P","P"
"9ia04yapg",12,17,"reliable","exp1a_s17_NP_r","NP","NP","N","P","N","P"
"9ia04yapg",13,18,"reliable","exp1a_s18_PG_r","PG","PG","P","G","P","G"
"9ia04yapg",14,14,"reliable","exp1a_s14_GP_r","GP","GP","G","P","G","P"
"9ia04yapg",15,15,"reliable","exp1a_s15_NG_r","NG","PG","N","G","P","G"
"9ia04yapg",16,3,"reliable","exp1a_s3_GG_r","GG","GG","G","G","G","G"
"9ia04yapg",17,13,"reliable","exp1a_s13_GN_r","GN","GN","G","N","G","N"
"9ia04yapg",18,16,"reliable","exp1a_s16_NN_r","NN","NN","N","N","N","N"
"c069n9mp5",1,5,"reliable","exp1a_s5_PN_r","PN","PN","P","N","P","N"
"c069n9mp5",2,17,"reliable","exp1a_s17_GN_r","GN","GN","G","N","G","N"
"c069n9mp5",3,12,"reliable","exp1a_s12_NP_r","NP","NP","N","P","N","P"
"c069n9mp5",4,15,"reliable","exp1a_s15_PP_r","PP","PP","P","P","P","P"
"c069n9mp5",5,8,"reliable","exp1a_s8_GN_r","GN","GN","G","N","G","N"
"c069n9mp5",6,2,"reliable","exp1a_s2_NN_r","NN","NN","N","N","N","N"
"c069n9mp5",7,13,"reliable","exp1a_s13_PG_r","PG","PG","P","G","P","G"
"c069n9mp5",8,9,"reliable","exp1a_s9_GP_r","GP","GP","G","P","G","P"
"c069n9mp5",9,3,"reliable","exp1a_s3_NP_r","NP","PP","N","P","P","P"
"c069n9mp5",10,7,"reliable","exp1a_s7_GG_r","GG","GG","G","G","G","G"
"c069n9mp5",11,10,"reliable","exp1a_s10_NG_r","NG","NG","N","G","N","G"
"c069n9mp5",12,14,"reliable","exp1a_s14_PN_r","PN","PN","P","N","P","N"
"c069n9mp5",13,1,"reliable","exp1a_s1_NG_r","NG","NG","N","G","N","G"
"c069n9mp5",14,16,"reliable","exp1a_s16_GG_r","GG","GG","G","G","G","G"
"c069n9mp5",15,11,"reliable","exp1a_s11_NN_r","NN","NN","N","N","N","N"
"c069n9mp5",16,18,"reliable","exp1a_s18_GP_r","GP","GN","G","P","G","N"
"c069n9mp5",17,4,"reliable","exp1a_s4_PG_r","PG","NG","P","G","N","G"
"c069n9mp5",18,6,"reliable","exp1a_s6_PP_r","PP","PP","P","P","P","P"
"gn6nax6mc",1,1,"reliable","exp1a_s1_GN_r","GN","GN","G","N","G","N"
"gn6nax6mc",2,8,"reliable","exp1a_s8_PP_r","PP","NN","P","P","N","N"
"gn6nax6mc",3,5,"reliable","exp1a_s5_NP_r","NP","NN","N","P","N","N"
"gn6nax6mc",4,6,"reliable","exp1a_s6_PG_r","PG","NG","P","G","N","G"
"gn6nax6mc",5,3,"reliable","exp1a_s3_NG_r","NG","NG","N","G","N","G"
"gn6nax6mc",6,9,"reliable","exp1a_s9_GG_r","GG","GG","G","G","G","G"
"gn6nax6mc",7,10,"reliable","exp1a_s10_GN_r","GN","GN","G","N","G","N"
"gn6nax6mc",8,17,"reliable","exp1a_s17_PP_r","PP","PP","P","P","P","P"
"gn6nax6mc",9,12,"reliable","exp1a_s12_NG_r","NG","NG","N","G","N","G"
"gn6nax6mc",10,18,"reliable","exp1a_s18_GG_r","GG","NG","G","G","N","G"
"gn6nax6mc",11,2,"reliable","exp1a_s2_GP_r","GP","GP","G","P","G","P"
"gn6nax6mc",12,14,"reliable","exp1a_s14_NP_r","NP","NG","N","P","N","G"
"gn6nax6mc",13,7,"reliable","exp1a_s7_PN_r","PN","NN","P","N","N","N"
"gn6nax6mc",14,4,"reliable","exp1a_s4_NN_r","NN","NN","N","N","N","N"
"gn6nax6mc",15,11,"reliable","exp1a_s11_GP_r","GP","GN","G","P","G","N"
"gn6nax6mc",16,13,"reliable","exp1a_s13_NN_r","NN","NN","N","N","N","N"
"gn6nax6mc",17,15,"reliable","exp1a_s15_PG_r","PG","PG","P","G","P","G"
"gn6nax6mc",18,16,"reliable","exp1a_s16_PN_r","PN","PN","P","N","P","N"
"0q6r7jipi",1,12,"reliable","exp1a_s12_PG_r","PG","NG","P","G","N","G"
"0q6r7jipi",2,1,"reliable","exp1a_s1_NN_r","NN","PP","N","N","P","P"
"0q6r7jipi",3,16,"reliable","exp1a_s16_GN_r","GN","PN","G","N","P","N"
"0q6r7jipi",4,17,"reliable","exp1a_s17_GP_r","GP","PN","G","P","P","N"
"0q6r7jipi",5,15,"reliable","exp1a_s15_GG_r","GG","GP","G","G","G","P"
"0q6r7jipi",6,10,"reliable","exp1a_s10_NN_r","NN","PN","N","N","P","N"
"0q6r7jipi",7,7,"reliable","exp1a_s7_GN_r","GN","PP","G","N","P","P"
"0q6r7jipi",8,8,"reliable","exp1a_s8_GP_r","GP","PP","G","P","P","P"
"0q6r7jipi",9,6,"reliable","exp1a_s6_GG_r","GG","PP","G","G","P","P"
"0q6r7jipi",10,9,"reliable","exp1a_s9_NG_r","NG","PP","N","G","P","P"
"0q6r7jipi",11,13,"reliable","exp1a_s13_PN_r","PN","PP","P","N","P","P"
"0q6r7jipi",12,11,"reliable","exp1a_s11_NP_r","NP","NN","N","P","N","N"
"0q6r7jipi",13,14,"reliable","exp1a_s14_PP_r","PP","NG","P","P","N","G"
"0q6r7jipi",14,18,"reliable","exp1a_s18_NG_r","NG","PP","N","G","P","P"
"0q6r7jipi",15,2,"reliable","exp1a_s2_NP_r","NP","NP","N","P","N","P"
"0q6r7jipi",16,5,"reliable","exp1a_s5_PP_r","PP","GP","P","P","G","P"
"0q6r7jipi",17,3,"reliable","exp1a_s3_PG_r","PG","NP","P","G","N","P"
"0q6r7jipi",18,4,"reliable","exp1a_s4_PN_r","PN","GP","P","N","G","P"
"waah8f9p2",1,9,"reliable","exp1a_s9_PG_r","PG","PG","P","G","P","G"
"waah8f9p2",2,1,"reliable","exp1a_s1_PN_r","PN","GP","P","N","G","P"
"waah8f9p2",3,16,"reliable","exp1a_s16_NN_r","NN","GP","N","N","G","P"
"waah8f9p2",4,6,"reliable","exp1a_s6_NG_r","NG","PG","N","G","P","G"
"waah8f9p2",5,2,"reliable","exp1a_s2_PP_r","PP","PP","P","P","P","P"
"waah8f9p2",6,5,"reliable","exp1a_s5_GP_r","GP","GG","G","P","G","G"
"waah8f9p2",7,17,"reliable","exp1a_s17_NP_r","NP","GP","N","P","G","P"
"waah8f9p2",8,4,"reliable","exp1a_s4_GN_r","GN","GG","G","N","G","G"
"waah8f9p2",9,14,"reliable","exp1a_s14_GP_r","GP","GP","G","P","G","P"
"waah8f9p2",10,11,"reliable","exp1a_s11_PP_r","PP","PP","P","P","P","P"
"waah8f9p2",11,3,"reliable","exp1a_s3_GG_r","GG","GG","G","G","G","G"
"waah8f9p2",12,8,"reliable","exp1a_s8_NP_r","NP","GP","N","P","G","P"
"waah8f9p2",13,7,"reliable","exp1a_s7_NN_r","NN","PG","N","N","P","G"
"waah8f9p2",14,10,"reliable","exp1a_s10_PN_r","PN","PG","P","N","P","G"
"waah8f9p2",15,15,"reliable","exp1a_s15_NG_r","NG","GG","N","G","G","G"
"waah8f9p2",16,12,"reliable","exp1a_s12_GG_r","GG","GP","G","G","G","P"
"waah8f9p2",17,18,"reliable","exp1a_s18_PG_r","PG","PP","P","G","P","P"
"waah8f9p2",18,13,"reliable","exp1a_s13_GN_r","GN","GP","G","N","G","P"
"eq6vthyp6",1,15,"unreliable","exp1a_s15_PN_u","PN","PN","P","N","P","N"
"eq6vthyp6",2,13,"unreliable","exp1a_s13_NP_u","NP","NP","N","P","N","P"
"eq6vthyp6",3,3,"unreliable","exp1a_s3_NN_u","NN","NP","N","N","N","P"
"eq6vthyp6",4,17,"unreliable","exp1a_s17_GG_u","GG","GN","G","G","G","N"
"eq6vthyp6",5,2,"unreliable","exp1a_s2_NG_u","NG","NG","N","G","N","G"
"eq6vthyp6",6,6,"unreliable","exp1a_s6_PN_u","PN","PP","P","N","P","P"
"eq6vthyp6",7,9,"unreliable","exp1a_s9_GN_u","GN","GN","G","N","G","N"
"eq6vthyp6",8,1,"unreliable","exp1a_s1_GP_u","GP","GP","G","P","G","P"
"eq6vthyp6",9,8,"unreliable","exp1a_s8_GG_u","GG","GN","G","G","G","N"
"eq6vthyp6",10,7,"unreliable","exp1a_s7_PP_u","PP","PP","P","P","P","P"
"eq6vthyp6",11,14,"unreliable","exp1a_s14_PG_u","PG","PG","P","G","P","G"
"eq6vthyp6",12,11,"unreliable","exp1a_s11_NG_u","NG","NN","N","G","N","N"
"eq6vthyp6",13,16,"unreliable","exp1a_s16_PP_u","PP","PP","P","P","P","P"
"eq6vthyp6",14,12,"unreliable","exp1a_s12_NN_u","NN","PN","N","N","P","N"
"eq6vthyp6",15,18,"unreliable","exp1a_s18_GN_u","GN","NP","G","N","N","P"
"eq6vthyp6",16,10,"unreliable","exp1a_s10_GP_u","GP","GP","G","P","G","P"
"eq6vthyp6",17,5,"unreliable","exp1a_s5_PG_u","PG","PN","P","G","P","N"
"eq6vthyp6",18,4,"unreliable","exp1a_s4_NP_u","NP","PP","N","P","P","P"
"mpa5jappe",1,3,"unreliable","exp1a_s3_PG_u","PG","PG","P","G","P","G"
"mpa5jappe",2,13,"unreliable","exp1a_s13_PN_u","PN","GG","P","N","G","G"
"mpa5jappe",3,6,"unreliable","exp1a_s6_GG_u","GG","GG","G","G","G","G"
"mpa5jappe",4,17,"unreliable","exp1a_s17_GP_u","GP","PP","G","P","P","P"
"mpa5jappe",5,16,"unreliable","exp1a_s16_GN_u","GN","GN","G","N","G","N"
"mpa5jappe",6,4,"unreliable","exp1a_s4_PN_u","PN","PP","P","N","P","P"
"mpa5jappe",7,10,"unreliable","exp1a_s10_NN_u","NN","GP","N","N","G","P"
"mpa5jappe",8,9,"unreliable","exp1a_s9_NG_u","NG","GP","N","G","G","P"
"mpa5jappe",9,5,"unreliable","exp1a_s5_PP_u","PP","PG","P","P","P","G"
"mpa5jappe",10,7,"unreliable","exp1a_s7_GN_u","GN","GG","G","N","G","G"
"mpa5jappe",11,1,"unreliable","exp1a_s1_NN_u","NN","NP","N","N","N","P"
"mpa5jappe",12,11,"unreliable","exp1a_s11_NP_u","NP","PP","N","P","P","P"
"mpa5jappe",13,15,"unreliable","exp1a_s15_GG_u","GG","GN","G","G","G","N"
"mpa5jappe",14,14,"unreliable","exp1a_s14_PP_u","PP","PP","P","P","P","P"
"mpa5jappe",15,18,"unreliable","exp1a_s18_NG_u","NG","NG","N","G","N","G"
"mpa5jappe",16,12,"unreliable","exp1a_s12_PG_u","PG","PG","P","G","P","G"
"mpa5jappe",17,2,"unreliable","exp1a_s2_NP_u","NP","NN","N","P","N","N"
"mpa5jappe",18,8,"unreliable","exp1a_s8_GP_u","GP","GG","G","P","G","G"
"jtauvrmmf",1,16,"reliable","exp1a_s16_NG_r","NG","PG","N","G","P","G"
"jtauvrmmf",2,3,"reliable","exp1a_s3_PP_r","PP","PP","P","P","P","P"
"jtauvrmmf",3,2,"reliable","exp1a_s2_PN_r","PN","PN","P","N","P","N"
"jtauvrmmf",4,5,"reliable","exp1a_s5_GN_r","GN","GN","G","N","G","N"
"jtauvrmmf",5,17,"reliable","exp1a_s17_NN_r","NN","NG","N","N","N","G"
"jtauvrmmf",6,10,"reliable","exp1a_s10_PG_r","PG","PG","P","G","P","G"
"jtauvrmmf",7,12,"reliable","exp1a_s12_PP_r","PP","NP","P","P","N","P"
"jtauvrmmf",8,9,"reliable","exp1a_s9_NP_r","NP","PN","N","P","P","N"
"jtauvrmmf",9,15,"reliable","exp1a_s15_GP_r","GP","GP","G","P","G","P"
"jtauvrmmf",10,18,"reliable","exp1a_s18_NP_r","NP","NG","N","P","N","G"
"jtauvrmmf",11,13,"reliable","exp1a_s13_GG_r","GG","GG","G","G","G","G"
"jtauvrmmf",12,14,"reliable","exp1a_s14_GN_r","GN","GP","G","N","G","P"
"jtauvrmmf",13,8,"reliable","exp1a_s8_NN_r","NN","PN","N","N","P","N"
"jtauvrmmf",14,6,"reliable","exp1a_s6_GP_r","GP","GP","G","P","G","P"
"jtauvrmmf",15,1,"reliable","exp1a_s1_PG_r","PG","PG","P","G","P","G"
"jtauvrmmf",16,11,"reliable","exp1a_s11_PN_r","PN","PN","P","N","P","N"
"jtauvrmmf",17,7,"reliable","exp1a_s7_NG_r","NG","NG","N","G","N","G"
"jtauvrmmf",18,4,"reliable","exp1a_s4_GG_r","GG","GG","G","G","G","G"
"w1a3srspn",1,1,"reliable","exp1a_s1_PG_r","PG","PG","P","G","P","G"
"w1a3srspn",2,13,"reliable","exp1a_s13_GG_r","GG","GG","G","G","G","G"
"w1a3srspn",3,9,"reliable","exp1a_s9_NP_r","NP","PP","N","P","P","P"
"w1a3srspn",4,2,"reliable","exp1a_s2_PN_r","PN","PN","P","N","P","N"
"w1a3srspn",5,15,"reliable","exp1a_s15_GP_r","GP","GN","G","P","G","N"
"w1a3srspn",6,3,"reliable","exp1a_s3_PP_r","PP","PP","P","P","P","P"
"w1a3srspn",7,8,"reliable","exp1a_s8_NN_r","NN","NN","N","N","N","N"
"w1a3srspn",8,10,"reliable","exp1a_s10_PG_r","PG","PG","P","G","P","G"
"w1a3srspn",9,17,"reliable","exp1a_s17_NN_r","NN","GN","N","N","G","N"
"w1a3srspn",10,14,"reliable","exp1a_s14_GN_r","GN","GN","G","N","G","N"
"w1a3srspn",11,18,"reliable","exp1a_s18_NP_r","NP","PN","N","P","P","N"
"w1a3srspn",12,12,"reliable","exp1a_s12_PP_r","PP","PP","P","P","P","P"
"w1a3srspn",13,16,"reliable","exp1a_s16_NG_r","NG","NG","N","G","N","G"
"w1a3srspn",14,6,"reliable","exp1a_s6_GP_r","GP","GP","G","P","G","P"
"w1a3srspn",15,5,"reliable","exp1a_s5_GN_r","GN","GG","G","N","G","G"
"w1a3srspn",16,7,"reliable","exp1a_s7_NG_r","NG","GG","N","G","G","G"
"w1a3srspn",17,11,"reliable","exp1a_s11_PN_r","PN","PN","P","N","P","N"
"w1a3srspn",18,4,"reliable","exp1a_s4_GG_r","GG","GG","G","G","G","G"
"x86rbbgmp",1,14,"unreliable","exp1a_s14_PP_u","PP","NP","P","P","N","P"
"x86rbbgmp",2,6,"unreliable","exp1a_s6_GG_u","GG","GN","G","G","G","N"
"x86rbbgmp",3,1,"unreliable","exp1a_s1_NN_u","NN","PP","N","N","P","P"
"x86rbbgmp",4,11,"unreliable","exp1a_s11_NP_u","NP","NP","N","P","N","P"
"x86rbbgmp",5,4,"unreliable","exp1a_s4_PN_u","PN","PP","P","N","P","P"
"x86rbbgmp",6,8,"unreliable","exp1a_s8_GP_u","GP","GP","G","P","G","P"
"x86rbbgmp",7,7,"unreliable","exp1a_s7_GN_u","GN","GN","G","N","G","N"
"x86rbbgmp",8,17,"unreliable","exp1a_s17_GP_u","GP","GP","G","P","G","P"
"x86rbbgmp",9,2,"unreliable","exp1a_s2_NP_u","NP","PN","N","P","P","N"
"x86rbbgmp",10,16,"unreliable","exp1a_s16_GN_u","GN","GN","G","N","G","N"
"x86rbbgmp",11,5,"unreliable","exp1a_s5_PP_u","PP","NN","P","P","N","N"
"x86rbbgmp",12,15,"unreliable","exp1a_s15_GG_u","GG","GG","G","G","G","G"
"x86rbbgmp",13,13,"unreliable","exp1a_s13_PN_u","PN","PN","P","N","P","N"
"x86rbbgmp",14,10,"unreliable","exp1a_s10_NN_u","NN","PN","N","N","P","N"
"x86rbbgmp",15,12,"unreliable","exp1a_s12_PG_u","PG","PN","P","G","P","N"
"x86rbbgmp",16,18,"unreliable","exp1a_s18_NG_u","NG","NN","N","G","N","N"
"x86rbbgmp",17,3,"unreliable","exp1a_s3_PG_u","PG","PG","P","G","P","G"
"x86rbbgmp",18,9,"unreliable","exp1a_s9_NG_u","NG","NG","N","G","N","G"
"tc6yaf8pd",1,18,"reliable","exp1a_s18_GP_r","GP","GP","G","P","G","P"
"tc6yaf8pd",2,4,"reliable","exp1a_s4_PG_r","PG","NG","P","G","N","G"
"tc6yaf8pd",3,16,"reliable","exp1a_s16_GG_r","GG","GG","G","G","G","G"
"tc6yaf8pd",4,1,"reliable","exp1a_s1_NG_r","NG","NG","N","G","N","G"
"tc6yaf8pd",5,2,"reliable","exp1a_s2_NN_r","NN","NN","N","N","N","N"
"tc6yaf8pd",6,7,"reliable","exp1a_s7_GG_r","GG","NG","G","G","N","G"
"tc6yaf8pd",7,10,"reliable","exp1a_s10_NG_r","NG","NG","N","G","N","G"
"tc6yaf8pd",8,5,"reliable","exp1a_s5_PN_r","PN","PN","P","N","P","N"
"tc6yaf8pd",9,15,"reliable","exp1a_s15_PP_r","PP","NP","P","P","N","P"
"tc6yaf8pd",10,12,"reliable","exp1a_s12_NP_r","NP","NP","N","P","N","P"
"tc6yaf8pd",11,8,"reliable","exp1a_s8_GN_r","GN","GN","G","N","G","N"
"tc6yaf8pd",12,6,"reliable","exp1a_s6_PP_r","PP","PP","P","P","P","P"
"tc6yaf8pd",13,9,"reliable","exp1a_s9_GP_r","GP","GP","G","P","G","P"
"tc6yaf8pd",14,14,"reliable","exp1a_s14_PN_r","PN","PP","P","N","P","P"
"tc6yaf8pd",15,11,"reliable","exp1a_s11_NN_r","NN","NN","N","N","N","N"
"tc6yaf8pd",16,13,"reliable","exp1a_s13_PG_r","PG","PG","P","G","P","G"
"tc6yaf8pd",17,17,"reliable","exp1a_s17_GN_r","GN","GN","G","N","G","N"
"tc6yaf8pd",18,3,"reliable","exp1a_s3_NP_r","NP","NP","N","P","N","P"
"dy6sun9md",1,12,"unreliable","exp1a_s12_GN_u","GN","GP","G","N","G","P"
"dy6sun9md",2,6,"unreliable","exp1a_s6_NN_u","NN","PN","N","N","P","N"
"dy6sun9md",3,2,"unreliable","exp1a_s2_GG_u","GG","NG","G","G","N","G"
"dy6sun9md",4,15,"unreliable","exp1a_s15_NN_u","NN","NP","N","N","N","P"
"dy6sun9md",5,5,"unreliable","exp1a_s5_NG_u","NG","GG","N","G","G","G"
"dy6sun9md",6,8,"unreliable","exp1a_s8_PG_u","PG","PG","P","G","P","G"
"dy6sun9md",7,14,"unreliable","exp1a_s14_NG_u","NG","GG","N","G","G","G"
"dy6sun9md",8,13,"unreliable","exp1a_s13_GP_u","GP","GN","G","P","G","N"
"dy6sun9md",9,16,"unreliable","exp1a_s16_NP_u","NP","GN","N","P","G","N"
"dy6sun9md",10,18,"unreliable","exp1a_s18_PN_u","PN","NN","P","N","N","N"
"dy6sun9md",11,4,"unreliable","exp1a_s4_GP_u","GP","GP","G","P","G","P"
"dy6sun9md",12,10,"unreliable","exp1a_s10_PP_u","PP","NP","P","P","N","P"
"dy6sun9md",13,11,"unreliable","exp1a_s11_GG_u","GG","GG","G","G","G","G"
"dy6sun9md",14,7,"unreliable","exp1a_s7_NP_u","NP","PN","N","P","P","N"
"dy6sun9md",15,17,"unreliable","exp1a_s17_PG_u","PG","PG","P","G","P","G"
"dy6sun9md",16,3,"unreliable","exp1a_s3_GN_u","GN","GP","G","N","G","P"
"dy6sun9md",17,1,"unreliable","exp1a_s1_PP_u","PP","NN","P","P","N","N"
"dy6sun9md",18,9,"unreliable","exp1a_s9_PN_u","PN","NP","P","N","N","P"
"mcakpq6p8",1,7,"unreliable","exp1a_s7_GG_u","GG","PG","G","G","P","G"
"mcakpq6p8",2,11,"unreliable","exp1a_s11_NN_u","NN","NN","N","N","N","N"
"mcakpq6p8",3,16,"unreliable","exp1a_s16_GG_u","GG","GN","G","G","G","N"
"mcakpq6p8",4,10,"unreliable","exp1a_s10_NG_u","NG","NG","N","G","N","G"
"mcakpq6p8",5,17,"unreliable","exp1a_s17_GN_u","GN","GN","G","N","G","N"
"mcakpq6p8",6,18,"unreliable","exp1a_s18_GP_u","GP","GP","G","P","G","P"
"mcakpq6p8",7,14,"unreliable","exp1a_s14_PN_u","PN","PN","P","N","P","N"
"mcakpq6p8",8,9,"unreliable","exp1a_s9_GP_u","GP","GP","G","P","G","P"
"mcakpq6p8",9,5,"unreliable","exp1a_s5_PN_u","PN","PN","P","N","P","N"
"mcakpq6p8",10,4,"unreliable","exp1a_s4_PG_u","PG","NG","P","G","N","G"
"mcakpq6p8",11,6,"unreliable","exp1a_s6_PP_u","PP","PP","P","P","P","P"
"mcakpq6p8",12,12,"unreliable","exp1a_s12_NP_u","NP","NP","N","P","N","P"
"mcakpq6p8",13,13,"unreliable","exp1a_s13_PG_u","PG","PG","P","G","P","G"
"mcakpq6p8",14,15,"unreliable","exp1a_s15_PP_u","PP","PG","P","P","P","G"
"mcakpq6p8",15,1,"unreliable","exp1a_s1_NG_u","NG","NG","N","G","N","G"
"mcakpq6p8",16,8,"unreliable","exp1a_s8_GN_u","GN","GN","G","N","G","N"
"mcakpq6p8",17,3,"unreliable","exp1a_s3_NP_u","NP","NN","N","P","N","N"
"mcakpq6p8",18,2,"unreliable","exp1a_s2_NN_u","NN","NN","N","N","N","N"
"h4a0ku6p4",1,13,"reliable","exp1a_s13_GN_r","GN","NG","G","N","N","G"
"h4a0ku6p4",2,14,"reliable","exp1a_s14_GP_r","GP","PG","G","P","P","G"
"h4a0ku6p4",3,10,"reliable","exp1a_s10_PN_r","PN","NN","P","N","N","N"
"h4a0ku6p4",4,17,"reliable","exp1a_s17_NP_r","NP","NG","N","P","N","G"
"h4a0ku6p4",5,18,"reliable","exp1a_s18_PG_r","PG","GN","P","G","G","N"
"h4a0ku6p4",6,3,"reliable","exp1a_s3_GG_r","GG","NG","G","G","N","G"
"h4a0ku6p4",7,5,"reliable","exp1a_s5_GP_r","GP","GN","G","P","G","N"
"h4a0ku6p4",8,7,"reliable","exp1a_s7_NN_r","NN","NG","N","N","N","G"
"h4a0ku6p4",9,4,"reliable","exp1a_s4_GN_r","GN","GN","G","N","G","N"
"h4a0ku6p4",10,11,"reliable","exp1a_s11_PP_r","PP","GG","P","P","G","G"
"h4a0ku6p4",11,9,"reliable","exp1a_s9_PG_r","PG","GG","P","G","G","G"
"h4a0ku6p4",12,2,"reliable","exp1a_s2_PP_r","PP","GN","P","P","G","N"
"h4a0ku6p4",13,15,"reliable","exp1a_s15_NG_r","NG","NG","N","G","N","G"
"h4a0ku6p4",14,12,"reliable","exp1a_s12_GG_r","GG","PG","G","G","P","G"
"h4a0ku6p4",15,1,"reliable","exp1a_s1_PN_r","PN","GG","P","N","G","G"
"h4a0ku6p4",16,8,"reliable","exp1a_s8_NP_r","NP","GP","N","P","G","P"
"h4a0ku6p4",17,6,"reliable","exp1a_s6_NG_r","NG","NG","N","G","N","G"
"h4a0ku6p4",18,16,"reliable","exp1a_s16_NN_r","NN","NG","N","N","N","G"
"wca39t1pv",1,3,"unreliable","exp1a_s3_PP_u","PP","PN","P","P","P","N"
"wca39t1pv",2,18,"unreliable","exp1a_s18_NP_u","NP","NP","N","P","N","P"
"wca39t1pv",3,12,"unreliable","exp1a_s12_PP_u","PP","NN","P","P","N","N"
"wca39t1pv",4,1,"unreliable","exp1a_s1_PG_u","PG","NG","P","G","N","G"
"wca39t1pv",5,17,"unreliable","exp1a_s17_NN_u","NN","NN","N","N","N","N"
"wca39t1pv",6,7,"unreliable","exp1a_s7_NG_u","NG","NG","N","G","N","G"
"wca39t1pv",7,10,"unreliable","exp1a_s10_PG_u","PG","PN","P","G","P","N"
"wca39t1pv",8,6,"unreliable","exp1a_s6_GP_u","GP","NP","G","P","N","P"
"wca39t1pv",9,13,"unreliable","exp1a_s13_GG_u","GG","GN","G","G","G","N"
"wca39t1pv",10,11,"unreliable","exp1a_s11_PN_u","PN","PN","P","N","P","N"
"wca39t1pv",11,9,"unreliable","exp1a_s9_NP_u","NP","PN","N","P","P","N"
"wca39t1pv",12,16,"unreliable","exp1a_s16_NG_u","NG","NG","N","G","N","G"
"wca39t1pv",13,5,"unreliable","exp1a_s5_GN_u","GN","NN","G","N","N","N"
"wca39t1pv",14,4,"unreliable","exp1a_s4_GG_u","GG","GG","G","G","G","G"
"wca39t1pv",15,2,"unreliable","exp1a_s2_PN_u","PN","NN","P","N","N","N"
"wca39t1pv",16,8,"unreliable","exp1a_s8_NN_u","NN","GN","N","N","G","N"
"wca39t1pv",17,14,"unreliable","exp1a_s14_GN_u","GN","GG","G","N","G","G"
"wca39t1pv",18,15,"unreliable","exp1a_s15_GP_u","GP","GP","G","P","G","P"
"0laspm4pi",1,10,"reliable","exp1a_s10_GN_r","GN","GG","G","N","G","G"
"0laspm4pi",2,12,"reliable","exp1a_s12_NG_r","NG","NG","N","G","N","G"
"0laspm4pi",3,8,"reliable","exp1a_s8_PP_r","PP","PN","P","P","P","N"
"0laspm4pi",4,7,"reliable","exp1a_s7_PN_r","PN","NP","P","N","N","P"
"0laspm4pi",5,18,"reliable","exp1a_s18_GG_r","GG","PG","G","G","P","G"
"0laspm4pi",6,14,"reliable","exp1a_s14_NP_r","NP","PN","N","P","P","N"
"0laspm4pi",7,11,"reliable","exp1a_s11_GP_r","GP","GP","G","P","G","P"
"0laspm4pi",8,5,"reliable","exp1a_s5_NP_r","NP","PP","N","P","P","P"
"0laspm4pi",9,4,"reliable","exp1a_s4_NN_r","NN","PP","N","N","P","P"
"0laspm4pi",10,1,"reliable","exp1a_s1_GN_r","GN","GN","G","N","G","N"
"0laspm4pi",11,17,"reliable","exp1a_s17_PP_r","PP","NN","P","P","N","N"
"0laspm4pi",12,15,"reliable","exp1a_s15_PG_r","PG","GG","P","G","G","G"
"0laspm4pi",13,2,"reliable","exp1a_s2_GP_r","GP","GN","G","P","G","N"
"0laspm4pi",14,3,"reliable","exp1a_s3_NG_r","NG","PG","N","G","P","G"
"0laspm4pi",15,9,"reliable","exp1a_s9_GG_r","GG","GG","G","G","G","G"
"0laspm4pi",16,13,"reliable","exp1a_s13_NN_r","NN","PN","N","N","P","N"
"0laspm4pi",17,6,"reliable","exp1a_s6_PG_r","PG","NG","P","G","N","G"
"0laspm4pi",18,16,"reliable","exp1a_s16_PN_r","PN","PN","P","N","P","N"
"k6a6ol3m3",1,2,"reliable","exp1a_s2_NN_r","NN","PN","N","N","P","N"
"k6a6ol3m3",2,1,"reliable","exp1a_s1_NG_r","NG","GP","N","G","G","P"
"k6a6ol3m3",3,8,"reliable","exp1a_s8_GN_r","GN","GN","G","N","G","N"
"k6a6ol3m3",4,6,"reliable","exp1a_s6_PP_r","PP","PN","P","P","P","N"
"k6a6ol3m3",5,5,"reliable","exp1a_s5_PN_r","PN","GP","P","N","G","P"
"k6a6ol3m3",6,12,"reliable","exp1a_s12_NP_r","NP","GG","N","P","G","G"
"k6a6ol3m3",7,17,"reliable","exp1a_s17_GN_r","GN","NG","G","N","N","G"
"k6a6ol3m3",8,16,"reliable","exp1a_s16_GG_r","GG","GN","G","G","G","N"
"k6a6ol3m3",9,3,"reliable","exp1a_s3_NP_r","NP","GN","N","P","G","N"
"k6a6ol3m3",10,13,"reliable","exp1a_s13_PG_r","PG","GN","P","G","G","N"
"k6a6ol3m3",11,7,"reliable","exp1a_s7_GG_r","GG","GG","G","G","G","G"
"k6a6ol3m3",12,9,"reliable","exp1a_s9_GP_r","GP","GG","G","P","G","G"
"k6a6ol3m3",13,14,"reliable","exp1a_s14_PN_r","PN","PN","P","N","P","N"
"k6a6ol3m3",14,15,"reliable","exp1a_s15_PP_r","PP","NG","P","P","N","G"
"k6a6ol3m3",15,18,"reliable","exp1a_s18_GP_r","GP","NP","G","P","N","P"
"k6a6ol3m3",16,10,"reliable","exp1a_s10_NG_r","NG","GG","N","G","G","G"
"k6a6ol3m3",17,11,"reliable","exp1a_s11_NN_r","NN","GN","N","N","G","N"
"k6a6ol3m3",18,4,"reliable","exp1a_s4_PG_r","PG","GG","P","G","G","G"
"ez6278hpk",1,1,"reliable","exp1a_s1_NP_r","NP","NG","N","P","N","G"
"ez6278hpk",2,8,"reliable","exp1a_s8_NG_r","NG","PG","N","G","P","G"
"ez6278hpk",3,15,"reliable","exp1a_s15_GN_r","GN","GN","G","N","G","N"
"ez6278hpk",4,4,"reliable","exp1a_s4_PP_r","PP","PP","P","P","P","P"
"ez6278hpk",5,6,"reliable","exp1a_s6_GN_r","GN","GN","G","N","G","N"
"ez6278hpk",6,17,"reliable","exp1a_s17_NG_r","NG","GP","N","G","G","P"
"ez6278hpk",7,3,"reliable","exp1a_s3_PN_r","PN","PG","P","N","P","G"
"ez6278hpk",8,16,"reliable","exp1a_s16_GP_r","GP","GP","G","P","G","P"
"ez6278hpk",9,13,"reliable","exp1a_s13_PP_r","PP","PG","P","P","P","G"
"ez6278hpk",10,2,"reliable","exp1a_s2_PG_r","PG","NP","P","G","N","P"
"ez6278hpk",11,18,"reliable","exp1a_s18_NN_r","NN","PG","N","N","P","G"
"ez6278hpk",12,12,"reliable","exp1a_s12_PN_r","PN","PG","P","N","P","G"
"ez6278hpk",13,14,"reliable","exp1a_s14_GG_r","GG","PG","G","G","P","G"
"ez6278hpk",14,9,"reliable","exp1a_s9_NN_r","NN","GP","N","N","G","P"
"ez6278hpk",15,5,"reliable","exp1a_s5_GG_r","GG","NN","G","G","N","N"
"ez6278hpk",16,7,"reliable","exp1a_s7_GP_r","GP","PG","G","P","P","G"
"ez6278hpk",17,11,"reliable","exp1a_s11_PG_r","PG","PP","P","G","P","P"
"ez6278hpk",18,10,"reliable","exp1a_s10_NP_r","NP","NN","N","P","N","N"
"3qajihbp1",1,6,"reliable","exp1a_s6_PG_r","PG","PG","P","G","P","G"
"3qajihbp1",2,9,"reliable","exp1a_s9_GG_r","GG","NG","G","G","N","G"
"3qajihbp1",3,13,"reliable","exp1a_s13_NN_r","NN","NN","N","N","N","N"
"3qajihbp1",4,8,"reliable","exp1a_s8_PP_r","PP","PN","P","P","P","N"
"3qajihbp1",5,14,"reliable","exp1a_s14_NP_r","NP","GP","N","P","G","P"
"3qajihbp1",6,3,"reliable","exp1a_s3_NG_r","NG","NG","N","G","N","G"
"3qajihbp1",7,4,"reliable","exp1a_s4_NN_r","NN","NN","N","N","N","N"
"3qajihbp1",8,16,"reliable","exp1a_s16_PN_r","PN","GP","P","N","G","P"
"3qajihbp1",9,2,"reliable","exp1a_s2_GP_r","GP","GN","G","P","G","N"
"3qajihbp1",10,17,"reliable","exp1a_s17_PP_r","PP","PP","P","P","P","P"
"3qajihbp1",11,1,"reliable","exp1a_s1_GN_r","GN","GN","G","N","G","N"
"3qajihbp1",12,12,"reliable","exp1a_s12_NG_r","NG","NG","N","G","N","G"
"3qajihbp1",13,10,"reliable","exp1a_s10_GN_r","GN","GN","G","N","G","N"
"3qajihbp1",14,5,"reliable","exp1a_s5_NP_r","NP","GP","N","P","G","P"
"3qajihbp1",15,7,"reliable","exp1a_s7_PN_r","PN","GN","P","N","G","N"
"3qajihbp1",16,18,"reliable","exp1a_s18_GG_r","GG","GG","G","G","G","G"
"3qajihbp1",17,15,"reliable","exp1a_s15_PG_r","PG","PG","P","G","P","G"
"3qajihbp1",18,11,"reliable","exp1a_s11_GP_r","GP","GP","G","P","G","P"
"qna1e4dm4",1,8,"reliable","exp1a_s8_PP_r","PP","GP","P","P","G","P"
"qna1e4dm4",2,6,"reliable","exp1a_s6_PG_r","PG","PG","P","G","P","G"
"qna1e4dm4",3,7,"reliable","exp1a_s7_PN_r","PN","NG","P","N","N","G"
"qna1e4dm4",4,5,"reliable","exp1a_s5_NP_r","NP","GN","N","P","G","N"
"qna1e4dm4",5,10,"reliable","exp1a_s10_GN_r","GN","PG","G","N","P","G"
"qna1e4dm4",6,4,"reliable","exp1a_s4_NN_r","NN","GP","N","N","G","P"
"qna1e4dm4",7,18,"reliable","exp1a_s18_GG_r","GG","PG","G","G","P","G"
"qna1e4dm4",8,17,"reliable","exp1a_s17_PP_r","PP","NN","P","P","N","N"
"qna1e4dm4",9,2,"reliable","exp1a_s2_GP_r","GP","GP","G","P","G","P"
"qna1e4dm4",10,3,"reliable","exp1a_s3_NG_r","NG","NG","N","G","N","G"
"qna1e4dm4",11,14,"reliable","exp1a_s14_NP_r","NP","GN","N","P","G","N"
"qna1e4dm4",12,13,"reliable","exp1a_s13_NN_r","NN","GN","N","N","G","N"
"qna1e4dm4",13,1,"reliable","exp1a_s1_GN_r","GN","GN","G","N","G","N"
"qna1e4dm4",14,9,"reliable","exp1a_s9_GG_r","GG","PG","G","G","P","G"
"qna1e4dm4",15,15,"reliable","exp1a_s15_PG_r","PG","GP","P","G","G","P"
"qna1e4dm4",16,12,"reliable","exp1a_s12_NG_r","NG","GN","N","G","G","N"
"qna1e4dm4",17,16,"reliable","exp1a_s16_PN_r","PN","NN","P","N","N","N"
"qna1e4dm4",18,11,"reliable","exp1a_s11_GP_r","GP","GN","G","P","G","N"
"iyafmxopx",1,3,"reliable","exp1a_s3_PP_r","PP","PN","P","P","P","N"
"iyafmxopx",2,9,"reliable","exp1a_s9_NP_r","NP","NN","N","P","N","N"
"iyafmxopx",3,15,"reliable","exp1a_s15_GP_r","GP","GN","G","P","G","N"
"iyafmxopx",4,10,"reliable","exp1a_s10_PG_r","PG","PG","P","G","P","G"
"iyafmxopx",5,11,"reliable","exp1a_s11_PN_r","PN","NN","P","N","N","N"
"iyafmxopx",6,6,"reliable","exp1a_s6_GP_r","GP","PP","G","P","P","P"
"iyafmxopx",7,4,"reliable","exp1a_s4_GG_r","GG","GG","G","G","G","G"
"iyafmxopx",8,5,"reliable","exp1a_s5_GN_r","GN","NG","G","N","N","G"
"iyafmxopx",9,17,"reliable","exp1a_s17_NN_r","NN","PN","N","N","P","N"
"iyafmxopx",10,14,"reliable","exp1a_s14_GN_r","GN","GG","G","N","G","G"
"iyafmxopx",11,7,"reliable","exp1a_s7_NG_r","NG","PG","N","G","P","G"
"iyafmxopx",12,13,"reliable","exp1a_s13_GG_r","GG","GG","G","G","G","G"
"iyafmxopx",13,8,"reliable","exp1a_s8_NN_r","NN","NP","N","N","N","P"
"iyafmxopx",14,12,"reliable","exp1a_s12_PP_r","PP","PN","P","P","P","N"
"iyafmxopx",15,16,"reliable","exp1a_s16_NG_r","NG","NG","N","G","N","G"
"iyafmxopx",16,18,"reliable","exp1a_s18_NP_r","NP","PP","N","P","P","P"
"iyafmxopx",17,2,"reliable","exp1a_s2_PN_r","PN","NP","P","N","N","P"
"iyafmxopx",18,1,"reliable","exp1a_s1_PG_r","PG","PG","P","G","P","G"
"blaegsrm0",1,1,"unreliable","exp1a_s1_GN_u","GN","GN","G","N","G","N"
"blaegsrm0",2,11,"unreliable","exp1a_s11_GP_u","GP","NP","G","P","N","P"
"blaegsrm0",3,5,"unreliable","exp1a_s5_NP_u","NP","NP","N","P","N","P"
"blaegsrm0",4,3,"unreliable","exp1a_s3_NG_u","NG","NN","N","G","N","N"
"blaegsrm0",5,2,"unreliable","exp1a_s2_GP_u","GP","NP","G","P","N","P"
"blaegsrm0",6,9,"unreliable","exp1a_s9_GG_u","GG","GG","G","G","G","G"
"blaegsrm0",7,16,"unreliable","exp1a_s16_PN_u","PN","PG","P","N","P","G"
"blaegsrm0",8,17,"unreliable","exp1a_s17_PP_u","PP","PP","P","P","P","P"
"blaegsrm0",9,12,"unreliable","exp1a_s12_NG_u","NG","NG","N","G","N","G"
"blaegsrm0",10,8,"unreliable","exp1a_s8_PP_u","PP","PP","P","P","P","P"
"blaegsrm0",11,14,"unreliable","exp1a_s14_NP_u","NP","GP","N","P","G","P"
"blaegsrm0",12,10,"unreliable","exp1a_s10_GN_u","GN","NN","G","N","N","N"
"blaegsrm0",13,4,"unreliable","exp1a_s4_NN_u","NN","NN","N","N","N","N"
"blaegsrm0",14,7,"unreliable","exp1a_s7_PN_u","PN","NN","P","N","N","N"
"blaegsrm0",15,6,"unreliable","exp1a_s6_PG_u","PG","PG","P","G","P","G"
"blaegsrm0",16,13,"unreliable","exp1a_s13_NN_u","NN","NN","N","N","N","N"
"blaegsrm0",17,15,"unreliable","exp1a_s15_PG_u","PG","PG","P","G","P","G"
"blaegsrm0",18,18,"unreliable","exp1a_s18_GG_u","GG","GG","G","G","G","G"
"9m6989ymq",1,7,"unreliable","exp1a_s7_GP_u","GP","NN","G","P","N","N"
"9m6989ymq",2,18,"unreliable","exp1a_s18_NN_u","NN","PP","N","N","P","P"
"9m6989ymq",3,15,"unreliable","exp1a_s15_GN_u","GN","GG","G","N","G","G"
"9m6989ymq",4,10,"unreliable","exp1a_s10_NP_u","NP","PP","N","P","P","P"
"9m6989ymq",5,4,"unreliable","exp1a_s4_PP_u","PP","NN","P","P","N","N"
"9m6989ymq",6,3,"unreliable","exp1a_s3_PN_u","PN","GG","P","N","G","G"
"9m6989ymq",7,8,"unreliable","exp1a_s8_NG_u","NG","GG","N","G","G","G"
"9m6989ymq",8,12,"unreliable","exp1a_s12_PN_u","PN","PP","P","N","P","P"
"9m6989ymq",9,17,"unreliable","exp1a_s17_NG_u","NG","GG","N","G","G","G"
"9m6989ymq",10,6,"unreliable","exp1a_s6_GN_u","GN","NN","G","N","N","N"
"9m6989ymq",11,13,"unreliable","exp1a_s13_PP_u","PP","PP","P","P","P","P"
"9m6989ymq",12,1,"unreliable","exp1a_s1_NP_u","NP","NN","N","P","N","N"
"9m6989ymq",13,11,"unreliable","exp1a_s11_PG_u","PG","GG","P","G","G","G"
"9m6989ymq",14,9,"unreliable","exp1a_s9_NN_u","NN","PP","N","N","P","P"
"9m6989ymq",15,2,"unreliable","exp1a_s2_PG_u","PG","GG","P","G","G","G"
"9m6989ymq",16,5,"unreliable","exp1a_s5_GG_u","GG","GG","G","G","G","G"
"9m6989ymq",17,16,"unreliable","exp1a_s16_GP_u","GP","PP","G","P","P","P"
"9m6989ymq",18,14,"unreliable","exp1a_s14_GG_u","GG","GG","G","G","G","G"
"fa65wyapf",1,13,"unreliable","exp1a_s13_NP_u","NP","NG","N","P","N","G"
"fa65wyapf",2,9,"unreliable","exp1a_s9_GN_u","GN","NG","G","N","N","G"
"fa65wyapf",3,4,"unreliable","exp1a_s4_NP_u","NP","GN","N","P","G","N"
"fa65wyapf",4,8,"unreliable","exp1a_s8_GG_u","GG","GN","G","G","G","N"
"fa65wyapf",5,12,"unreliable","exp1a_s12_NN_u","NN","NG","N","N","N","G"
"fa65wyapf",6,1,"unreliable","exp1a_s1_GP_u","GP","GN","G","P","G","N"
"fa65wyapf",7,6,"unreliable","exp1a_s6_PN_u","PN","GN","P","N","G","N"
"fa65wyapf",8,2,"unreliable","exp1a_s2_NG_u","NG","GN","N","G","G","N"
"fa65wyapf",9,16,"unreliable","exp1a_s16_PP_u","PP","GG","P","P","G","G"
"fa65wyapf",10,15,"unreliable","exp1a_s15_PN_u","PN","NG","P","N","N","G"
"fa65wyapf",11,3,"unreliable","exp1a_s3_NN_u","NN","NN","N","N","N","N"
"fa65wyapf",12,5,"unreliable","exp1a_s5_PG_u","PG","GG","P","G","G","G"
"fa65wyapf",13,10,"unreliable","exp1a_s10_GP_u","GP","GP","G","P","G","P"
"fa65wyapf",14,17,"unreliable","exp1a_s17_GG_u","GG","GN","G","G","G","N"
"fa65wyapf",15,18,"unreliable","exp1a_s18_GN_u","GN","GP","G","N","G","P"
"fa65wyapf",16,14,"unreliable","exp1a_s14_PG_u","PG","GN","P","G","G","N"
"fa65wyapf",17,7,"unreliable","exp1a_s7_PP_u","PP","GG","P","P","G","G"
"fa65wyapf",18,11,"unreliable","exp1a_s11_NG_u","NG","GN","N","G","G","N"
"ku69acypy",1,9,"unreliable","exp1a_s9_NP_u","NP","NN","N","P","N","N"
"ku69acypy",2,10,"unreliable","exp1a_s10_PG_u","PG","NN","P","G","N","N"
"ku69acypy",3,17,"unreliable","exp1a_s17_NN_u","NN","NN","N","N","N","N"
"ku69acypy",4,18,"unreliable","exp1a_s18_NP_u","NP","NG","N","P","N","G"
"ku69acypy",5,13,"unreliable","exp1a_s13_GG_u","GG","NN","G","G","N","N"
"ku69acypy",6,15,"unreliable","exp1a_s15_GP_u","GP","NN","G","P","N","N"
"ku69acypy",7,11,"unreliable","exp1a_s11_PN_u","PN","NN","P","N","N","N"
"ku69acypy",8,16,"unreliable","exp1a_s16_NG_u","NG","GN","N","G","G","N"
"ku69acypy",9,5,"unreliable","exp1a_s5_GN_u","GN","NN","G","N","N","N"
"ku69acypy",10,6,"unreliable","exp1a_s6_GP_u","GP","NN","G","P","N","N"
"ku69acypy",11,3,"unreliable","exp1a_s3_PP_u","PP","NN","P","P","N","N"
"ku69acypy",12,14,"unreliable","exp1a_s14_GN_u","GN","GN","G","N","G","N"
"ku69acypy",13,2,"unreliable","exp1a_s2_PN_u","PN","GN","P","N","G","N"
"ku69acypy",14,1,"unreliable","exp1a_s1_PG_u","PG","NG","P","G","N","G"
"ku69acypy",15,7,"unreliable","exp1a_s7_NG_u","NG","NG","N","G","N","G"
"ku69acypy",16,12,"unreliable","exp1a_s12_PP_u","PP","NN","P","P","N","N"
"ku69acypy",17,8,"unreliable","exp1a_s8_NN_u","NN","NG","N","N","N","G"
"ku69acypy",18,4,"unreliable","exp1a_s4_GG_u","GG","GN","G","G","G","N"
"zzagccopu",1,18,"unreliable","exp1a_s18_NP_u","NP","PP","N","P","P","P"
"zzagccopu",2,11,"unreliable","exp1a_s11_PN_u","PN","NP","P","N","N","P"
"zzagccopu",3,1,"unreliable","exp1a_s1_PG_u","PG","NG","P","G","N","G"
"zzagccopu",4,2,"unreliable","exp1a_s2_PN_u","PN","NN","P","N","N","N"
"zzagccopu",5,8,"unreliable","exp1a_s8_NN_u","NN","NN","N","N","N","N"
"zzagccopu",6,5,"unreliable","exp1a_s5_GN_u","GN","NN","G","N","N","N"
"zzagccopu",7,16,"unreliable","exp1a_s16_NG_u","NG","NG","N","G","N","G"
"zzagccopu",8,17,"unreliable","exp1a_s17_NN_u","NN","PN","N","N","P","N"
"zzagccopu",9,7,"unreliable","exp1a_s7_NG_u","NG","NN","N","G","N","N"
"zzagccopu",10,14,"unreliable","exp1a_s14_GN_u","GN","PP","G","N","P","P"
"zzagccopu",11,9,"unreliable","exp1a_s9_NP_u","NP","NN","N","P","N","N"
"zzagccopu",12,4,"unreliable","exp1a_s4_GG_u","GG","PG","G","G","P","G"
"zzagccopu",13,12,"unreliable","exp1a_s12_PP_u","PP","NN","P","P","N","N"
"zzagccopu",14,10,"unreliable","exp1a_s10_PG_u","PG","NG","P","G","N","G"
"zzagccopu",15,15,"unreliable","exp1a_s15_GP_u","GP","PP","G","P","P","P"
"zzagccopu",16,13,"unreliable","exp1a_s13_GG_u","GG","GG","G","G","G","G"
"zzagccopu",17,3,"unreliable","exp1a_s3_PP_u","PP","PP","P","P","P","P"
"zzagccopu",18,6,"unreliable","exp1a_s6_GP_u","GP","PG","G","P","P","G"
"7yanvwrpa",1,8,"unreliable","exp1a_s8_NP_u","NP","NP","N","P","N","P"
"7yanvwrpa",2,18,"unreliable","exp1a_s18_PG_u","PG","NG","P","G","N","G"
"7yanvwrpa",3,14,"unreliable","exp1a_s14_GP_u","GP","GP","G","P","G","P"
"7yanvwrpa",4,16,"unreliable","exp1a_s16_NN_u","NN","GN","N","N","G","N"
"7yanvwrpa",5,2,"unreliable","exp1a_s2_PP_u","PP","PP","P","P","P","P"
"7yanvwrpa",6,13,"unreliable","exp1a_s13_GN_u","GN","GN","G","N","G","N"
"7yanvwrpa",7,3,"unreliable","exp1a_s3_GG_u","GG","NG","G","G","N","G"
"7yanvwrpa",8,15,"unreliable","exp1a_s15_NG_u","NG","NG","N","G","N","G"
"7yanvwrpa",9,5,"unreliable","exp1a_s5_GP_u","GP","GP","G","P","G","P"
"7yanvwrpa",10,11,"unreliable","exp1a_s11_PP_u","PP","PP","P","P","P","P"
"7yanvwrpa",11,1,"unreliable","exp1a_s1_PN_u","PN","PN","P","N","P","N"
"7yanvwrpa",12,9,"unreliable","exp1a_s9_PG_u","PG","PG","P","G","P","G"
"7yanvwrpa",13,12,"unreliable","exp1a_s12_GG_u","GG","GG","G","G","G","G"
"7yanvwrpa",14,6,"unreliable","exp1a_s6_NG_u","NG","GG","N","G","G","G"
"7yanvwrpa",15,4,"unreliable","exp1a_s4_GN_u","GN","GN","G","N","G","N"
"7yanvwrpa",16,10,"unreliable","exp1a_s10_PN_u","PN","PN","P","N","P","N"
"7yanvwrpa",17,7,"unreliable","exp1a_s7_NN_u","NN","NG","N","N","N","G"
"7yanvwrpa",18,17,"unreliable","exp1a_s17_NP_u","NP","GP","N","P","G","P"
"x96fkywm6",1,15,"reliable","exp1a_s15_GP_r","GP","GP","G","P","G","P"
"x96fkywm6",2,12,"reliable","exp1a_s12_PP_r","PP","PP","P","P","P","P"
"x96fkywm6",3,1,"reliable","exp1a_s1_PG_r","PG","PG","P","G","P","G"
"x96fkywm6",4,13,"reliable","exp1a_s13_GG_r","GG","GG","G","G","G","G"
"x96fkywm6",5,8,"reliable","exp1a_s8_NN_r","NN","NN","N","N","N","N"
"x96fkywm6",6,10,"reliable","exp1a_s10_PG_r","PG","PG","P","G","P","G"
"x96fkywm6",7,11,"reliable","exp1a_s11_PN_r","PN","PN","P","N","P","N"
"x96fkywm6",8,9,"reliable","exp1a_s9_NP_r","NP","NP","N","P","N","P"
"x96fkywm6",9,16,"reliable","exp1a_s16_NG_r","NG","NG","N","G","N","G"
"x96fkywm6",10,18,"reliable","exp1a_s18_NP_r","NP","PN","N","P","P","N"
"x96fkywm6",11,6,"reliable","exp1a_s6_GP_r","GP","GP","G","P","G","P"
"x96fkywm6",12,3,"reliable","exp1a_s3_PP_r","PP","PP","P","P","P","P"
"x96fkywm6",13,2,"reliable","exp1a_s2_PN_r","PN","PN","P","N","P","N"
"x96fkywm6",14,17,"reliable","exp1a_s17_NN_r","NN","NN","N","N","N","N"
"x96fkywm6",15,5,"reliable","exp1a_s5_GN_r","GN","GN","G","N","G","N"
"x96fkywm6",16,7,"reliable","exp1a_s7_NG_r","NG","NG","N","G","N","G"
"x96fkywm6",17,4,"reliable","exp1a_s4_GG_r","GG","NG","G","G","N","G"
"x96fkywm6",18,14,"reliable","exp1a_s14_GN_r","GN","GN","G","N","G","N"
"nwak3i0mm",1,2,"reliable","exp1a_s2_GP_r","GP","NN","G","P","N","N"
"nwak3i0mm",2,15,"reliable","exp1a_s15_PG_r","PG","PG","P","G","P","G"
"nwak3i0mm",3,1,"reliable","exp1a_s1_GN_r","GN","GN","G","N","G","N"
"nwak3i0mm",4,3,"reliable","exp1a_s3_NG_r","NG","NG","N","G","N","G"
"nwak3i0mm",5,18,"reliable","exp1a_s18_GG_r","GG","NG","G","G","N","G"
"nwak3i0mm",6,4,"reliable","exp1a_s4_NN_r","NN","NN","N","N","N","N"
"nwak3i0mm",7,14,"reliable","exp1a_s14_NP_r","NP","NP","N","P","N","P"
"nwak3i0mm",8,13,"reliable","exp1a_s13_NN_r","NN","NN","N","N","N","N"
"nwak3i0mm",9,8,"reliable","exp1a_s8_PP_r","PP","PP","P","P","P","P"
"nwak3i0mm",10,9,"reliable","exp1a_s9_GG_r","GG","GG","G","G","G","G"
"nwak3i0mm",11,6,"reliable","exp1a_s6_PG_r","PG","PG","P","G","P","G"
"nwak3i0mm",12,16,"reliable","exp1a_s16_PN_r","PN","PN","P","N","P","N"
"nwak3i0mm",13,11,"reliable","exp1a_s11_GP_r","GP","GP","G","P","G","P"
"nwak3i0mm",14,5,"reliable","exp1a_s5_NP_r","NP","NP","N","P","N","P"
"nwak3i0mm",15,10,"reliable","exp1a_s10_GN_r","GN","PG","G","N","P","G"
"nwak3i0mm",16,17,"reliable","exp1a_s17_PP_r","PP","PP","P","P","P","P"
"nwak3i0mm",17,12,"reliable","exp1a_s12_NG_r","NG","GG","N","G","G","G"
"nwak3i0mm",18,7,"reliable","exp1a_s7_PN_r","PN","PP","P","N","P","P"
"na6owigps",1,9,"reliable","exp1a_s9_GP_r","GP","GP","G","P","G","P"
"na6owigps",2,12,"reliable","exp1a_s12_NP_r","NP","NP","N","P","N","P"
"na6owigps",3,18,"reliable","exp1a_s18_GP_r","GP","GP","G","P","G","P"
"na6owigps",4,10,"reliable","exp1a_s10_NG_r","NG","NG","N","G","N","G"
"na6owigps",5,4,"reliable","exp1a_s4_PG_r","PG","PG","P","G","P","G"
"na6owigps",6,16,"reliable","exp1a_s16_GG_r","GG","GG","G","G","G","G"
"na6owigps",7,14,"reliable","exp1a_s14_PN_r","PN","PP","P","N","P","P"
"na6owigps",8,15,"reliable","exp1a_s15_PP_r","PP","PP","P","P","P","P"
"na6owigps",9,3,"reliable","exp1a_s3_NP_r","NP","NP","N","P","N","P"
"na6owigps",10,13,"reliable","exp1a_s13_PG_r","PG","PG","P","G","P","G"
"na6owigps",11,1,"reliable","exp1a_s1_NG_r","NG","PG","N","G","P","G"
"na6owigps",12,2,"reliable","exp1a_s2_NN_r","NN","NG","N","N","N","G"
"na6owigps",13,8,"reliable","exp1a_s8_GN_r","GN","GN","G","N","G","N"
"na6owigps",14,6,"reliable","exp1a_s6_PP_r","PP","PN","P","P","P","N"
"na6owigps",15,7,"reliable","exp1a_s7_GG_r","GG","NG","G","G","N","G"
"na6owigps",16,11,"reliable","exp1a_s11_NN_r","NN","NN","N","N","N","N"
"na6owigps",17,17,"reliable","exp1a_s17_GN_r","GN","GN","G","N","G","N"
"na6owigps",18,5,"reliable","exp1a_s5_PN_r","PN","PN","P","N","P","N"
"exak6nwpa",1,11,"reliable","exp1a_s11_GG_r","GG","NG","G","G","N","G"
"exak6nwpa",2,9,"reliable","exp1a_s9_PN_r","PN","NP","P","N","N","P"
"exak6nwpa",3,3,"reliable","exp1a_s3_GN_r","GN","PG","G","N","P","G"
"exak6nwpa",4,6,"reliable","exp1a_s6_NN_r","NN","PN","N","N","P","N"
"exak6nwpa",5,1,"reliable","exp1a_s1_PP_r","PP","NN","P","P","N","N"
"exak6nwpa",6,8,"reliable","exp1a_s8_PG_r","PG","GP","P","G","G","P"
"exak6nwpa",7,13,"reliable","exp1a_s13_GP_r","GP","GG","G","P","G","G"
"exak6nwpa",8,17,"reliable","exp1a_s17_PG_r","PG","GG","P","G","G","G"
"exak6nwpa",9,5,"reliable","exp1a_s5_NG_r","NG","PP","N","G","P","P"
"exak6nwpa",10,2,"reliable","exp1a_s2_GG_r","GG","NN","G","G","N","N"
"exak6nwpa",11,10,"reliable","exp1a_s10_PP_r","PP","PG","P","P","P","G"
"exak6nwpa",12,15,"reliable","exp1a_s15_NN_r","NN","GN","N","N","G","N"
"exak6nwpa",13,16,"reliable","exp1a_s16_NP_r","NP","PP","N","P","P","P"
"exak6nwpa",14,12,"reliable","exp1a_s12_GN_r","GN","PN","G","N","P","N"
"exak6nwpa",15,7,"reliable","exp1a_s7_NP_r","NP","PN","N","P","P","N"
"exak6nwpa",16,4,"reliable","exp1a_s4_GP_r","GP","GG","G","P","G","G"
"exak6nwpa",17,14,"reliable","exp1a_s14_NG_r","NG","PP","N","G","P","P"
"exak6nwpa",18,18,"reliable","exp1a_s18_PN_r","PN","PN","P","N","P","N"
"pha0skqpp",1,15,"unreliable","exp1a_s15_PP_u","PP","GG","P","P","G","G"
"pha0skqpp",2,10,"unreliable","exp1a_s10_NG_u","NG","GG","N","G","G","G"
"pha0skqpp",3,18,"unreliable","exp1a_s18_GP_u","GP","PP","G","P","P","P"
"pha0skqpp",4,6,"unreliable","exp1a_s6_PP_u","PP","PP","P","P","P","P"
"pha0skqpp",5,16,"unreliable","exp1a_s16_GG_u","GG","PP","G","G","P","P"
"pha0skqpp",6,4,"unreliable","exp1a_s4_PG_u","PG","PP","P","G","P","P"
"pha0skqpp",7,14,"unreliable","exp1a_s14_PN_u","PN","GG","P","N","G","G"
"pha0skqpp",8,17,"unreliable","exp1a_s17_GN_u","GN","GG","G","N","G","G"
"pha0skqpp",9,11,"unreliable","exp1a_s11_NN_u","NN","GG","N","N","G","G"
"pha0skqpp",10,9,"unreliable","exp1a_s9_GP_u","GP","PP","G","P","P","P"
"pha0skqpp",11,5,"unreliable","exp1a_s5_PN_u","PN","PP","P","N","P","P"
"pha0skqpp",12,8,"unreliable","exp1a_s8_GN_u","GN","PP","G","N","P","P"
"pha0skqpp",13,12,"unreliable","exp1a_s12_NP_u","NP","GG","N","P","G","G"
"pha0skqpp",14,7,"unreliable","exp1a_s7_GG_u","GG","GP","G","G","G","P"
"pha0skqpp",15,1,"unreliable","exp1a_s1_NG_u","NG","GG","N","G","G","G"
"pha0skqpp",16,3,"unreliable","exp1a_s3_NP_u","NP","PP","N","P","P","P"
"pha0skqpp",17,2,"unreliable","exp1a_s2_NN_u","NN","PP","N","N","P","P"
"pha0skqpp",18,13,"unreliable","exp1a_s13_PG_u","PG","GN","P","G","G","N"
"2k6zs40py",1,12,"unreliable","exp1a_s12_PP_u","PP","PN","P","P","P","N"
"2k6zs40py",2,2,"unreliable","exp1a_s2_PN_u","PN","PG","P","N","P","G"
"2k6zs40py",3,14,"unreliable","exp1a_s14_GN_u","GN","GN","G","N","G","N"
"2k6zs40py",4,17,"unreliable","exp1a_s17_NN_u","NN","GN","N","N","G","N"
"2k6zs40py",5,10,"unreliable","exp1a_s10_PG_u","PG","PG","P","G","P","G"
"2k6zs40py",6,7,"unreliable","exp1a_s7_NG_u","NG","NG","N","G","N","G"
"2k6zs40py",7,18,"unreliable","exp1a_s18_NP_u","NP","PN","N","P","P","N"
"2k6zs40py",8,6,"unreliable","exp1a_s6_GP_u","GP","GN","G","P","G","N"
"2k6zs40py",9,9,"unreliable","exp1a_s9_NP_u","NP","NN","N","P","N","N"
"2k6zs40py",10,15,"unreliable","exp1a_s15_GP_u","GP","GP","G","P","G","P"
"2k6zs40py",11,5,"unreliable","exp1a_s5_GN_u","GN","GG","G","N","G","G"
"2k6zs40py",12,4,"unreliable","exp1a_s4_GG_u","GG","GG","G","G","G","G"
"2k6zs40py",13,16,"unreliable","exp1a_s16_NG_u","NG","NG","N","G","N","G"
"2k6zs40py",14,1,"unreliable","exp1a_s1_PG_u","PG","PG","P","G","P","G"
"2k6zs40py",15,11,"unreliable","exp1a_s11_PN_u","PN","GG","P","N","G","G"
"2k6zs40py",16,8,"unreliable","exp1a_s8_NN_u","NN","NN","N","N","N","N"
"2k6zs40py",17,13,"unreliable","exp1a_s13_GG_u","GG","GG","G","G","G","G"
"2k6zs40py",18,3,"unreliable","exp1a_s3_PP_u","PP","PN","P","P","P","N"
"jaa2e20mp",1,15,"unreliable","exp1a_s15_NP_u","NP","GP","N","P","G","P"
"jaa2e20mp",2,2,"unreliable","exp1a_s2_GN_u","GN","PG","G","N","P","G"
"jaa2e20mp",3,16,"unreliable","exp1a_s16_PG_u","PG","PG","P","G","P","G"
"jaa2e20mp",4,18,"unreliable","exp1a_s18_PP_u","PP","PP","P","P","P","P"
"jaa2e20mp",5,13,"unreliable","exp1a_s13_NG_u","NG","NG","N","G","N","G"
"jaa2e20mp",6,11,"unreliable","exp1a_s11_GN_u","GN","GN","G","N","G","N"
"jaa2e20mp",7,14,"unreliable","exp1a_s14_NN_u","NN","NP","N","N","N","P"
"jaa2e20mp",8,4,"unreliable","exp1a_s4_NG_u","NG","NG","N","G","N","G"
"jaa2e20mp",9,6,"unreliable","exp1a_s6_NP_u","NP","GP","N","P","G","P"
"jaa2e20mp",10,9,"unreliable","exp1a_s9_PP_u","PP","PP","P","P","P","P"
"jaa2e20mp",11,12,"unreliable","exp1a_s12_GP_u","GP","GP","G","P","G","P"
"jaa2e20mp",12,17,"unreliable","exp1a_s17_PN_u","PN","NP","P","N","N","P"
"jaa2e20mp",13,3,"unreliable","exp1a_s3_GP_u","GP","GP","G","P","G","P"
"jaa2e20mp",14,5,"unreliable","exp1a_s5_NN_u","NN","NN","N","N","N","N"
"jaa2e20mp",15,7,"unreliable","exp1a_s7_PG_u","PG","PG","P","G","P","G"
"jaa2e20mp",16,1,"unreliable","exp1a_s1_GG_u","GG","GG","G","G","G","G"
"jaa2e20mp",17,8,"unreliable","exp1a_s8_PN_u","PN","PN","P","N","P","N"
"jaa2e20mp",18,10,"unreliable","exp1a_s10_GG_u","GG","GG","G","G","G","G"
"58a3mc5pz",1,3,"unreliable","exp1a_s3_NN_u","NN","NN","N","N","N","N"
"58a3mc5pz",2,5,"unreliable","exp1a_s5_PG_u","PG","NN","P","G","N","N"
"58a3mc5pz",3,17,"unreliable","exp1a_s17_GG_u","GG","GG","G","G","G","G"
"58a3mc5pz",4,2,"unreliable","exp1a_s2_NG_u","NG","PN","N","G","P","N"
"58a3mc5pz",5,9,"unreliable","exp1a_s9_GN_u","GN","GP","G","N","G","P"
"58a3mc5pz",6,16,"unreliable","exp1a_s16_PP_u","PP","NN","P","P","N","N"
"58a3mc5pz",7,14,"unreliable","exp1a_s14_PG_u","PG","NG","P","G","N","G"
"58a3mc5pz",8,10,"unreliable","exp1a_s10_GP_u","GP","GN","G","P","G","N"
"58a3mc5pz",9,4,"unreliable","exp1a_s4_NP_u","NP","GN","N","P","G","N"
"58a3mc5pz",10,6,"unreliable","exp1a_s6_PN_u","PN","NN","P","N","N","N"
"58a3mc5pz",11,7,"unreliable","exp1a_s7_PP_u","PP","NN","P","P","N","N"
"58a3mc5pz",12,1,"unreliable","exp1a_s1_GP_u","GP","GN","G","P","G","N"
"58a3mc5pz",13,11,"unreliable","exp1a_s11_NG_u","NG","GN","N","G","G","N"
"58a3mc5pz",14,15,"unreliable","exp1a_s15_PN_u","PN","PP","P","N","P","P"
"58a3mc5pz",15,12,"unreliable","exp1a_s12_NN_u","NN","NN","N","N","N","N"
"58a3mc5pz",16,8,"unreliable","exp1a_s8_GG_u","GG","NG","G","G","N","G"
"58a3mc5pz",17,13,"unreliable","exp1a_s13_NP_u","NP","NN","N","P","N","N"
"58a3mc5pz",18,18,"unreliable","exp1a_s18_GN_u","GN","GN","G","N","G","N"
"9cabs6bp4",1,10,"unreliable","exp1a_s10_NG_u","NG","PP","N","G","P","P"
"9cabs6bp4",2,6,"unreliable","exp1a_s6_PP_u","PP","NP","P","P","N","P"
"9cabs6bp4",3,5,"unreliable","exp1a_s5_PN_u","PN","PP","P","N","P","P"
"9cabs6bp4",4,1,"unreliable","exp1a_s1_NG_u","NG","NP","N","G","N","P"
"9cabs6bp4",5,3,"unreliable","exp1a_s3_NP_u","NP","PP","N","P","P","P"
"9cabs6bp4",6,4,"unreliable","exp1a_s4_PG_u","PG","PG","P","G","P","G"
"9cabs6bp4",7,2,"unreliable","exp1a_s2_NN_u","NN","PP","N","N","P","P"
"9cabs6bp4",8,9,"unreliable","exp1a_s9_GP_u","GP","GP","G","P","G","P"
"9cabs6bp4",9,8,"unreliable","exp1a_s8_GN_u","GN","GN","G","N","G","N"
"9cabs6bp4",10,14,"unreliable","exp1a_s14_PN_u","PN","PG","P","N","P","G"
"9cabs6bp4",11,11,"unreliable","exp1a_s11_NN_u","NN","PG","N","N","P","G"
"9cabs6bp4",12,17,"unreliable","exp1a_s17_GN_u","GN","NP","G","N","N","P"
"9cabs6bp4",13,16,"unreliable","exp1a_s16_GG_u","GG","NG","G","G","N","G"
"9cabs6bp4",14,13,"unreliable","exp1a_s13_PG_u","PG","PN","P","G","P","N"
"9cabs6bp4",15,12,"unreliable","exp1a_s12_NP_u","NP","PG","N","P","P","G"
"9cabs6bp4",16,18,"unreliable","exp1a_s18_GP_u","GP","NG","G","P","N","G"
"9cabs6bp4",17,7,"unreliable","exp1a_s7_GG_u","GG","GP","G","G","G","P"
"9cabs6bp4",18,15,"unreliable","exp1a_s15_PP_u","PP","GP","P","P","G","P"
"iv64yv3m6",1,13,"unreliable","exp1a_s13_PG_u","PG","PG","P","G","P","G"
"iv64yv3m6",2,11,"unreliable","exp1a_s11_NN_u","NN","GP","N","N","G","P"
"iv64yv3m6",3,15,"unreliable","exp1a_s15_PP_u","PP","PP","P","P","P","P"
"iv64yv3m6",4,7,"unreliable","exp1a_s7_GG_u","GG","GG","G","G","G","G"
"iv64yv3m6",5,10,"unreliable","exp1a_s10_NG_u","NG","PG","N","G","P","G"
"iv64yv3m6",6,12,"unreliable","exp1a_s12_NP_u","NP","NP","N","P","N","P"
"iv64yv3m6",7,8,"unreliable","exp1a_s8_GN_u","GN","GN","G","N","G","N"
"iv64yv3m6",8,1,"unreliable","exp1a_s1_NG_u","NG","PG","N","G","P","G"
"iv64yv3m6",9,5,"unreliable","exp1a_s5_PN_u","PN","NN","P","N","N","N"
"iv64yv3m6",10,18,"unreliable","exp1a_s18_GP_u","GP","GN","G","P","G","N"
"iv64yv3m6",11,16,"unreliable","exp1a_s16_GG_u","GG","GG","G","G","G","G"
"iv64yv3m6",12,6,"unreliable","exp1a_s6_PP_u","PP","PN","P","P","P","N"
"iv64yv3m6",13,9,"unreliable","exp1a_s9_GP_u","GP","GN","G","P","G","N"
"iv64yv3m6",14,14,"unreliable","exp1a_s14_PN_u","PN","PN","P","N","P","N"
"iv64yv3m6",15,4,"unreliable","exp1a_s4_PG_u","PG","PG","P","G","P","G"
"iv64yv3m6",16,17,"unreliable","exp1a_s17_GN_u","GN","GN","G","N","G","N"
"iv64yv3m6",17,2,"unreliable","exp1a_s2_NN_u","NN","NN","N","N","N","N"
"iv64yv3m6",18,3,"unreliable","exp1a_s3_NP_u","NP","NN","N","P","N","N"
"3h6bjr6ps",1,8,"reliable","exp1a_s8_PN_r","PN","PN","P","N","P","N"
"3h6bjr6ps",2,6,"reliable","exp1a_s6_NP_r","NP","PG","N","P","P","G"
"3h6bjr6ps",3,13,"reliable","exp1a_s13_NG_r","NG","NG","N","G","N","G"
"3h6bjr6ps",4,18,"reliable","exp1a_s18_PP_r","PP","PN","P","P","P","N"
"3h6bjr6ps",5,3,"reliable","exp1a_s3_GP_r","GP","GP","G","P","G","P"
"3h6bjr6ps",6,17,"reliable","exp1a_s17_PN_r","PN","PG","P","N","P","G"
"3h6bjr6ps",7,10,"reliable","exp1a_s10_GG_r","GG","GG","G","G","G","G"
"3h6bjr6ps",8,16,"reliable","exp1a_s16_PG_r","PG","NG","P","G","N","G"
"3h6bjr6ps",9,12,"reliable","exp1a_s12_GP_r","GP","GP","G","P","G","P"
"3h6bjr6ps",10,15,"reliable","exp1a_s15_NP_r","NP","NG","N","P","N","G"
"3h6bjr6ps",11,14,"reliable","exp1a_s14_NN_r","NN","NN","N","N","N","N"
"3h6bjr6ps",12,2,"reliable","exp1a_s2_GN_r","GN","GG","G","N","G","G"
"3h6bjr6ps",13,9,"reliable","exp1a_s9_PP_r","PP","NP","P","P","N","P"
"3h6bjr6ps",14,7,"reliable","exp1a_s7_PG_r","PG","NG","P","G","N","G"
"3h6bjr6ps",15,4,"reliable","exp1a_s4_NG_r","NG","GG","N","G","G","G"
"3h6bjr6ps",16,5,"reliable","exp1a_s5_NN_r","NN","GN","N","N","G","N"
"3h6bjr6ps",17,1,"reliable","exp1a_s1_GG_r","GG","GG","G","G","G","G"
"3h6bjr6ps",18,11,"reliable","exp1a_s11_GN_r","GN","GG","G","N","G","G"
"drafcr7m4",1,7,"reliable","exp1a_s7_GG_r","GG","GG","G","G","G","G"
"drafcr7m4",2,3,"reliable","exp1a_s3_NP_r","NP","NP","N","P","N","P"
"drafcr7m4",3,13,"reliable","exp1a_s13_PG_r","PG","PG","P","G","P","G"
"drafcr7m4",4,2,"reliable","exp1a_s2_NN_r","NN","NN","N","N","N","N"
"drafcr7m4",5,5,"reliable","exp1a_s5_PN_r","PN","PP","P","N","P","P"
"drafcr7m4",6,12,"reliable","exp1a_s12_NP_r","NP","NP","N","P","N","P"
"drafcr7m4",7,11,"reliable","exp1a_s11_NN_r","NN","NP","N","N","N","P"
"drafcr7m4",8,8,"reliable","exp1a_s8_GN_r","GN","GN","G","N","G","N"
"drafcr7m4",9,18,"reliable","exp1a_s18_GP_r","GP","GP","G","P","G","P"
"drafcr7m4",10,6,"reliable","exp1a_s6_PP_r","PP","PP","P","P","P","P"
"drafcr7m4",11,17,"reliable","exp1a_s17_GN_r","GN","NN","G","N","N","N"
"drafcr7m4",12,16,"reliable","exp1a_s16_GG_r","GG","GG","G","G","G","G"
"drafcr7m4",13,4,"reliable","exp1a_s4_PG_r","PG","PN","P","G","P","N"
"drafcr7m4",14,9,"reliable","exp1a_s9_GP_r","GP","GP","G","P","G","P"
"drafcr7m4",15,14,"reliable","exp1a_s14_PN_r","PN","PN","P","N","P","N"
"drafcr7m4",16,10,"reliable","exp1a_s10_NG_r","NG","NG","N","G","N","G"
"drafcr7m4",17,15,"reliable","exp1a_s15_PP_r","PP","PP","P","P","P","P"
"drafcr7m4",18,1,"reliable","exp1a_s1_NG_r","NG","NG","N","G","N","G"
"ts6jwthpr",1,15,"reliable","exp1a_s15_GP_r","GP","GP","G","P","G","P"
"ts6jwthpr",2,2,"reliable","exp1a_s2_PN_r","PN","PN","P","N","P","N"
"ts6jwthpr",3,17,"reliable","exp1a_s17_NN_r","NN","GN","N","N","G","N"
"ts6jwthpr",4,13,"reliable","exp1a_s13_GG_r","GG","GG","G","G","G","G"
"ts6jwthpr",5,6,"reliable","exp1a_s6_GP_r","GP","GP","G","P","G","P"
"ts6jwthpr",6,9,"reliable","exp1a_s9_NP_r","NP","GP","N","P","G","P"
"ts6jwthpr",7,16,"reliable","exp1a_s16_NG_r","NG","NG","N","G","N","G"
"ts6jwthpr",8,1,"reliable","exp1a_s1_PG_r","PG","PG","P","G","P","G"
"ts6jwthpr",9,11,"reliable","exp1a_s11_PN_r","PN","NP","P","N","N","P"
"ts6jwthpr",10,18,"reliable","exp1a_s18_NP_r","NP","PN","N","P","P","N"
"ts6jwthpr",11,14,"reliable","exp1a_s14_GN_r","GN","GN","G","N","G","N"
"ts6jwthpr",12,4,"reliable","exp1a_s4_GG_r","GG","GG","G","G","G","G"
"ts6jwthpr",13,7,"reliable","exp1a_s7_NG_r","NG","NG","N","G","N","G"
"ts6jwthpr",14,5,"reliable","exp1a_s5_GN_r","GN","GN","G","N","G","N"
"ts6jwthpr",15,3,"reliable","exp1a_s3_PP_r","PP","PP","P","P","P","P"
"ts6jwthpr",16,8,"reliable","exp1a_s8_NN_r","NN","NN","N","N","N","N"
"ts6jwthpr",17,12,"reliable","exp1a_s12_PP_r","PP","NP","P","P","N","P"
"ts6jwthpr",18,10,"reliable","exp1a_s10_PG_r","PG","PG","P","G","P","G"
"s06fvqdpb",1,7,"reliable","exp1a_s7_GN_r","GN","GN","G","N","G","N"
"s06fvqdpb",2,11,"reliable","exp1a_s11_NP_r","NP","PN","N","P","P","N"
"s06fvqdpb",3,13,"reliable","exp1a_s13_PN_r","PN","GP","P","N","G","P"
"s06fvqdpb",4,17,"reliable","exp1a_s17_GP_r","GP","PN","G","P","P","N"
"s06fvqdpb",5,1,"reliable","exp1a_s1_NN_r","NN","PN","N","N","P","N"
"s06fvqdpb",6,9,"reliable","exp1a_s9_NG_r","NG","NP","N","G","N","P"
"s06fvqdpb",7,2,"reliable","exp1a_s2_NP_r","NP","PN","N","P","P","N"
"s06fvqdpb",8,15,"reliable","exp1a_s15_GG_r","GG","NP","G","G","N","P"
"s06fvqdpb",9,5,"reliable","exp1a_s5_PP_r","PP","PN","P","P","P","N"
"s06fvqdpb",10,12,"reliable","exp1a_s12_PG_r","PG","NP","P","G","N","P"
"s06fvqdpb",11,8,"reliable","exp1a_s8_GP_r","GP","PG","G","P","P","G"
"s06fvqdpb",12,14,"reliable","exp1a_s14_PP_r","PP","NP","P","P","N","P"
"s06fvqdpb",13,4,"reliable","exp1a_s4_PN_r","PN","NG","P","N","N","G"
"s06fvqdpb",14,3,"reliable","exp1a_s3_PG_r","PG","PG","P","G","P","G"
"s06fvqdpb",15,6,"reliable","exp1a_s6_GG_r","GG","NP","G","G","N","P"
"s06fvqdpb",16,16,"reliable","exp1a_s16_GN_r","GN","NP","G","N","N","P"
"s06fvqdpb",17,10,"reliable","exp1a_s10_NN_r","NN","GP","N","N","G","P"
"s06fvqdpb",18,18,"reliable","exp1a_s18_NG_r","NG","NP","N","G","N","P"
"sbazfv0mw",1,2,"reliable","exp1a_s2_PN_r","PN","PN","P","N","P","N"
"sbazfv0mw",2,18,"reliable","exp1a_s18_NP_r","NP","GN","N","P","G","N"
"sbazfv0mw",3,14,"reliable","exp1a_s14_GN_r","GN","GN","G","N","G","N"
"sbazfv0mw",4,17,"reliable","exp1a_s17_NN_r","NN","NG","N","N","N","G"
"sbazfv0mw",5,15,"reliable","exp1a_s15_GP_r","GP","NG","G","P","N","G"
"sbazfv0mw",6,16,"reliable","exp1a_s16_NG_r","NG","NG","N","G","N","G"
"sbazfv0mw",7,10,"reliable","exp1a_s10_PG_r","PG","NP","P","G","N","P"
"sbazfv0mw",8,13,"reliable","exp1a_s13_GG_r","GG","GN","G","G","G","N"
"sbazfv0mw",9,12,"reliable","exp1a_s12_PP_r","PP","GP","P","P","G","P"
"sbazfv0mw",10,1,"reliable","exp1a_s1_PG_r","PG","PG","P","G","P","G"
"sbazfv0mw",11,3,"reliable","exp1a_s3_PP_r","PP","GG","P","P","G","G"
"sbazfv0mw",12,9,"reliable","exp1a_s9_NP_r","NP","NG","N","P","N","G"
"sbazfv0mw",13,4,"reliable","exp1a_s4_GG_r","GG","NG","G","G","N","G"
"sbazfv0mw",14,6,"reliable","exp1a_s6_GP_r","GP","GN","G","P","G","N"
"sbazfv0mw",15,5,"reliable","exp1a_s5_GN_r","GN","GN","G","N","G","N"
"sbazfv0mw",16,8,"reliable","exp1a_s8_NN_r","NN","NN","N","N","N","N"
"sbazfv0mw",17,11,"reliable","exp1a_s11_PN_r","PN","NG","P","N","N","G"
"sbazfv0mw",18,7,"reliable","exp1a_s7_NG_r","NG","GG","N","G","G","G"
"1valvv3p9",1,3,"unreliable","exp1a_s3_PG_u","PG","PG","P","G","P","G"
"1valvv3p9",2,10,"unreliable","exp1a_s10_NN_u","NN","GP","N","N","G","P"
"1valvv3p9",3,13,"unreliable","exp1a_s13_PN_u","PN","PG","P","N","P","G"
"1valvv3p9",4,8,"unreliable","exp1a_s8_GP_u","GP","GP","G","P","G","P"
"1valvv3p9",5,11,"unreliable","exp1a_s11_NP_u","NP","NP","N","P","N","P"
"1valvv3p9",6,1,"unreliable","exp1a_s1_NN_u","NN","NN","N","N","N","N"
"1valvv3p9",7,2,"unreliable","exp1a_s2_NP_u","NP","NN","N","P","N","N"
"1valvv3p9",8,14,"unreliable","exp1a_s14_PP_u","PP","PP","P","P","P","P"
"1valvv3p9",9,16,"unreliable","exp1a_s16_GN_u","GN","GG","G","N","G","G"
"1valvv3p9",10,12,"unreliable","exp1a_s12_PG_u","PG","PG","P","G","P","G"
"1valvv3p9",11,6,"unreliable","exp1a_s6_GG_u","GG","GG","G","G","G","G"
"1valvv3p9",12,5,"unreliable","exp1a_s5_PP_u","PP","NP","P","P","N","P"
"1valvv3p9",13,18,"unreliable","exp1a_s18_NG_u","NG","NG","N","G","N","G"
"1valvv3p9",14,4,"unreliable","exp1a_s4_PN_u","PN","PN","P","N","P","N"
"1valvv3p9",15,7,"unreliable","exp1a_s7_GN_u","GN","GN","G","N","G","N"
"1valvv3p9",16,17,"unreliable","exp1a_s17_GP_u","GP","GP","G","P","G","P"
"1valvv3p9",17,15,"unreliable","exp1a_s15_GG_u","GG","GG","G","G","G","G"
"1valvv3p9",18,9,"unreliable","exp1a_s9_NG_u","NG","NG","N","G","N","G"
"hj6lodrpl",1,1,"reliable","exp1a_s1_GN_r","GN","GG","G","N","G","G"
"hj6lodrpl",2,16,"reliable","exp1a_s16_PN_r","PN","GG","P","N","G","G"
"hj6lodrpl",3,13,"reliable","exp1a_s13_NN_r","NN","NP","N","N","N","P"
"hj6lodrpl",4,2,"reliable","exp1a_s2_GP_r","GP","PN","G","P","P","N"
"hj6lodrpl",5,3,"reliable","exp1a_s3_NG_r","NG","NG","N","G","N","G"
"hj6lodrpl",6,17,"reliable","exp1a_s17_PP_r","PP","GN","P","P","G","N"
"hj6lodrpl",7,14,"reliable","exp1a_s14_NP_r","NP","NN","N","P","N","N"
"hj6lodrpl",8,9,"reliable","exp1a_s9_GG_r","GG","PP","G","G","P","P"
"hj6lodrpl",9,12,"reliable","exp1a_s12_NG_r","NG","PG","N","G","P","G"
"hj6lodrpl",10,15,"reliable","exp1a_s15_PG_r","PG","GP","P","G","G","P"
"hj6lodrpl",11,8,"reliable","exp1a_s8_PP_r","PP","PP","P","P","P","P"
"hj6lodrpl",12,7,"reliable","exp1a_s7_PN_r","PN","GG","P","N","G","G"
"hj6lodrpl",13,4,"reliable","exp1a_s4_NN_r","NN","NN","N","N","N","N"
"hj6lodrpl",14,11,"reliable","exp1a_s11_GP_r","GP","GN","G","P","G","N"
"hj6lodrpl",15,10,"reliable","exp1a_s10_GN_r","GN","NG","G","N","N","G"
"hj6lodrpl",16,18,"reliable","exp1a_s18_GG_r","GG","NP","G","G","N","P"
"hj6lodrpl",17,6,"reliable","exp1a_s6_PG_r","PG","PN","P","G","P","N"
"hj6lodrpl",18,5,"reliable","exp1a_s5_NP_r","NP","GP","N","P","G","P"
"nbasknvmb",1,13,"unreliable","exp1a_s13_PN_u","PN","NN","P","N","N","N"
"nbasknvmb",2,9,"unreliable","exp1a_s9_NG_u","NG","NN","N","G","N","N"
"nbasknvmb",3,2,"unreliable","exp1a_s2_NP_u","NP","PP","N","P","P","P"
"nbasknvmb",4,17,"unreliable","exp1a_s17_GP_u","GP","NP","G","P","N","P"
"nbasknvmb",5,3,"unreliable","exp1a_s3_PG_u","PG","PG","P","G","P","G"
"nbasknvmb",6,5,"unreliable","exp1a_s5_PP_u","PP","GP","P","P","G","P"
"nbasknvmb",7,18,"unreliable","exp1a_s18_NG_u","NG","NN","N","G","N","N"
"nbasknvmb",8,4,"unreliable","exp1a_s4_PN_u","PN","PN","P","N","P","N"
"nbasknvmb",9,8,"unreliable","exp1a_s8_GP_u","GP","GP","G","P","G","P"
"nbasknvmb",10,10,"unreliable","exp1a_s10_NN_u","NN","PG","N","N","P","G"
"nbasknvmb",11,12,"unreliable","exp1a_s12_PG_u","PG","PG","P","G","P","G"
"nbasknvmb",12,15,"unreliable","exp1a_s15_GG_u","GG","GG","G","G","G","G"
"nbasknvmb",13,11,"unreliable","exp1a_s11_NP_u","NP","GP","N","P","G","P"
"nbasknvmb",14,16,"unreliable","exp1a_s16_GN_u","GN","GN","G","N","G","N"
"nbasknvmb",15,6,"unreliable","exp1a_s6_GG_u","GG","GG","G","G","G","G"
"nbasknvmb",16,14,"unreliable","exp1a_s14_PP_u","PP","PP","P","P","P","P"
"nbasknvmb",17,1,"unreliable","exp1a_s1_NN_u","NN","NN","N","N","N","N"
"nbasknvmb",18,7,"unreliable","exp1a_s7_GN_u","GN","GN","G","N","G","N"
"xq6u31im4",1,7,"reliable","exp1a_s7_GN_r","GN","GN","G","N","G","N"
"xq6u31im4",2,11,"reliable","exp1a_s11_NP_r","NP","NP","N","P","N","P"
"xq6u31im4",3,5,"reliable","exp1a_s5_PP_r","PP","PP","P","P","P","P"
"xq6u31im4",4,3,"reliable","exp1a_s3_PG_r","PG","PG","P","G","P","G"
"xq6u31im4",5,13,"reliable","exp1a_s13_PN_r","PN","PN","P","N","P","N"
"xq6u31im4",6,16,"reliable","exp1a_s16_GN_r","GN","GG","G","N","G","G"
"xq6u31im4",7,17,"reliable","exp1a_s17_GP_r","GP","NP","G","P","N","P"
"xq6u31im4",8,15,"reliable","exp1a_s15_GG_r","GG","GG","G","G","G","G"
"xq6u31im4",9,1,"reliable","exp1a_s1_NN_r","NN","NN","N","N","N","N"
"xq6u31im4",10,2,"reliable","exp1a_s2_NP_r","NP","NN","N","P","N","N"
"xq6u31im4",11,12,"reliable","exp1a_s12_PG_r","PG","NG","P","G","N","G"
"xq6u31im4",12,9,"reliable","exp1a_s9_NG_r","NG","NG","N","G","N","G"
"xq6u31im4",13,8,"reliable","exp1a_s8_GP_r","GP","NN","G","P","N","N"
"xq6u31im4",14,4,"reliable","exp1a_s4_PN_r","PN","PN","P","N","P","N"
"xq6u31im4",15,10,"reliable","exp1a_s10_NN_r","NN","NN","N","N","N","N"
"xq6u31im4",16,6,"reliable","exp1a_s6_GG_r","GG","GG","G","G","G","G"
"xq6u31im4",17,18,"reliable","exp1a_s18_NG_r","NG","PG","N","G","P","G"
"xq6u31im4",18,14,"reliable","exp1a_s14_PP_r","PP","PP","P","P","P","P"
"rxa00whps",1,10,"unreliable","exp1a_s10_GG_u","GG","PP","G","G","P","P"
"rxa00whps",2,17,"unreliable","exp1a_s17_PN_u","PN","PN","P","N","P","N"
"rxa00whps",3,4,"unreliable","exp1a_s4_NG_u","NG","PN","N","G","P","N"
"rxa00whps",4,1,"unreliable","exp1a_s1_GG_u","GG","PP","G","G","P","P"
"rxa00whps",5,16,"unreliable","exp1a_s16_PG_u","PG","NP","P","G","N","P"
"rxa00whps",6,14,"unreliable","exp1a_s14_NN_u","NN","PP","N","N","P","P"
"rxa00whps",7,3,"unreliable","exp1a_s3_GP_u","GP","PP","G","P","P","P"
"rxa00whps",8,7,"unreliable","exp1a_s7_PG_u","PG","GG","P","G","G","G"
"rxa00whps",9,2,"unreliable","exp1a_s2_GN_u","GN","PP","G","N","P","P"
"rxa00whps",10,5,"unreliable","exp1a_s5_NN_u","NN","PP","N","N","P","P"
"rxa00whps",11,9,"unreliable","exp1a_s9_PP_u","PP","GG","P","P","G","G"
"rxa00whps",12,15,"unreliable","exp1a_s15_NP_u","NP","PP","N","P","P","P"
"rxa00whps",13,18,"unreliable","exp1a_s18_PP_u","PP","GG","P","P","G","G"
"rxa00whps",14,13,"unreliable","exp1a_s13_NG_u","NG","NN","N","G","N","N"
"rxa00whps",15,6,"unreliable","exp1a_s6_NP_u","NP","PP","N","P","P","P"
"rxa00whps",16,8,"unreliable","exp1a_s8_PN_u","PN","PP","P","N","P","P"
"rxa00whps",17,11,"unreliable","exp1a_s11_GN_u","GN","PP","G","N","P","P"
"rxa00whps",18,12,"unreliable","exp1a_s12_GP_u","GP","NN","G","P","N","N"
"sn6bvkdmm",1,8,"unreliable","exp1a_s8_NG_u","NG","GN","N","G","G","N"
"sn6bvkdmm",2,11,"unreliable","exp1a_s11_PG_u","PG","GG","P","G","G","G"
"sn6bvkdmm",3,4,"unreliable","exp1a_s4_PP_u","PP","GP","P","P","G","P"
"sn6bvkdmm",4,15,"unreliable","exp1a_s15_GN_u","GN","GP","G","N","G","P"
"sn6bvkdmm",5,1,"unreliable","exp1a_s1_NP_u","NP","GG","N","P","G","G"
"sn6bvkdmm",6,16,"unreliable","exp1a_s16_GP_u","GP","GG","G","P","G","G"
"sn6bvkdmm",7,6,"unreliable","exp1a_s6_GN_u","GN","NG","G","N","N","G"
"sn6bvkdmm",8,9,"unreliable","exp1a_s9_NN_u","NN","GG","N","N","G","G"
"sn6bvkdmm",9,2,"unreliable","exp1a_s2_PG_u","PG","NN","P","G","N","N"
"sn6bvkdmm",10,14,"unreliable","exp1a_s14_GG_u","GG","GN","G","G","G","N"
"sn6bvkdmm",11,18,"unreliable","exp1a_s18_NN_u","NN","GG","N","N","G","G"
"sn6bvkdmm",12,7,"unreliable","exp1a_s7_GP_u","GP","NP","G","P","N","P"
"sn6bvkdmm",13,13,"unreliable","exp1a_s13_PP_u","PP","GG","P","P","G","G"
"sn6bvkdmm",14,3,"unreliable","exp1a_s3_PN_u","PN","GP","P","N","G","P"
"sn6bvkdmm",15,10,"unreliable","exp1a_s10_NP_u","NP","GP","N","P","G","P"
"sn6bvkdmm",16,5,"unreliable","exp1a_s5_GG_u","GG","GG","G","G","G","G"
"sn6bvkdmm",17,17,"unreliable","exp1a_s17_NG_u","NG","PG","N","G","P","G"
"sn6bvkdmm",18,12,"unreliable","exp1a_s12_PN_u","PN","PP","P","N","P","P"
"n364o62mw",1,7,"reliable","exp1a_s7_PN_r","PN","NG","P","N","N","G"
"n364o62mw",2,11,"reliable","exp1a_s11_GP_r","GP","GN","G","P","G","N"
"n364o62mw",3,4,"reliable","exp1a_s4_NN_r","NN","GN","N","N","G","N"
"n364o62mw",4,15,"reliable","exp1a_s15_PG_r","PG","NG","P","G","N","G"
"n364o62mw",5,12,"reliable","exp1a_s12_NG_r","NG","GG","N","G","G","G"
"n364o62mw",6,14,"reliable","exp1a_s14_NP_r","NP","PP","N","P","P","P"
"n364o62mw",7,1,"reliable","exp1a_s1_GN_r","GN","GN","G","N","G","N"
"n364o62mw",8,16,"reliable","exp1a_s16_PN_r","PN","PN","P","N","P","N"
"n364o62mw",9,13,"reliable","exp1a_s13_NN_r","NN","NP","N","N","N","P"
"n364o62mw",10,18,"reliable","exp1a_s18_GG_r","GG","GG","G","G","G","G"
"n364o62mw",11,10,"reliable","exp1a_s10_GN_r","GN","GP","G","N","G","P"
"n364o62mw",12,5,"reliable","exp1a_s5_NP_r","NP","NN","N","P","N","N"
"n364o62mw",13,8,"reliable","exp1a_s8_PP_r","PP","PP","P","P","P","P"
"n364o62mw",14,2,"reliable","exp1a_s2_GP_r","GP","GP","G","P","G","P"
"n364o62mw",15,17,"reliable","exp1a_s17_PP_r","PP","PP","P","P","P","P"
"n364o62mw",16,3,"reliable","exp1a_s3_NG_r","NG","NG","N","G","N","G"
"n364o62mw",17,9,"reliable","exp1a_s9_GG_r","GG","GG","G","G","G","G"
"n364o62mw",18,6,"reliable","exp1a_s6_PG_r","PG","PG","P","G","P","G"
"zw6w18rmm",1,7,"reliable","exp1a_s7_NP_r","NP","NN","N","P","N","N"
"zw6w18rmm",2,8,"reliable","exp1a_s8_PG_r","PG","PN","P","G","P","N"
"zw6w18rmm",3,5,"reliable","exp1a_s5_NG_r","NG","NP","N","G","N","P"
"zw6w18rmm",4,17,"reliable","exp1a_s17_PG_r","PG","PP","P","G","P","P"
"zw6w18rmm",5,18,"reliable","exp1a_s18_PN_r","PN","NN","P","N","N","N"
"zw6w18rmm",6,4,"reliable","exp1a_s4_GP_r","GP","GG","G","P","G","G"
"zw6w18rmm",7,14,"reliable","exp1a_s14_NG_r","NG","GG","N","G","G","G"
"zw6w18rmm",8,13,"reliable","exp1a_s13_GP_r","GP","GG","G","P","G","G"
"zw6w18rmm",9,16,"reliable","exp1a_s16_NP_r","NP","GG","N","P","G","G"
"zw6w18rmm",10,1,"reliable","exp1a_s1_PP_r","PP","PP","P","P","P","P"
"zw6w18rmm",11,9,"reliable","exp1a_s9_PN_r","PN","GG","P","N","G","G"
"zw6w18rmm",12,2,"reliable","exp1a_s2_GG_r","GG","GG","G","G","G","G"
"zw6w18rmm",13,12,"reliable","exp1a_s12_GN_r","GN","GG","G","N","G","G"
"zw6w18rmm",14,11,"reliable","exp1a_s11_GG_r","GG","GG","G","G","G","G"
"zw6w18rmm",15,15,"reliable","exp1a_s15_NN_r","NN","GG","N","N","G","G"
"zw6w18rmm",16,3,"reliable","exp1a_s3_GN_r","GN","GG","G","N","G","G"
"zw6w18rmm",17,10,"reliable","exp1a_s10_PP_r","PP","GG","P","P","G","G"
"zw6w18rmm",18,6,"reliable","exp1a_s6_NN_r","NN","GG","N","N","G","G"
