"seed","truth","condition","id","A_pro","B_pro","ss_count_i_A_1","ss_count_i_A_2","ss_count_i_A_3","ss_delay_i_A_1","ss_delay_i_A_2","ss_delay_i_A_3","ss_count_w1_A_1","ss_count_w1_A_2","ss_count_w1_A_3","ss_delay_w1_A_1","ss_delay_w1_A_2","ss_delay_w1_A_3","ss_count_w1.5_A_1","ss_count_w1.5_A_2","ss_count_w1.5_A_3","ss_delay_w1.5_A_1","ss_delay_w1.5_A_2","ss_delay_w1.5_A_3","ss_count_w2_A_1","ss_count_w2_A_2","ss_count_w2_A_3","ss_delay_w2_A_1","ss_delay_w2_A_2","ss_delay_w2_A_3","ss_count_w2.5_A_1","ss_count_w2.5_A_2","ss_count_w2.5_A_3","ss_delay_w2.5_A_1","ss_delay_w2.5_A_2","ss_delay_w2.5_A_3","ss_count_w3_A_1","ss_count_w3_A_2","ss_count_w3_A_3","ss_delay_w3_A_1","ss_delay_w3_A_2","ss_delay_w3_A_3","ss_count_w3.5_A_1","ss_count_w3.5_A_2","ss_count_w3.5_A_3","ss_delay_w3.5_A_1","ss_delay_w3.5_A_2","ss_delay_w3.5_A_3","ss_count_w4_A_1","ss_count_w4_A_2","ss_count_w4_A_3","ss_delay_w4_A_1","ss_delay_w4_A_2","ss_delay_w4_A_3","ss_count_w4.5_A_1","ss_count_w4.5_A_2","ss_count_w4.5_A_3","ss_delay_w4.5_A_1","ss_delay_w4.5_A_2","ss_delay_w4.5_A_3","ss_count_w5_A_1","ss_count_w5_A_2","ss_count_w5_A_3","ss_delay_w5_A_1","ss_delay_w5_A_2","ss_delay_w5_A_3","ss_count_w5.5_A_1","ss_count_w5.5_A_2","ss_count_w5.5_A_3","ss_delay_w5.5_A_1","ss_delay_w5.5_A_2","ss_delay_w5.5_A_3","ss_count_w6_A_1","ss_count_w6_A_2","ss_count_w6_A_3","ss_delay_w6_A_1","ss_delay_w6_A_2","ss_delay_w6_A_3","ss_count_w6.5_A_1","ss_count_w6.5_A_2","ss_count_w6.5_A_3","ss_delay_w6.5_A_1","ss_delay_w6.5_A_2","ss_delay_w6.5_A_3","ss_count_w7_A_1","ss_count_w7_A_2","ss_count_w7_A_3","ss_delay_w7_A_1","ss_delay_w7_A_2","ss_delay_w7_A_3","ss_count_i_B_1","ss_count_i_B_2","ss_count_i_B_3","ss_delay_i_B_1","ss_delay_i_B_2","ss_delay_i_B_3","ss_count_w1_B_1","ss_count_w1_B_2","ss_count_w1_B_3","ss_delay_w1_B_1","ss_delay_w1_B_2","ss_delay_w1_B_3","ss_count_w1.5_B_1","ss_count_w1.5_B_2","ss_count_w1.5_B_3","ss_delay_w1.5_B_1","ss_delay_w1.5_B_2","ss_delay_w1.5_B_3","ss_count_w2_B_1","ss_count_w2_B_2","ss_count_w2_B_3","ss_delay_w2_B_1","ss_delay_w2_B_2","ss_delay_w2_B_3","ss_count_w2.5_B_1","ss_count_w2.5_B_2","ss_count_w2.5_B_3","ss_delay_w2.5_B_1","ss_delay_w2.5_B_2","ss_delay_w2.5_B_3","ss_count_w3_B_1","ss_count_w3_B_2","ss_count_w3_B_3","ss_delay_w3_B_1","ss_delay_w3_B_2","ss_delay_w3_B_3","ss_count_w3.5_B_1","ss_count_w3.5_B_2","ss_count_w3.5_B_3","ss_delay_w3.5_B_1","ss_delay_w3.5_B_2","ss_delay_w3.5_B_3","ss_count_w4_B_1","ss_count_w4_B_2","ss_count_w4_B_3","ss_delay_w4_B_1","ss_delay_w4_B_2","ss_delay_w4_B_3","ss_count_w4.5_B_1","ss_count_w4.5_B_2","ss_count_w4.5_B_3","ss_delay_w4.5_B_1","ss_delay_w4.5_B_2","ss_delay_w4.5_B_3","ss_count_w5_B_1","ss_count_w5_B_2","ss_count_w5_B_3","ss_delay_w5_B_1","ss_delay_w5_B_2","ss_delay_w5_B_3","ss_count_w5.5_B_1","ss_count_w5.5_B_2","ss_count_w5.5_B_3","ss_delay_w5.5_B_1","ss_delay_w5.5_B_2","ss_delay_w5.5_B_3","ss_count_w6_B_1","ss_count_w6_B_2","ss_count_w6_B_3","ss_delay_w6_B_1","ss_delay_w6_B_2","ss_delay_w6_B_3","ss_count_w6.5_B_1","ss_count_w6.5_B_2","ss_count_w6.5_B_3","ss_delay_w6.5_B_1","ss_delay_w6.5_B_2","ss_delay_w6.5_B_3","ss_count_w7_B_1","ss_count_w7_B_2","ss_count_w7_B_3","ss_delay_w7_B_1","ss_delay_w7_B_2","ss_delay_w7_B_3","ss_count_i_A_1_pro","ss_count_i_A_2_pro","ss_count_i_A_3_pro","ss_delay_i_A_1_pro","ss_delay_i_A_2_pro","ss_delay_i_A_3_pro","ss_count_w1_A_1_pro","ss_count_w1_A_2_pro","ss_count_w1_A_3_pro","ss_delay_w1_A_1_pro","ss_delay_w1_A_2_pro","ss_delay_w1_A_3_pro","ss_count_w1.5_A_1_pro","ss_count_w1.5_A_2_pro","ss_count_w1.5_A_3_pro","ss_delay_w1.5_A_1_pro","ss_delay_w1.5_A_2_pro","ss_delay_w1.5_A_3_pro","ss_count_w2_A_1_pro","ss_count_w2_A_2_pro","ss_count_w2_A_3_pro","ss_delay_w2_A_1_pro","ss_delay_w2_A_2_pro","ss_delay_w2_A_3_pro","ss_count_w2.5_A_1_pro","ss_count_w2.5_A_2_pro","ss_count_w2.5_A_3_pro","ss_delay_w2.5_A_1_pro","ss_delay_w2.5_A_2_pro","ss_delay_w2.5_A_3_pro","ss_count_w3_A_1_pro","ss_count_w3_A_2_pro","ss_count_w3_A_3_pro","ss_delay_w3_A_1_pro","ss_delay_w3_A_2_pro","ss_delay_w3_A_3_pro","ss_count_w3.5_A_1_pro","ss_count_w3.5_A_2_pro","ss_count_w3.5_A_3_pro","ss_delay_w3.5_A_1_pro","ss_delay_w3.5_A_2_pro","ss_delay_w3.5_A_3_pro","ss_count_w4_A_1_pro","ss_count_w4_A_2_pro","ss_count_w4_A_3_pro","ss_delay_w4_A_1_pro","ss_delay_w4_A_2_pro","ss_delay_w4_A_3_pro","ss_count_w4.5_A_1_pro","ss_count_w4.5_A_2_pro","ss_count_w4.5_A_3_pro","ss_delay_w4.5_A_1_pro","ss_delay_w4.5_A_2_pro","ss_delay_w4.5_A_3_pro","ss_count_w5_A_1_pro","ss_count_w5_A_2_pro","ss_count_w5_A_3_pro","ss_delay_w5_A_1_pro","ss_delay_w5_A_2_pro","ss_delay_w5_A_3_pro","ss_count_w5.5_A_1_pro","ss_count_w5.5_A_2_pro","ss_count_w5.5_A_3_pro","ss_delay_w5.5_A_1_pro","ss_delay_w5.5_A_2_pro","ss_delay_w5.5_A_3_pro","ss_count_w6_A_1_pro","ss_count_w6_A_2_pro","ss_count_w6_A_3_pro","ss_delay_w6_A_1_pro","ss_delay_w6_A_2_pro","ss_delay_w6_A_3_pro","ss_count_w6.5_A_1_pro","ss_count_w6.5_A_2_pro","ss_count_w6.5_A_3_pro","ss_delay_w6.5_A_1_pro","ss_delay_w6.5_A_2_pro","ss_delay_w6.5_A_3_pro","ss_count_w7_A_1_pro","ss_count_w7_A_2_pro","ss_count_w7_A_3_pro","ss_delay_w7_A_1_pro","ss_delay_w7_A_2_pro","ss_delay_w7_A_3_pro","ss_count_i_B_1_pro","ss_count_i_B_2_pro","ss_count_i_B_3_pro","ss_delay_i_B_1_pro","ss_delay_i_B_2_pro","ss_delay_i_B_3_pro","ss_count_w1_B_1_pro","ss_count_w1_B_2_pro","ss_count_w1_B_3_pro","ss_delay_w1_B_1_pro","ss_delay_w1_B_2_pro","ss_delay_w1_B_3_pro","ss_count_w1.5_B_1_pro","ss_count_w1.5_B_2_pro","ss_count_w1.5_B_3_pro","ss_delay_w1.5_B_1_pro","ss_delay_w1.5_B_2_pro","ss_delay_w1.5_B_3_pro","ss_count_w2_B_1_pro","ss_count_w2_B_2_pro","ss_count_w2_B_3_pro","ss_delay_w2_B_1_pro","ss_delay_w2_B_2_pro","ss_delay_w2_B_3_pro","ss_count_w2.5_B_1_pro","ss_count_w2.5_B_2_pro","ss_count_w2.5_B_3_pro","ss_delay_w2.5_B_1_pro","ss_delay_w2.5_B_2_pro","ss_delay_w2.5_B_3_pro","ss_count_w3_B_1_pro","ss_count_w3_B_2_pro","ss_count_w3_B_3_pro","ss_delay_w3_B_1_pro","ss_delay_w3_B_2_pro","ss_delay_w3_B_3_pro","ss_count_w3.5_B_1_pro","ss_count_w3.5_B_2_pro","ss_count_w3.5_B_3_pro","ss_delay_w3.5_B_1_pro","ss_delay_w3.5_B_2_pro","ss_delay_w3.5_B_3_pro","ss_count_w4_B_1_pro","ss_count_w4_B_2_pro","ss_count_w4_B_3_pro","ss_delay_w4_B_1_pro","ss_delay_w4_B_2_pro","ss_delay_w4_B_3_pro","ss_count_w4.5_B_1_pro","ss_count_w4.5_B_2_pro","ss_count_w4.5_B_3_pro","ss_delay_w4.5_B_1_pro","ss_delay_w4.5_B_2_pro","ss_delay_w4.5_B_3_pro","ss_count_w5_B_1_pro","ss_count_w5_B_2_pro","ss_count_w5_B_3_pro","ss_delay_w5_B_1_pro","ss_delay_w5_B_2_pro","ss_delay_w5_B_3_pro","ss_count_w5.5_B_1_pro","ss_count_w5.5_B_2_pro","ss_count_w5.5_B_3_pro","ss_delay_w5.5_B_1_pro","ss_delay_w5.5_B_2_pro","ss_delay_w5.5_B_3_pro","ss_count_w6_B_1_pro","ss_count_w6_B_2_pro","ss_count_w6_B_3_pro","ss_delay_w6_B_1_pro","ss_delay_w6_B_2_pro","ss_delay_w6_B_3_pro","ss_count_w6.5_B_1_pro","ss_count_w6.5_B_2_pro","ss_count_w6.5_B_3_pro","ss_delay_w6.5_B_1_pro","ss_delay_w6.5_B_2_pro","ss_delay_w6.5_B_3_pro","ss_count_w7_B_1_pro","ss_count_w7_B_2_pro","ss_count_w7_B_3_pro","ss_delay_w7_B_1_pro","ss_delay_w7_B_2_pro","ss_delay_w7_B_3_pro"
1,"GG","reliable","exp1a_s1_GG_r","G","G",2,1,2,0.71156343347987,0.661264214168882,1.96347070122495,1,1,0,0.71156343347987,0.661264214168882,1,1,1,0,0.71156343347987,0.661264214168882,1.5,1,1,1,0.71156343347987,0.661264214168882,1.96347070122495,1,1,1,0.71156343347987,0.661264214168882,1.96347070122495,2,1,1,0.71156343347987,0.661264214168882,1.96347070122495,2,1,2,0.71156343347987,0.661264214168882,1.96347070122495,2,2,2,0.71156343347987,0.661264214168882,1.96347070122495,3,2,2,0.71156343347987,0.661264214168882,1.96347070122495,3,2,2,0.71156343347987,0.661264214168882,1.96347070122495,3,3,2,0.71156343347987,0.661264214168882,1.96347070122495,3,3,2,0.71156343347987,0.661264214168882,1.96347070122495,3,3,2,0.71156343347987,0.661264214168882,1.96347070122495,3,3,2,0.71156343347987,0.661264214168882,1.96347070122495,0,3,1,0.656169116031379,0.564572778267939,1.46277869396344,0,1,0,1,0.564572778267939,1,1,2,1,1.22074189429932,0.564572778267939,1.46277869396344,2,3,1,1.22074189429932,0.564572778267939,1.46277869396344,3,3,1,1.22074189429932,0.564572778267939,1.46277869396344,3,3,1,1.22074189429932,0.564572778267939,1.46277869396344,3,3,1,1.22074189429932,0.564572778267939,1.46277869396344,3,3,1,1.22074189429932,0.564572778267939,1.46277869396344,3,3,1,1.22074189429932,0.564572778267939,1.46277869396344,3,4,1,1.22074189429932,0.564572778267939,1.46277869396344,4,4,1,1.22074189429932,0.564572778267939,1.46277869396344,4,4,1,1.22074189429932,0.564572778267939,1.46277869396344,4,4,1,1.22074189429932,0.564572778267939,1.46277869396344,4,4,1,1.22074189429932,0.564572778267939,1.46277869396344,"equal","equal","equal","equal","equal","equal","equal","equal","equal","equal","equal","larger","equal","equal","equal","equal","equal","larger","equal","equal","equal","equal","equal","equal","equal","equal","equal","equal","equal","equal","equal","equal","equal","equal","equal","equal","equal","equal","equal","equal","equal","equal","equal","equal","equal","equal","equal","equal","equal","equal","equal","equal","equal","equal","equal","equal","equal","equal","equal","equal","equal","equal","equal","equal","equal","equal","equal","equal","equal","equal","equal","equal","equal","equal","equal","equal","equal","equal","equal","equal","equal","equal","equal","equal","equal","equal","larger","larger","equal","equal","equal","equal","equal","larger","equal","larger","equal","equal","equal","equal","equal","equal","equal","equal","larger","equal","equal","equal","equal","equal","larger","equal","equal","equal","equal","equal","larger","equal","equal","equal","equal","equal","larger","equal","equal","equal","equal","equal","larger","equal","equal","equal","equal","equal","larger","equal","equal","equal","equal","equal","larger","equal","equal","equal","equal","larger","larger","equal","equal","equal","larger","larger","larger","equal","equal","equal","larger","larger","larger","equal","equal","equal","larger","larger","larger","equal","equal","equal"
1,"GG","unreliable","exp1a_s1_GG_u","G","G",2,1,1,0.71156343347987,0.661264214168882,1.96347070122495,1,1,0,0.71156343347987,0.661264214168882,1,1,1,0,0.71156343347987,0.661264214168882,1.5,1,1,1,0.71156343347987,0.661264214168882,1.96347070122495,2,1,1,0.71156343347987,0.661264214168882,1.96347070122495,2,1,1,0.71156343347987,0.661264214168882,1.96347070122495,2,1,1,0.71156343347987,0.661264214168882,1.96347070122495,2,2,1,0.71156343347987,0.661264214168882,1.96347070122495,3,2,1,0.71156343347987,0.661264214168882,1.96347070122495,3,2,1,0.71156343347987,0.661264214168882,1.96347070122495,3,2,1,0.71156343347987,0.661264214168882,1.96347070122495,3,2,1,0.71156343347987,0.661264214168882,1.96347070122495,3,2,1,0.71156343347987,0.661264214168882,1.96347070122495,3,2,1,0.71156343347987,0.661264214168882,1.96347070122495,0,3,1,0.656169116031379,0.564572778267939,1.46277869396344,0,1,0,1,0.564572778267939,1,1,1,1,1.22074189429932,0.564572778267939,1.46277869396344,1,2,1,1.22074189429932,0.564572778267939,1.46277869396344,2,2,1,1.22074189429932,0.564572778267939,1.46277869396344,2,3,1,1.22074189429932,0.564572778267939,1.46277869396344,2,3,1,1.22074189429932,0.564572778267939,1.46277869396344,3,3,1,1.22074189429932,0.564572778267939,1.46277869396344,3,3,1,1.22074189429932,0.564572778267939,1.46277869396344,3,4,1,1.22074189429932,0.564572778267939,1.46277869396344,4,4,1,1.22074189429932,0.564572778267939,1.46277869396344,4,4,1,1.22074189429932,0.564572778267939,1.46277869396344,4,4,1,1.22074189429932,0.564572778267939,1.46277869396344,4,4,1,1.22074189429932,0.564572778267939,1.46277869396344,"equal","equal","equal","equal","equal","equal","equal","equal","equal","equal","equal","larger","equal","equal","equal","equal","equal","larger","equal","equal","equal","equal","equal","equal","equal","equal","equal","equal","equal","equal","equal","equal","equal","equal","equal","equal","equal","equal","equal","equal","equal","equal","equal","equal","equal","equal","equal","equal","equal","equal","equal","equal","equal","equal","equal","equal","equal","equal","equal","equal","equal","equal","equal","equal","equal","equal","equal","equal","equal","equal","equal","equal","equal","equal","equal","equal","equal","equal","equal","equal","equal","equal","equal","equal","equal","equal","larger","larger","equal","equal","equal","equal","equal","larger","equal","larger","equal","equal","equal","equal","equal","equal","equal","equal","larger","equal","equal","equal","equal","equal","larger","equal","equal","equal","equal","equal","larger","equal","equal","equal","equal","equal","larger","equal","equal","equal","equal","equal","larger","equal","equal","equal","equal","equal","larger","equal","equal","equal","equal","equal","larger","equal","equal","equal","equal","larger","larger","equal","equal","equal","larger","larger","larger","equal","equal","equal","larger","larger","larger","equal","equal","equal","larger","larger","larger","equal","equal","equal"
1,"GN","reliable","exp1a_s1_GN_r","G","N",2,1,2,0.71156343347987,0.661264214168882,1.96347070122495,1,1,0,0.71156343347987,0.661264214168882,1,1,1,0,0.71156343347987,0.661264214168882,1.5,1,1,1,0.71156343347987,0.661264214168882,1.96347070122495,1,1,1,0.71156343347987,0.661264214168882,1.96347070122495,2,1,1,0.71156343347987,0.661264214168882,1.96347070122495,2,1,2,0.71156343347987,0.661264214168882,1.96347070122495,2,2,2,0.71156343347987,0.661264214168882,1.96347070122495,3,2,2,0.71156343347987,0.661264214168882,1.96347070122495,3,2,2,0.71156343347987,0.661264214168882,1.96347070122495,3,3,2,0.71156343347987,0.661264214168882,1.96347070122495,3,3,2,0.71156343347987,0.661264214168882,1.96347070122495,3,3,2,0.71156343347987,0.661264214168882,1.96347070122495,3,3,2,0.71156343347987,0.661264214168882,1.96347070122495,0,1,0,0.656169116031379,1.05128580189275,1.92193672969006,0,0,0,1,1,1,0,1,0,1.5,1.05128580189275,1.5,1,1,0,1.70745491792412,1.05128580189275,1.92193672969006,1,1,0,1.70745491792412,1.05128580189275,1.92193672969006,1,1,0,1.70745491792412,1.05128580189275,1.92193672969006,1,1,0,1.70745491792412,1.05128580189275,1.92193672969006,1,1,0,1.70745491792412,1.05128580189275,1.92193672969006,1,1,0,1.70745491792412,1.05128580189275,1.92193672969006,1,1,0,1.70745491792412,1.05128580189275,1.92193672969006,1,1,0,1.70745491792412,1.05128580189275,1.92193672969006,1,1,0,1.70745491792412,1.05128580189275,1.92193672969006,1,1,0,1.70745491792412,1.05128580189275,1.92193672969006,1,1,0,1.70745491792412,1.05128580189275,1.92193672969006,"equal","equal","equal","equal","equal","equal","equal","equal","equal","equal","equal","larger","equal","equal","equal","equal","equal","larger","equal","equal","equal","equal","equal","equal","equal","equal","equal","equal","equal","equal","equal","equal","equal","equal","equal","equal","equal","equal","equal","equal","equal","equal","equal","equal","equal","equal","equal","equal","equal","equal","equal","equal","equal","equal","equal","equal","equal","equal","equal","equal","equal","equal","equal","equal","equal","equal","equal","equal","equal","equal","equal","equal","equal","equal","equal","equal","equal","equal","equal","equal","equal","equal","equal","equal","equal","equal","larger","larger","equal","larger","equal","equal","equal","larger","larger","larger","equal","equal","equal","larger","equal","larger","equal","equal","larger","equal","equal","larger","equal","equal","larger","equal","equal","larger","equal","equal","larger","equal","equal","larger","equal","equal","larger","equal","equal","larger","equal","equal","larger","equal","equal","larger","equal","equal","larger","equal","equal","larger","equal","equal","larger","equal","equal","larger","equal","larger","larger","equal","equal","larger","larger","larger","larger","equal","equal","larger","larger","larger","larger","equal","equal","larger","larger","larger","larger","equal","equal","larger"
1,"GN","unreliable","exp1a_s1_GN_u","G","N",2,1,1,0.71156343347987,0.661264214168882,1.96347070122495,1,1,0,0.71156343347987,0.661264214168882,1,1,1,0,0.71156343347987,0.661264214168882,1.5,1,1,1,0.71156343347987,0.661264214168882,1.96347070122495,2,1,1,0.71156343347987,0.661264214168882,1.96347070122495,2,1,1,0.71156343347987,0.661264214168882,1.96347070122495,2,1,1,0.71156343347987,0.661264214168882,1.96347070122495,2,2,1,0.71156343347987,0.661264214168882,1.96347070122495,3,2,1,0.71156343347987,0.661264214168882,1.96347070122495,3,2,1,0.71156343347987,0.661264214168882,1.96347070122495,3,2,1,0.71156343347987,0.661264214168882,1.96347070122495,3,2,1,0.71156343347987,0.661264214168882,1.96347070122495,3,2,1,0.71156343347987,0.661264214168882,1.96347070122495,3,2,1,0.71156343347987,0.661264214168882,1.96347070122495,0,1,0,0.656169116031379,2.84820159870474,1.92193672969006,0,0,0,1,1,1,0,0,0,1.5,1.5,1.5,0,0,0,2,2,1.92193672969006,0,0,0,2.5,2.5,1.92193672969006,0,1,0,3,2.84820159870474,1.92193672969006,0,1,0,3.5,2.84820159870474,1.92193672969006,1,1,0,3.50437071473612,2.84820159870474,1.92193672969006,1,1,0,3.50437071473612,2.84820159870474,1.92193672969006,1,1,0,3.50437071473612,2.84820159870474,1.92193672969006,1,1,0,3.50437071473612,2.84820159870474,1.92193672969006,1,1,0,3.50437071473612,2.84820159870474,1.92193672969006,1,1,0,3.50437071473612,2.84820159870474,1.92193672969006,1,1,0,3.50437071473612,2.84820159870474,1.92193672969006,"equal","equal","equal","equal","equal","equal","equal","equal","equal","equal","equal","larger","equal","equal","equal","equal","equal","larger","equal","equal","equal","equal","equal","equal","equal","equal","equal","equal","equal","equal","equal","equal","equal","equal","equal","equal","equal","equal","equal","equal","equal","equal","equal","equal","equal","equal","equal","equal","equal","equal","equal","equal","equal","equal","equal","equal","equal","equal","equal","equal","equal","equal","equal","equal","equal","equal","equal","equal","equal","equal","equal","equal","equal","equal","equal","equal","equal","equal","equal","equal","equal","equal","equal","equal","equal","equal","larger","larger","equal","larger","equal","equal","equal","larger","larger","larger","equal","equal","equal","larger","larger","larger","equal","equal","larger","larger","larger","larger","equal","equal","larger","larger","larger","larger","equal","equal","larger","larger","equal","larger","equal","equal","larger","larger","equal","larger","equal","equal","larger","equal","equal","larger","equal","equal","larger","equal","equal","larger","equal","equal","larger","equal","equal","larger","equal","larger","larger","equal","equal","larger","larger","larger","larger","equal","equal","larger","larger","larger","larger","equal","equal","larger","larger","larger","larger","equal","equal","larger"
1,"GP","reliable","exp1a_s1_GP_r","G","P",2,1,2,0.71156343347987,0.661264214168882,1.96347070122495,1,1,0,0.71156343347987,0.661264214168882,1,1,1,0,0.71156343347987,0.661264214168882,1.5,1,1,1,0.71156343347987,0.661264214168882,1.96347070122495,1,1,1,0.71156343347987,0.661264214168882,1.96347070122495,2,1,1,0.71156343347987,0.661264214168882,1.96347070122495,2,1,2,0.71156343347987,0.661264214168882,1.96347070122495,2,2,2,0.71156343347987,0.661264214168882,1.96347070122495,3,2,2,0.71156343347987,0.661264214168882,1.96347070122495,3,2,2,0.71156343347987,0.661264214168882,1.96347070122495,3,3,2,0.71156343347987,0.661264214168882,1.96347070122495,3,3,2,0.71156343347987,0.661264214168882,1.96347070122495,3,3,2,0.71156343347987,0.661264214168882,1.96347070122495,3,3,2,0.71156343347987,0.661264214168882,1.96347070122495,0,0,0,0.656169116031379,3.32642053929158,1.92193672969006,0,0,0,1,1,1,0,0,0,1.5,1.5,1.5,0,0,0,2,2,1.92193672969006,0,0,0,2.5,2.5,1.92193672969006,0,0,0,3,3,1.92193672969006,0,0,0,3.5,3.5,1.92193672969006,0,0,0,4,4,1.92193672969006,0,0,0,4.5,4.5,1.92193672969006,0,0,0,5,5,1.92193672969006,0,0,0,5.5,5.24835726898164,1.92193672969006,0,0,0,5.90452638501301,5.24835726898164,1.92193672969006,0,0,0,5.90452638501301,5.24835726898164,1.92193672969006,0,0,0,5.90452638501301,5.24835726898164,1.92193672969006,"equal","equal","equal","equal","equal","equal","equal","equal","equal","equal","equal","larger","equal","equal","equal","equal","equal","larger","equal","equal","equal","equal","equal","equal","equal","equal","equal","equal","equal","equal","equal","equal","equal","equal","equal","equal","equal","equal","equal","equal","equal","equal","equal","equal","equal","equal","equal","equal","equal","equal","equal","equal","equal","equal","equal","equal","equal","equal","equal","equal","equal","equal","equal","equal","equal","equal","equal","equal","equal","equal","equal","equal","equal","equal","equal","equal","equal","equal","equal","equal","equal","equal","equal","equal","equal","equal","larger","larger","larger","larger","equal","equal","equal","larger","larger","larger","equal","equal","equal","larger","larger","larger","equal","equal","larger","larger","larger","larger","equal","equal","larger","larger","larger","larger","equal","equal","larger","larger","larger","larger","equal","equal","larger","larger","larger","larger","equal","equal","larger","larger","larger","larger","equal","equal","larger","larger","larger","larger","equal","equal","larger","larger","larger","larger","equal","larger","larger","larger","larger","larger","larger","larger","larger","larger","larger","larger","larger","larger","larger","larger","larger","larger","larger","larger","larger","larger","larger","larger"
1,"GP","unreliable","exp1a_s1_GP_u","G","P",2,1,1,0.71156343347987,0.661264214168882,1.96347070122495,1,1,0,0.71156343347987,0.661264214168882,1,1,1,0,0.71156343347987,0.661264214168882,1.5,1,1,1,0.71156343347987,0.661264214168882,1.96347070122495,2,1,1,0.71156343347987,0.661264214168882,1.96347070122495,2,1,1,0.71156343347987,0.661264214168882,1.96347070122495,2,1,1,0.71156343347987,0.661264214168882,1.96347070122495,2,2,1,0.71156343347987,0.661264214168882,1.96347070122495,3,2,1,0.71156343347987,0.661264214168882,1.96347070122495,3,2,1,0.71156343347987,0.661264214168882,1.96347070122495,3,2,1,0.71156343347987,0.661264214168882,1.96347070122495,3,2,1,0.71156343347987,0.661264214168882,1.96347070122495,3,2,1,0.71156343347987,0.661264214168882,1.96347070122495,3,2,1,0.71156343347987,0.661264214168882,1.96347070122495,0,0,0,0.656169116031379,3.32642053929158,1.92193672969006,0,0,0,1,1,1,0,0,0,1.5,1.5,1.5,0,0,0,2,2,1.92193672969006,0,0,0,2.5,2.5,1.92193672969006,0,0,0,3,3,1.92193672969006,0,0,0,3.5,3.5,1.92193672969006,0,0,0,4,4,1.92193672969006,0,0,0,4.5,4.5,1.92193672969006,0,0,0,5,5,1.92193672969006,0,0,0,5.5,5.24835726898164,1.92193672969006,0,0,0,5.90452638501301,5.24835726898164,1.92193672969006,0,0,0,5.90452638501301,5.24835726898164,1.92193672969006,0,0,0,5.90452638501301,5.24835726898164,1.92193672969006,"equal","equal","equal","equal","equal","equal","equal","equal","equal","equal","equal","larger","equal","equal","equal","equal","equal","larger","equal","equal","equal","equal","equal","equal","equal","equal","equal","equal","equal","equal","equal","equal","equal","equal","equal","equal","equal","equal","equal","equal","equal","equal","equal","equal","equal","equal","equal","equal","equal","equal","equal","equal","equal","equal","equal","equal","equal","equal","equal","equal","equal","equal","equal","equal","equal","equal","equal","equal","equal","equal","equal","equal","equal","equal","equal","equal","equal","equal","equal","equal","equal","equal","equal","equal","equal","equal","larger","larger","larger","larger","equal","equal","equal","larger","larger","larger","equal","equal","equal","larger","larger","larger","equal","equal","larger","larger","larger","larger","equal","equal","larger","larger","larger","larger","equal","equal","larger","larger","larger","larger","equal","equal","larger","larger","larger","larger","equal","equal","larger","larger","larger","larger","equal","equal","larger","larger","larger","larger","equal","equal","larger","larger","larger","larger","equal","larger","larger","larger","larger","larger","larger","larger","larger","larger","larger","larger","larger","larger","larger","larger","larger","larger","larger","larger","larger","larger","larger","larger"
1,"NG","reliable","exp1a_s1_NG_r","N","G",1,0,1,2.77178023454236,1.90845535811968,3.16084706209595,0,0,0,1,1,1,0,0,0,1.5,1.5,1.5,0,0,0,2,2,2,0,0,0,2.5,2.5,2.5,1,0,0,2.77178023454236,3,3,1,0,1,2.77178023454236,3.5,3.16084706209595,1,0,1,2.77178023454236,4,3.16084706209595,1,0,1,2.77178023454236,4.5,3.16084706209595,1,0,1,2.77178023454236,5,3.16084706209595,1,1,1,2.77178023454236,5.06930242021564,3.16084706209595,1,1,1,2.77178023454236,5.06930242021564,3.16084706209595,1,1,1,2.77178023454236,5.06930242021564,3.16084706209595,1,1,1,2.77178023454236,5.06930242021564,3.16084706209595,0,3,1,0.656169116031379,0.564572778267939,1.46277869396344,0,1,0,1,0.564572778267939,1,1,2,1,1.22074189429932,0.564572778267939,1.46277869396344,2,3,1,1.22074189429932,0.564572778267939,1.46277869396344,3,3,1,1.22074189429932,0.564572778267939,1.46277869396344,3,3,1,1.22074189429932,0.564572778267939,1.46277869396344,3,3,1,1.22074189429932,0.564572778267939,1.46277869396344,3,3,1,1.22074189429932,0.564572778267939,1.46277869396344,3,3,1,1.22074189429932,0.564572778267939,1.46277869396344,3,4,1,1.22074189429932,0.564572778267939,1.46277869396344,4,4,1,1.22074189429932,0.564572778267939,1.46277869396344,4,4,1,1.22074189429932,0.564572778267939,1.46277869396344,4,4,1,1.22074189429932,0.564572778267939,1.46277869396344,4,4,1,1.22074189429932,0.564572778267939,1.46277869396344,"equal","equal","equal","equal","larger","equal","equal","equal","equal","larger","larger","larger","equal","equal","equal","larger","larger","larger","equal","equal","equal","larger","larger","larger","equal","equal","equal","larger","larger","larger","equal","equal","equal","equal","larger","larger","equal","equal","equal","equal","larger","equal","equal","equal","equal","equal","larger","equal","equal","equal","equal","equal","larger","equal","equal","equal","equal","equal","larger","equal","equal","equal","equal","equal","equal","equal","equal","equal","equal","equal","equal","equal","equal","equal","equal","equal","equal","equal","equal","equal","equal","equal","equal","equal","equal","equal","larger","larger","equal","equal","equal","equal","equal","larger","equal","larger","equal","equal","equal","equal","equal","equal","equal","equal","larger","equal","equal","equal","equal","equal","larger","equal","equal","equal","equal","equal","larger","equal","equal","equal","equal","equal","larger","equal","equal","equal","equal","equal","larger","equal","equal","equal","equal","equal","larger","equal","equal","equal","equal","equal","larger","equal","equal","equal","equal","larger","larger","equal","equal","equal","larger","larger","larger","equal","equal","equal","larger","larger","larger","equal","equal","equal","larger","larger","larger","equal","equal","equal"
1,"NG","unreliable","exp1a_s1_NG_u","N","G",1,0,0,2.31853975337894,1.90845535811968,6.44970677606761,0,0,0,1,1,1,0,0,0,1.5,1.5,1.5,0,0,0,2,2,2,1,0,0,2.31853975337894,2.5,2.5,1,0,0,2.31853975337894,3,3,1,0,0,2.31853975337894,3.5,3.5,1,0,0,2.31853975337894,4,4,1,0,0,2.31853975337894,4.5,4.5,1,0,0,2.31853975337894,5,5,1,0,0,2.31853975337894,5.5,5.5,1,0,0,2.31853975337894,6,6,1,0,0,2.31853975337894,6.5,6.5,1,0,0,2.31853975337894,7,7,0,3,1,0.656169116031379,0.564572778267939,1.46277869396344,0,1,0,1,0.564572778267939,1,1,1,1,1.22074189429932,0.564572778267939,1.46277869396344,1,2,1,1.22074189429932,0.564572778267939,1.46277869396344,2,2,1,1.22074189429932,0.564572778267939,1.46277869396344,2,3,1,1.22074189429932,0.564572778267939,1.46277869396344,2,3,1,1.22074189429932,0.564572778267939,1.46277869396344,3,3,1,1.22074189429932,0.564572778267939,1.46277869396344,3,3,1,1.22074189429932,0.564572778267939,1.46277869396344,3,4,1,1.22074189429932,0.564572778267939,1.46277869396344,4,4,1,1.22074189429932,0.564572778267939,1.46277869396344,4,4,1,1.22074189429932,0.564572778267939,1.46277869396344,4,4,1,1.22074189429932,0.564572778267939,1.46277869396344,4,4,1,1.22074189429932,0.564572778267939,1.46277869396344,"equal","equal","equal","equal","larger","larger","equal","equal","equal","larger","larger","larger","equal","equal","equal","larger","larger","larger","equal","equal","equal","larger","larger","larger","equal","equal","equal","equal","larger","larger","equal","equal","equal","equal","larger","larger","equal","equal","equal","equal","larger","larger","equal","equal","equal","equal","larger","larger","equal","equal","equal","equal","larger","larger","equal","equal","equal","equal","larger","larger","equal","equal","equal","equal","larger","larger","equal","equal","equal","equal","larger","larger","equal","equal","equal","equal","larger","larger","equal","equal","equal","equal","larger","larger","equal","equal","larger","larger","equal","equal","equal","equal","equal","larger","equal","larger","equal","equal","equal","equal","equal","equal","equal","equal","larger","equal","equal","equal","equal","equal","larger","equal","equal","equal","equal","equal","larger","equal","equal","equal","equal","equal","larger","equal","equal","equal","equal","equal","larger","equal","equal","equal","equal","equal","larger","equal","equal","equal","equal","equal","larger","equal","equal","equal","equal","larger","larger","equal","equal","equal","larger","larger","larger","equal","equal","equal","larger","larger","larger","equal","equal","equal","larger","larger","larger","equal","equal","equal"
1,"NN","reliable","exp1a_s1_NN_r","N","N",1,0,1,2.77178023454236,1.90845535811968,3.16084706209595,0,0,0,1,1,1,0,0,0,1.5,1.5,1.5,0,0,0,2,2,2,0,0,0,2.5,2.5,2.5,1,0,0,2.77178023454236,3,3,1,0,1,2.77178023454236,3.5,3.16084706209595,1,0,1,2.77178023454236,4,3.16084706209595,1,0,1,2.77178023454236,4.5,3.16084706209595,1,0,1,2.77178023454236,5,3.16084706209595,1,1,1,2.77178023454236,5.06930242021564,3.16084706209595,1,1,1,2.77178023454236,5.06930242021564,3.16084706209595,1,1,1,2.77178023454236,5.06930242021564,3.16084706209595,1,1,1,2.77178023454236,5.06930242021564,3.16084706209595,0,1,0,0.656169116031379,1.05128580189275,1.92193672969006,0,0,0,1,1,1,0,1,0,1.5,1.05128580189275,1.5,1,1,0,1.70745491792412,1.05128580189275,1.92193672969006,1,1,0,1.70745491792412,1.05128580189275,1.92193672969006,1,1,0,1.70745491792412,1.05128580189275,1.92193672969006,1,1,0,1.70745491792412,1.05128580189275,1.92193672969006,1,1,0,1.70745491792412,1.05128580189275,1.92193672969006,1,1,0,1.70745491792412,1.05128580189275,1.92193672969006,1,1,0,1.70745491792412,1.05128580189275,1.92193672969006,1,1,0,1.70745491792412,1.05128580189275,1.92193672969006,1,1,0,1.70745491792412,1.05128580189275,1.92193672969006,1,1,0,1.70745491792412,1.05128580189275,1.92193672969006,1,1,0,1.70745491792412,1.05128580189275,1.92193672969006,"equal","equal","equal","equal","larger","equal","equal","equal","equal","larger","larger","larger","equal","equal","equal","larger","larger","larger","equal","equal","equal","larger","larger","larger","equal","equal","equal","larger","larger","larger","equal","equal","equal","equal","larger","larger","equal","equal","equal","equal","larger","equal","equal","equal","equal","equal","larger","equal","equal","equal","equal","equal","larger","equal","equal","equal","equal","equal","larger","equal","equal","equal","equal","equal","equal","equal","equal","equal","equal","equal","equal","equal","equal","equal","equal","equal","equal","equal","equal","equal","equal","equal","equal","equal","equal","equal","larger","larger","equal","larger","equal","equal","equal","larger","larger","larger","equal","equal","equal","larger","equal","larger","equal","equal","larger","equal","equal","larger","equal","equal","larger","equal","equal","larger","equal","equal","larger","equal","equal","larger","equal","equal","larger","equal","equal","larger","equal","equal","larger","equal","equal","larger","equal","equal","larger","equal","equal","larger","equal","equal","larger","equal","equal","larger","equal","larger","larger","equal","equal","larger","larger","larger","larger","equal","equal","larger","larger","larger","larger","equal","equal","larger","larger","larger","larger","equal","equal","larger"
1,"NN","unreliable","exp1a_s1_NN_u","N","N",1,0,0,2.31853975337894,1.90845535811968,6.44970677606761,0,0,0,1,1,1,0,0,0,1.5,1.5,1.5,0,0,0,2,2,2,1,0,0,2.31853975337894,2.5,2.5,1,0,0,2.31853975337894,3,3,1,0,0,2.31853975337894,3.5,3.5,1,0,0,2.31853975337894,4,4,1,0,0,2.31853975337894,4.5,4.5,1,0,0,2.31853975337894,5,5,1,0,0,2.31853975337894,5.5,5.5,1,0,0,2.31853975337894,6,6,1,0,0,2.31853975337894,6.5,6.5,1,0,0,2.31853975337894,7,7,0,1,0,0.656169116031379,2.84820159870474,1.92193672969006,0,0,0,1,1,1,0,0,0,1.5,1.5,1.5,0,0,0,2,2,1.92193672969006,0,0,0,2.5,2.5,1.92193672969006,0,1,0,3,2.84820159870474,1.92193672969006,0,1,0,3.5,2.84820159870474,1.92193672969006,1,1,0,3.50437071473612,2.84820159870474,1.92193672969006,1,1,0,3.50437071473612,2.84820159870474,1.92193672969006,1,1,0,3.50437071473612,2.84820159870474,1.92193672969006,1,1,0,3.50437071473612,2.84820159870474,1.92193672969006,1,1,0,3.50437071473612,2.84820159870474,1.92193672969006,1,1,0,3.50437071473612,2.84820159870474,1.92193672969006,1,1,0,3.50437071473612,2.84820159870474,1.92193672969006,"equal","equal","equal","equal","larger","larger","equal","equal","equal","larger","larger","larger","equal","equal","equal","larger","larger","larger","equal","equal","equal","larger","larger","larger","equal","equal","equal","equal","larger","larger","equal","equal","equal","equal","larger","larger","equal","equal","equal","equal","larger","larger","equal","equal","equal","equal","larger","larger","equal","equal","equal","equal","larger","larger","equal","equal","equal","equal","larger","larger","equal","equal","equal","equal","larger","larger","equal","equal","equal","equal","larger","larger","equal","equal","equal","equal","larger","larger","equal","equal","equal","equal","larger","larger","equal","equal","larger","larger","equal","larger","equal","equal","equal","larger","larger","larger","equal","equal","equal","larger","larger","larger","equal","equal","larger","larger","larger","larger","equal","equal","larger","larger","larger","larger","equal","equal","larger","larger","equal","larger","equal","equal","larger","larger","equal","larger","equal","equal","larger","equal","equal","larger","equal","equal","larger","equal","equal","larger","equal","equal","larger","equal","equal","larger","equal","larger","larger","equal","equal","larger","larger","larger","larger","equal","equal","larger","larger","larger","larger","equal","equal","larger","larger","larger","larger","equal","equal","larger"
1,"NP","reliable","exp1a_s1_NP_r","N","P",1,0,1,2.77178023454236,1.90845535811968,3.16084706209595,0,0,0,1,1,1,0,0,0,1.5,1.5,1.5,0,0,0,2,2,2,0,0,0,2.5,2.5,2.5,1,0,0,2.77178023454236,3,3,1,0,1,2.77178023454236,3.5,3.16084706209595,1,0,1,2.77178023454236,4,3.16084706209595,1,0,1,2.77178023454236,4.5,3.16084706209595,1,0,1,2.77178023454236,5,3.16084706209595,1,1,1,2.77178023454236,5.06930242021564,3.16084706209595,1,1,1,2.77178023454236,5.06930242021564,3.16084706209595,1,1,1,2.77178023454236,5.06930242021564,3.16084706209595,1,1,1,2.77178023454236,5.06930242021564,3.16084706209595,0,0,0,0.656169116031379,3.32642053929158,1.92193672969006,0,0,0,1,1,1,0,0,0,1.5,1.5,1.5,0,0,0,2,2,1.92193672969006,0,0,0,2.5,2.5,1.92193672969006,0,0,0,3,3,1.92193672969006,0,0,0,3.5,3.5,1.92193672969006,0,0,0,4,4,1.92193672969006,0,0,0,4.5,4.5,1.92193672969006,0,0,0,5,5,1.92193672969006,0,0,0,5.5,5.24835726898164,1.92193672969006,0,0,0,5.90452638501301,5.24835726898164,1.92193672969006,0,0,0,5.90452638501301,5.24835726898164,1.92193672969006,0,0,0,5.90452638501301,5.24835726898164,1.92193672969006,"equal","equal","equal","equal","larger","equal","equal","equal","equal","larger","larger","larger","equal","equal","equal","larger","larger","larger","equal","equal","equal","larger","larger","larger","equal","equal","equal","larger","larger","larger","equal","equal","equal","equal","larger","larger","equal","equal","equal","equal","larger","equal","equal","equal","equal","equal","larger","equal","equal","equal","equal","equal","larger","equal","equal","equal","equal","equal","larger","equal","equal","equal","equal","equal","equal","equal","equal","equal","equal","equal","equal","equal","equal","equal","equal","equal","equal","equal","equal","equal","equal","equal","equal","equal","equal","equal","larger","larger","larger","larger","equal","equal","equal","larger","larger","larger","equal","equal","equal","larger","larger","larger","equal","equal","larger","larger","larger","larger","equal","equal","larger","larger","larger","larger","equal","equal","larger","larger","larger","larger","equal","equal","larger","larger","larger","larger","equal","equal","larger","larger","larger","larger","equal","equal","larger","larger","larger","larger","equal","equal","larger","larger","larger","larger","equal","larger","larger","larger","larger","larger","larger","larger","larger","larger","larger","larger","larger","larger","larger","larger","larger","larger","larger","larger","larger","larger","larger","larger"
1,"NP","unreliable","exp1a_s1_NP_u","N","P",1,0,0,2.31853975337894,1.90845535811968,6.44970677606761,0,0,0,1,1,1,0,0,0,1.5,1.5,1.5,0,0,0,2,2,2,1,0,0,2.31853975337894,2.5,2.5,1,0,0,2.31853975337894,3,3,1,0,0,2.31853975337894,3.5,3.5,1,0,0,2.31853975337894,4,4,1,0,0,2.31853975337894,4.5,4.5,1,0,0,2.31853975337894,5,5,1,0,0,2.31853975337894,5.5,5.5,1,0,0,2.31853975337894,6,6,1,0,0,2.31853975337894,6.5,6.5,1,0,0,2.31853975337894,7,7,0,0,0,0.656169116031379,3.32642053929158,1.92193672969006,0,0,0,1,1,1,0,0,0,1.5,1.5,1.5,0,0,0,2,2,1.92193672969006,0,0,0,2.5,2.5,1.92193672969006,0,0,0,3,3,1.92193672969006,0,0,0,3.5,3.5,1.92193672969006,0,0,0,4,4,1.92193672969006,0,0,0,4.5,4.5,1.92193672969006,0,0,0,5,5,1.92193672969006,0,0,0,5.5,5.24835726898164,1.92193672969006,0,0,0,5.90452638501301,5.24835726898164,1.92193672969006,0,0,0,5.90452638501301,5.24835726898164,1.92193672969006,0,0,0,5.90452638501301,5.24835726898164,1.92193672969006,"equal","equal","equal","equal","larger","larger","equal","equal","equal","larger","larger","larger","equal","equal","equal","larger","larger","larger","equal","equal","equal","larger","larger","larger","equal","equal","equal","equal","larger","larger","equal","equal","equal","equal","larger","larger","equal","equal","equal","equal","larger","larger","equal","equal","equal","equal","larger","larger","equal","equal","equal","equal","larger","larger","equal","equal","equal","equal","larger","larger","equal","equal","equal","equal","larger","larger","equal","equal","equal","equal","larger","larger","equal","equal","equal","equal","larger","larger","equal","equal","equal","equal","larger","larger","equal","equal","larger","larger","larger","larger","equal","equal","equal","larger","larger","larger","equal","equal","equal","larger","larger","larger","equal","equal","larger","larger","larger","larger","equal","equal","larger","larger","larger","larger","equal","equal","larger","larger","larger","larger","equal","equal","larger","larger","larger","larger","equal","equal","larger","larger","larger","larger","equal","equal","larger","larger","larger","larger","equal","equal","larger","larger","larger","larger","equal","larger","larger","larger","larger","larger","larger","larger","larger","larger","larger","larger","larger","larger","larger","larger","larger","larger","larger","larger","larger","larger","larger","larger"
1,"PG","reliable","exp1a_s1_PG_r","P","G",1,0,0,2.77178023454236,1.90845535811968,6.44970677606761,0,0,0,1,1,1,0,0,0,1.5,1.5,1.5,0,0,0,2,2,2,0,0,0,2.5,2.5,2.5,1,0,0,2.77178023454236,3,3,1,0,0,2.77178023454236,3.5,3.5,1,0,0,2.77178023454236,4,4,1,0,0,2.77178023454236,4.5,4.5,1,0,0,2.77178023454236,5,5,1,0,0,2.77178023454236,5.5,5.5,1,0,0,2.77178023454236,6,6,1,0,0,2.77178023454236,6.5,6.5,1,0,0,2.77178023454236,7,7,0,3,1,0.656169116031379,0.564572778267939,1.46277869396344,0,1,0,1,0.564572778267939,1,1,2,1,1.22074189429932,0.564572778267939,1.46277869396344,2,3,1,1.22074189429932,0.564572778267939,1.46277869396344,3,3,1,1.22074189429932,0.564572778267939,1.46277869396344,3,3,1,1.22074189429932,0.564572778267939,1.46277869396344,3,3,1,1.22074189429932,0.564572778267939,1.46277869396344,3,3,1,1.22074189429932,0.564572778267939,1.46277869396344,3,3,1,1.22074189429932,0.564572778267939,1.46277869396344,3,4,1,1.22074189429932,0.564572778267939,1.46277869396344,4,4,1,1.22074189429932,0.564572778267939,1.46277869396344,4,4,1,1.22074189429932,0.564572778267939,1.46277869396344,4,4,1,1.22074189429932,0.564572778267939,1.46277869396344,4,4,1,1.22074189429932,0.564572778267939,1.46277869396344,"equal","equal","equal","equal","larger","larger","equal","equal","equal","larger","larger","larger","equal","equal","equal","larger","larger","larger","equal","equal","equal","larger","larger","larger","equal","equal","equal","larger","larger","larger","equal","equal","equal","equal","larger","larger","equal","equal","equal","equal","larger","larger","equal","equal","equal","equal","larger","larger","equal","equal","equal","equal","larger","larger","equal","equal","equal","equal","larger","larger","equal","equal","equal","equal","larger","larger","equal","equal","equal","equal","larger","larger","equal","equal","equal","equal","larger","larger","equal","equal","equal","equal","larger","larger","equal","equal","larger","larger","equal","equal","equal","equal","equal","larger","equal","larger","equal","equal","equal","equal","equal","equal","equal","equal","larger","equal","equal","equal","equal","equal","larger","equal","equal","equal","equal","equal","larger","equal","equal","equal","equal","equal","larger","equal","equal","equal","equal","equal","larger","equal","equal","equal","equal","equal","larger","equal","equal","equal","equal","equal","larger","equal","equal","equal","equal","larger","larger","equal","equal","equal","larger","larger","larger","equal","equal","equal","larger","larger","larger","equal","equal","equal","larger","larger","larger","equal","equal","equal"
1,"PG","unreliable","exp1a_s1_PG_u","P","G",0,0,0,3.69485207484104,1.90845535811968,6.44970677606761,0,0,0,1,1,1,0,0,0,1.5,1.5,1.5,0,0,0,2,2,2,0,0,0,2.5,2.5,2.5,0,0,0,3,3,3,0,0,0,3.5,3.5,3.5,0,0,0,4,4,4,0,0,0,4.5,4.5,4.5,0,0,0,5,5,5,0,0,0,5.5,5.5,5.5,0,0,0,6,6,6,0,0,0,6.5,6.5,6.5,0,0,0,7,7,7,0,3,1,0.656169116031379,0.564572778267939,1.46277869396344,0,1,0,1,0.564572778267939,1,1,1,1,1.22074189429932,0.564572778267939,1.46277869396344,1,2,1,1.22074189429932,0.564572778267939,1.46277869396344,2,2,1,1.22074189429932,0.564572778267939,1.46277869396344,2,3,1,1.22074189429932,0.564572778267939,1.46277869396344,2,3,1,1.22074189429932,0.564572778267939,1.46277869396344,3,3,1,1.22074189429932,0.564572778267939,1.46277869396344,3,3,1,1.22074189429932,0.564572778267939,1.46277869396344,3,4,1,1.22074189429932,0.564572778267939,1.46277869396344,4,4,1,1.22074189429932,0.564572778267939,1.46277869396344,4,4,1,1.22074189429932,0.564572778267939,1.46277869396344,4,4,1,1.22074189429932,0.564572778267939,1.46277869396344,4,4,1,1.22074189429932,0.564572778267939,1.46277869396344,"equal","equal","equal","larger","larger","larger","equal","equal","equal","larger","larger","larger","equal","equal","equal","larger","larger","larger","equal","equal","equal","larger","larger","larger","equal","equal","equal","larger","larger","larger","equal","equal","equal","larger","larger","larger","equal","equal","equal","larger","larger","larger","equal","equal","equal","larger","larger","larger","equal","equal","equal","larger","larger","larger","equal","equal","equal","larger","larger","larger","equal","equal","equal","larger","larger","larger","equal","equal","equal","larger","larger","larger","equal","equal","equal","larger","larger","larger","equal","equal","equal","larger","larger","larger","equal","equal","larger","larger","equal","equal","equal","equal","equal","larger","equal","larger","equal","equal","equal","equal","equal","equal","equal","equal","larger","equal","equal","equal","equal","equal","larger","equal","equal","equal","equal","equal","larger","equal","equal","equal","equal","equal","larger","equal","equal","equal","equal","equal","larger","equal","equal","equal","equal","equal","larger","equal","equal","equal","equal","equal","larger","equal","equal","equal","equal","larger","larger","equal","equal","equal","larger","larger","larger","equal","equal","equal","larger","larger","larger","equal","equal","equal","larger","larger","larger","equal","equal","equal"
1,"PN","reliable","exp1a_s1_PN_r","P","N",1,0,0,2.77178023454236,1.90845535811968,6.44970677606761,0,0,0,1,1,1,0,0,0,1.5,1.5,1.5,0,0,0,2,2,2,0,0,0,2.5,2.5,2.5,1,0,0,2.77178023454236,3,3,1,0,0,2.77178023454236,3.5,3.5,1,0,0,2.77178023454236,4,4,1,0,0,2.77178023454236,4.5,4.5,1,0,0,2.77178023454236,5,5,1,0,0,2.77178023454236,5.5,5.5,1,0,0,2.77178023454236,6,6,1,0,0,2.77178023454236,6.5,6.5,1,0,0,2.77178023454236,7,7,0,1,0,0.656169116031379,1.05128580189275,1.92193672969006,0,0,0,1,1,1,0,1,0,1.5,1.05128580189275,1.5,1,1,0,1.70745491792412,1.05128580189275,1.92193672969006,1,1,0,1.70745491792412,1.05128580189275,1.92193672969006,1,1,0,1.70745491792412,1.05128580189275,1.92193672969006,1,1,0,1.70745491792412,1.05128580189275,1.92193672969006,1,1,0,1.70745491792412,1.05128580189275,1.92193672969006,1,1,0,1.70745491792412,1.05128580189275,1.92193672969006,1,1,0,1.70745491792412,1.05128580189275,1.92193672969006,1,1,0,1.70745491792412,1.05128580189275,1.92193672969006,1,1,0,1.70745491792412,1.05128580189275,1.92193672969006,1,1,0,1.70745491792412,1.05128580189275,1.92193672969006,1,1,0,1.70745491792412,1.05128580189275,1.92193672969006,"equal","equal","equal","equal","larger","larger","equal","equal","equal","larger","larger","larger","equal","equal","equal","larger","larger","larger","equal","equal","equal","larger","larger","larger","equal","equal","equal","larger","larger","larger","equal","equal","equal","equal","larger","larger","equal","equal","equal","equal","larger","larger","equal","equal","equal","equal","larger","larger","equal","equal","equal","equal","larger","larger","equal","equal","equal","equal","larger","larger","equal","equal","equal","equal","larger","larger","equal","equal","equal","equal","larger","larger","equal","equal","equal","equal","larger","larger","equal","equal","equal","equal","larger","larger","equal","equal","larger","larger","equal","larger","equal","equal","equal","larger","larger","larger","equal","equal","equal","larger","equal","larger","equal","equal","larger","equal","equal","larger","equal","equal","larger","equal","equal","larger","equal","equal","larger","equal","equal","larger","equal","equal","larger","equal","equal","larger","equal","equal","larger","equal","equal","larger","equal","equal","larger","equal","equal","larger","equal","equal","larger","equal","equal","larger","equal","larger","larger","equal","equal","larger","larger","larger","larger","equal","equal","larger","larger","larger","larger","equal","equal","larger","larger","larger","larger","equal","equal","larger"
1,"PN","unreliable","exp1a_s1_PN_u","P","N",0,0,0,3.69485207484104,1.90845535811968,6.44970677606761,0,0,0,1,1,1,0,0,0,1.5,1.5,1.5,0,0,0,2,2,2,0,0,0,2.5,2.5,2.5,0,0,0,3,3,3,0,0,0,3.5,3.5,3.5,0,0,0,4,4,4,0,0,0,4.5,4.5,4.5,0,0,0,5,5,5,0,0,0,5.5,5.5,5.5,0,0,0,6,6,6,0,0,0,6.5,6.5,6.5,0,0,0,7,7,7,0,1,0,0.656169116031379,2.84820159870474,1.92193672969006,0,0,0,1,1,1,0,0,0,1.5,1.5,1.5,0,0,0,2,2,1.92193672969006,0,0,0,2.5,2.5,1.92193672969006,0,1,0,3,2.84820159870474,1.92193672969006,0,1,0,3.5,2.84820159870474,1.92193672969006,1,1,0,3.50437071473612,2.84820159870474,1.92193672969006,1,1,0,3.50437071473612,2.84820159870474,1.92193672969006,1,1,0,3.50437071473612,2.84820159870474,1.92193672969006,1,1,0,3.50437071473612,2.84820159870474,1.92193672969006,1,1,0,3.50437071473612,2.84820159870474,1.92193672969006,1,1,0,3.50437071473612,2.84820159870474,1.92193672969006,1,1,0,3.50437071473612,2.84820159870474,1.92193672969006,"equal","equal","equal","larger","larger","larger","equal","equal","equal","larger","larger","larger","equal","equal","equal","larger","larger","larger","equal","equal","equal","larger","larger","larger","equal","equal","equal","larger","larger","larger","equal","equal","equal","larger","larger","larger","equal","equal","equal","larger","larger","larger","equal","equal","equal","larger","larger","larger","equal","equal","equal","larger","larger","larger","equal","equal","equal","larger","larger","larger","equal","equal","equal","larger","larger","larger","equal","equal","equal","larger","larger","larger","equal","equal","equal","larger","larger","larger","equal","equal","equal","larger","larger","larger","equal","equal","larger","larger","equal","larger","equal","equal","equal","larger","larger","larger","equal","equal","equal","larger","larger","larger","equal","equal","larger","larger","larger","larger","equal","equal","larger","larger","larger","larger","equal","equal","larger","larger","equal","larger","equal","equal","larger","larger","equal","larger","equal","equal","larger","equal","equal","larger","equal","equal","larger","equal","equal","larger","equal","equal","larger","equal","equal","larger","equal","larger","larger","equal","equal","larger","larger","larger","larger","equal","equal","larger","larger","larger","larger","equal","equal","larger","larger","larger","larger","equal","equal","larger"
1,"PP","reliable","exp1a_s1_PP_r","P","P",1,0,0,2.77178023454236,1.90845535811968,6.44970677606761,0,0,0,1,1,1,0,0,0,1.5,1.5,1.5,0,0,0,2,2,2,0,0,0,2.5,2.5,2.5,1,0,0,2.77178023454236,3,3,1,0,0,2.77178023454236,3.5,3.5,1,0,0,2.77178023454236,4,4,1,0,0,2.77178023454236,4.5,4.5,1,0,0,2.77178023454236,5,5,1,0,0,2.77178023454236,5.5,5.5,1,0,0,2.77178023454236,6,6,1,0,0,2.77178023454236,6.5,6.5,1,0,0,2.77178023454236,7,7,0,0,0,0.656169116031379,3.32642053929158,1.92193672969006,0,0,0,1,1,1,0,0,0,1.5,1.5,1.5,0,0,0,2,2,1.92193672969006,0,0,0,2.5,2.5,1.92193672969006,0,0,0,3,3,1.92193672969006,0,0,0,3.5,3.5,1.92193672969006,0,0,0,4,4,1.92193672969006,0,0,0,4.5,4.5,1.92193672969006,0,0,0,5,5,1.92193672969006,0,0,0,5.5,5.24835726898164,1.92193672969006,0,0,0,5.90452638501301,5.24835726898164,1.92193672969006,0,0,0,5.90452638501301,5.24835726898164,1.92193672969006,0,0,0,5.90452638501301,5.24835726898164,1.92193672969006,"equal","equal","equal","equal","larger","larger","equal","equal","equal","larger","larger","larger","equal","equal","equal","larger","larger","larger","equal","equal","equal","larger","larger","larger","equal","equal","equal","larger","larger","larger","equal","equal","equal","equal","larger","larger","equal","equal","equal","equal","larger","larger","equal","equal","equal","equal","larger","larger","equal","equal","equal","equal","larger","larger","equal","equal","equal","equal","larger","larger","equal","equal","equal","equal","larger","larger","equal","equal","equal","equal","larger","larger","equal","equal","equal","equal","larger","larger","equal","equal","equal","equal","larger","larger","equal","equal","larger","larger","larger","larger","equal","equal","equal","larger","larger","larger","equal","equal","equal","larger","larger","larger","equal","equal","larger","larger","larger","larger","equal","equal","larger","larger","larger","larger","equal","equal","larger","larger","larger","larger","equal","equal","larger","larger","larger","larger","equal","equal","larger","larger","larger","larger","equal","equal","larger","larger","larger","larger","equal","equal","larger","larger","larger","larger","equal","larger","larger","larger","larger","larger","larger","larger","larger","larger","larger","larger","larger","larger","larger","larger","larger","larger","larger","larger","larger","larger","larger","larger"
1,"PP","unreliable","exp1a_s1_PP_u","P","P",0,0,0,3.69485207484104,1.90845535811968,6.44970677606761,0,0,0,1,1,1,0,0,0,1.5,1.5,1.5,0,0,0,2,2,2,0,0,0,2.5,2.5,2.5,0,0,0,3,3,3,0,0,0,3.5,3.5,3.5,0,0,0,4,4,4,0,0,0,4.5,4.5,4.5,0,0,0,5,5,5,0,0,0,5.5,5.5,5.5,0,0,0,6,6,6,0,0,0,6.5,6.5,6.5,0,0,0,7,7,7,0,0,0,0.656169116031379,3.32642053929158,1.92193672969006,0,0,0,1,1,1,0,0,0,1.5,1.5,1.5,0,0,0,2,2,1.92193672969006,0,0,0,2.5,2.5,1.92193672969006,0,0,0,3,3,1.92193672969006,0,0,0,3.5,3.5,1.92193672969006,0,0,0,4,4,1.92193672969006,0,0,0,4.5,4.5,1.92193672969006,0,0,0,5,5,1.92193672969006,0,0,0,5.5,5.24835726898164,1.92193672969006,0,0,0,5.90452638501301,5.24835726898164,1.92193672969006,0,0,0,5.90452638501301,5.24835726898164,1.92193672969006,0,0,0,5.90452638501301,5.24835726898164,1.92193672969006,"equal","equal","equal","larger","larger","larger","equal","equal","equal","larger","larger","larger","equal","equal","equal","larger","larger","larger","equal","equal","equal","larger","larger","larger","equal","equal","equal","larger","larger","larger","equal","equal","equal","larger","larger","larger","equal","equal","equal","larger","larger","larger","equal","equal","equal","larger","larger","larger","equal","equal","equal","larger","larger","larger","equal","equal","equal","larger","larger","larger","equal","equal","equal","larger","larger","larger","equal","equal","equal","larger","larger","larger","equal","equal","equal","larger","larger","larger","equal","equal","equal","larger","larger","larger","equal","equal","larger","larger","larger","larger","equal","equal","equal","larger","larger","larger","equal","equal","equal","larger","larger","larger","equal","equal","larger","larger","larger","larger","equal","equal","larger","larger","larger","larger","equal","equal","larger","larger","larger","larger","equal","equal","larger","larger","larger","larger","equal","equal","larger","larger","larger","larger","equal","equal","larger","larger","larger","larger","equal","equal","larger","larger","larger","larger","equal","larger","larger","larger","larger","larger","larger","larger","larger","larger","larger","larger","larger","larger","larger","larger","larger","larger","larger","larger","larger","larger","larger","larger"
2,"GG","reliable","exp1a_s2_GG_r","G","G",0,2,2,0.894857421517372,0.98117023864345,1.05512776500482,0,1,0,1,0.98117023864345,1,1,2,1,1.44664946939902,0.98117023864345,1.05512776500482,1,2,2,1.44664946939902,0.98117023864345,1.05512776500482,2,2,2,1.44664946939902,0.98117023864345,1.05512776500482,2,2,2,1.44664946939902,0.98117023864345,1.05512776500482,3,3,2,1.44664946939902,0.98117023864345,1.05512776500482,3,3,2,1.44664946939902,0.98117023864345,1.05512776500482,3,3,2,1.44664946939902,0.98117023864345,1.05512776500482,3,4,2,1.44664946939902,0.98117023864345,1.05512776500482,3,4,3,1.44664946939902,0.98117023864345,1.05512776500482,3,5,3,1.44664946939902,0.98117023864345,1.05512776500482,3,5,3,1.44664946939902,0.98117023864345,1.05512776500482,3,5,4,1.44664946939902,0.98117023864345,1.05512776500482,3,1,2,0.551792047881652,1.05235153496892,1.04058667065766,1,0,0,0.551792047881652,1,1,2,1,1,0.551792047881652,1.05235153496892,1.04058667065766,2,1,1,0.551792047881652,1.05235153496892,1.04058667065766,3,1,2,0.551792047881652,1.05235153496892,1.04058667065766,3,2,2,0.551792047881652,1.05235153496892,1.04058667065766,3,2,2,0.551792047881652,1.05235153496892,1.04058667065766,3,3,2,0.551792047881652,1.05235153496892,1.04058667065766,3,3,2,0.551792047881652,1.05235153496892,1.04058667065766,3,3,2,0.551792047881652,1.05235153496892,1.04058667065766,3,3,2,0.551792047881652,1.05235153496892,1.04058667065766,3,3,2,0.551792047881652,1.05235153496892,1.04058667065766,3,3,2,0.551792047881652,1.05235153496892,1.04058667065766,4,3,2,0.551792047881652,1.05235153496892,1.04058667065766,"equal","equal","equal","larger","equal","equal","equal","equal","equal","larger","equal","larger","equal","equal","equal","equal","equal","equal","equal","equal","equal","equal","equal","equal","equal","equal","equal","equal","equal","equal","equal","equal","equal","equal","equal","equal","equal","equal","equal","equal","equal","equal","equal","equal","equal","equal","equal","equal","equal","equal","equal","equal","equal","equal","equal","equal","equal","equal","equal","equal","equal","equal","equal","equal","equal","equal","equal","equal","equal","equal","equal","equal","equal","equal","equal","equal","equal","equal","equal","equal","equal","equal","equal","equal","equal","equal","larger","equal","equal","equal","equal","equal","equal","equal","larger","larger","equal","equal","equal","equal","equal","equal","equal","equal","equal","equal","equal","equal","equal","equal","equal","equal","equal","equal","equal","equal","equal","equal","equal","equal","equal","equal","equal","equal","equal","equal","equal","equal","larger","equal","equal","equal","equal","equal","larger","equal","equal","equal","equal","equal","larger","equal","equal","equal","equal","equal","larger","equal","equal","equal","equal","equal","larger","equal","equal","equal","equal","equal","larger","equal","equal","equal","equal","equal","larger","equal","equal","equal"
2,"GG","unreliable","exp1a_s2_GG_u","G","G",0,1,2,0.894857421517372,1.47659862662228,1.05512776500482,0,0,0,1,1,1,1,1,1,1.44664946939902,1.47659862662228,1.05512776500482,1,1,1,1.44664946939902,1.47659862662228,1.05512776500482,2,1,2,1.44664946939902,1.47659862662228,1.05512776500482,2,1,2,1.44664946939902,1.47659862662228,1.05512776500482,2,2,2,1.44664946939902,1.47659862662228,1.05512776500482,2,2,2,1.44664946939902,1.47659862662228,1.05512776500482,2,2,2,1.44664946939902,1.47659862662228,1.05512776500482,3,3,2,1.44664946939902,1.47659862662228,1.05512776500482,3,3,3,1.44664946939902,1.47659862662228,1.05512776500482,3,3,3,1.44664946939902,1.47659862662228,1.05512776500482,3,4,3,1.44664946939902,1.47659862662228,1.05512776500482,3,4,4,1.44664946939902,1.47659862662228,1.05512776500482,3,1,2,0.551792047881652,1.05235153496892,1.04058667065766,1,0,0,0.551792047881652,1,1,2,1,1,0.551792047881652,1.05235153496892,1.04058667065766,2,1,1,0.551792047881652,1.05235153496892,1.04058667065766,2,1,2,0.551792047881652,1.05235153496892,1.04058667065766,2,2,2,0.551792047881652,1.05235153496892,1.04058667065766,2,2,2,0.551792047881652,1.05235153496892,1.04058667065766,3,2,2,0.551792047881652,1.05235153496892,1.04058667065766,3,3,2,0.551792047881652,1.05235153496892,1.04058667065766,3,3,2,0.551792047881652,1.05235153496892,1.04058667065766,3,3,2,0.551792047881652,1.05235153496892,1.04058667065766,3,3,2,0.551792047881652,1.05235153496892,1.04058667065766,3,3,2,0.551792047881652,1.05235153496892,1.04058667065766,3,3,2,0.551792047881652,1.05235153496892,1.04058667065766,"equal","equal","equal","larger","equal","equal","equal","equal","equal","larger","larger","larger","equal","equal","equal","equal","equal","equal","equal","equal","equal","equal","equal","equal","equal","equal","equal","equal","equal","equal","equal","equal","equal","equal","equal","equal","equal","equal","equal","equal","equal","equal","equal","equal","equal","equal","equal","equal","equal","equal","equal","equal","equal","equal","equal","equal","equal","equal","equal","equal","equal","equal","equal","equal","equal","equal","equal","equal","equal","equal","equal","equal","equal","equal","equal","equal","equal","equal","equal","equal","equal","equal","equal","equal","equal","equal","larger","equal","equal","equal","equal","equal","equal","equal","larger","larger","equal","equal","equal","equal","equal","equal","equal","equal","equal","equal","equal","equal","equal","equal","equal","equal","equal","equal","equal","equal","equal","equal","equal","equal","equal","equal","equal","equal","equal","equal","equal","equal","larger","equal","equal","equal","equal","equal","larger","equal","equal","equal","equal","equal","larger","equal","equal","equal","equal","equal","larger","equal","equal","equal","equal","equal","larger","equal","equal","equal","equal","equal","larger","equal","equal","equal","equal","equal","larger","equal","equal","equal"
2,"GN","reliable","exp1a_s2_GN_r","G","N",0,2,2,0.894857421517372,0.98117023864345,1.05512776500482,0,1,0,1,0.98117023864345,1,0,2,1,1.5,0.98117023864345,1.05512776500482,0,2,2,2,0.98117023864345,1.05512776500482,1,2,2,2.18542188474033,0.98117023864345,1.05512776500482,1,2,2,2.18542188474033,0.98117023864345,1.05512776500482,2,2,2,2.18542188474033,0.98117023864345,1.05512776500482,2,2,2,2.18542188474033,0.98117023864345,1.05512776500482,2,2,2,2.18542188474033,0.98117023864345,1.05512776500482,2,3,2,2.18542188474033,0.98117023864345,1.05512776500482,2,3,2,2.18542188474033,0.98117023864345,1.05512776500482,2,4,2,2.18542188474033,0.98117023864345,1.05512776500482,2,4,2,2.18542188474033,0.98117023864345,1.05512776500482,2,4,3,2.18542188474033,0.98117023864345,1.05512776500482,2,0,1,1.29056446322296,1.75538268405944,2.3242996601627,0,0,0,1,1,1,1,0,0,1.29056446322296,1.5,1.5,1,0,0,1.29056446322296,2,2,2,0,1,1.29056446322296,2.5,2.3242996601627,2,1,1,1.29056446322296,2.81051044906426,2.3242996601627,2,1,1,1.29056446322296,2.81051044906426,2.3242996601627,2,2,1,1.29056446322296,2.81051044906426,2.3242996601627,2,2,1,1.29056446322296,2.81051044906426,2.3242996601627,2,2,1,1.29056446322296,2.81051044906426,2.3242996601627,2,2,1,1.29056446322296,2.81051044906426,2.3242996601627,2,2,1,1.29056446322296,2.81051044906426,2.3242996601627,2,2,1,1.29056446322296,2.81051044906426,2.3242996601627,3,2,1,1.29056446322296,2.81051044906426,2.3242996601627,"equal","equal","equal","larger","equal","equal","equal","equal","equal","larger","equal","larger","equal","equal","equal","larger","equal","equal","equal","equal","equal","larger","equal","equal","equal","equal","equal","equal","equal","equal","equal","equal","equal","equal","equal","equal","equal","equal","equal","equal","equal","equal","equal","equal","equal","equal","equal","equal","equal","equal","equal","equal","equal","equal","equal","equal","equal","equal","equal","equal","equal","equal","equal","equal","equal","equal","equal","equal","equal","equal","equal","equal","equal","equal","equal","equal","equal","equal","equal","equal","equal","equal","equal","equal","equal","equal","larger","equal","larger","equal","equal","equal","equal","larger","larger","larger","equal","equal","equal","equal","larger","larger","equal","equal","equal","equal","larger","larger","equal","equal","equal","equal","larger","equal","equal","equal","equal","equal","equal","equal","equal","equal","equal","equal","equal","equal","equal","equal","larger","equal","equal","equal","equal","equal","larger","equal","equal","equal","equal","equal","larger","equal","equal","equal","equal","equal","larger","equal","equal","equal","equal","equal","larger","equal","equal","equal","equal","equal","larger","equal","equal","equal","equal","equal","larger","equal","equal","equal"
2,"GN","unreliable","exp1a_s2_GN_u","G","N",0,1,2,0.894857421517372,1.47659862662228,1.05512776500482,0,0,0,1,1,1,0,1,1,1.5,1.47659862662228,1.05512776500482,0,1,1,2,1.47659862662228,1.05512776500482,1,1,2,2.18542188474033,1.47659862662228,1.05512776500482,1,1,2,2.18542188474033,1.47659862662228,1.05512776500482,1,1,2,2.18542188474033,1.47659862662228,1.05512776500482,1,1,2,2.18542188474033,1.47659862662228,1.05512776500482,1,1,2,2.18542188474033,1.47659862662228,1.05512776500482,2,2,2,2.18542188474033,1.47659862662228,1.05512776500482,2,2,2,2.18542188474033,1.47659862662228,1.05512776500482,2,2,2,2.18542188474033,1.47659862662228,1.05512776500482,2,3,2,2.18542188474033,1.47659862662228,1.05512776500482,2,3,3,2.18542188474033,1.47659862662228,1.05512776500482,2,0,1,1.29056446322296,1.75538268405944,2.29225505845952,0,0,0,1,1,1,1,0,0,1.29056446322296,1.5,1.5,1,0,0,1.29056446322296,2,2,1,0,1,1.29056446322296,2.5,2.29225505845952,1,1,1,1.29056446322296,2.81051044906426,2.29225505845952,1,1,1,1.29056446322296,2.81051044906426,2.29225505845952,2,1,1,1.29056446322296,2.81051044906426,2.29225505845952,2,2,1,1.29056446322296,2.81051044906426,2.29225505845952,2,2,1,1.29056446322296,2.81051044906426,2.29225505845952,2,2,1,1.29056446322296,2.81051044906426,2.29225505845952,2,2,1,1.29056446322296,2.81051044906426,2.29225505845952,2,2,1,1.29056446322296,2.81051044906426,2.29225505845952,2,2,1,1.29056446322296,2.81051044906426,2.29225505845952,"equal","equal","equal","larger","equal","equal","equal","equal","equal","larger","larger","larger","equal","equal","equal","larger","equal","equal","equal","equal","equal","larger","equal","equal","equal","equal","equal","equal","equal","equal","equal","equal","equal","equal","equal","equal","equal","equal","equal","equal","equal","equal","equal","equal","equal","equal","equal","equal","equal","equal","equal","equal","equal","equal","equal","equal","equal","equal","equal","equal","equal","equal","equal","equal","equal","equal","equal","equal","equal","equal","equal","equal","equal","equal","equal","equal","equal","equal","equal","equal","equal","equal","equal","equal","equal","equal","larger","equal","larger","equal","equal","equal","equal","larger","larger","larger","equal","equal","equal","equal","larger","larger","equal","equal","equal","equal","larger","larger","equal","equal","equal","equal","larger","equal","equal","equal","equal","equal","equal","equal","equal","equal","equal","equal","equal","equal","equal","equal","larger","equal","equal","equal","equal","equal","larger","equal","equal","equal","equal","equal","larger","equal","equal","equal","equal","equal","larger","equal","equal","equal","equal","equal","larger","equal","equal","equal","equal","equal","larger","equal","equal","equal","equal","equal","larger","equal","equal","equal"
2,"GP","reliable","exp1a_s2_GP_r","G","P",0,2,1,0.894857421517372,0.98117023864345,1.85569035372126,0,1,0,1,0.98117023864345,1,0,2,0,1.5,0.98117023864345,1.5,0,2,1,2,0.98117023864345,1.85569035372126,0,2,1,2.5,0.98117023864345,1.85569035372126,0,2,1,3,0.98117023864345,1.85569035372126,0,2,1,3.5,0.98117023864345,1.85569035372126,0,2,1,4,0.98117023864345,1.85569035372126,0,2,1,4.5,0.98117023864345,1.85569035372126,0,2,1,5,0.98117023864345,1.85569035372126,0,2,1,5.5,0.98117023864345,1.85569035372126,0,3,1,6,0.98117023864345,1.85569035372126,0,3,1,6.5,0.98117023864345,1.85569035372126,0,3,1,7,0.98117023864345,1.85569035372126,0,0,0,5.88166106957942,1.75538268405944,3.64740405231714,0,0,0,1,1,1,0,0,0,1.5,1.5,1.5,0,0,0,2,2,2,0,0,0,2.5,2.5,2.5,0,0,0,3,3,3,0,0,0,3.5,3.5,3.5,0,1,0,4,3.61107303778071,3.64740405231714,0,1,0,4.5,3.61107303778071,3.64740405231714,0,1,0,5,3.61107303778071,3.64740405231714,0,1,0,5.5,3.61107303778071,3.64740405231714,0,1,0,6,3.61107303778071,3.64740405231714,0,1,0,6.5,3.61107303778071,3.64740405231714,1,1,0,6.86283130822287,3.61107303778071,3.64740405231714,"equal","equal","equal","larger","equal","equal","equal","equal","equal","larger","equal","larger","equal","equal","equal","larger","equal","larger","equal","equal","equal","larger","equal","equal","equal","equal","equal","larger","equal","equal","equal","equal","equal","larger","equal","equal","equal","equal","equal","larger","equal","equal","equal","equal","equal","larger","equal","equal","equal","equal","equal","larger","equal","equal","equal","equal","equal","larger","equal","equal","equal","equal","equal","larger","equal","equal","equal","equal","equal","larger","equal","equal","equal","equal","equal","larger","equal","equal","equal","equal","equal","larger","equal","equal","equal","equal","larger","larger","larger","larger","equal","equal","equal","larger","larger","larger","equal","equal","equal","larger","larger","larger","equal","equal","equal","larger","larger","larger","equal","equal","equal","larger","larger","larger","equal","equal","equal","larger","larger","larger","equal","equal","equal","larger","larger","larger","equal","equal","larger","larger","equal","larger","equal","equal","larger","larger","equal","larger","equal","equal","larger","larger","equal","larger","equal","equal","larger","larger","equal","larger","equal","equal","larger","larger","equal","larger","equal","equal","larger","larger","equal","larger","equal","equal","larger","equal","equal","larger"
2,"GP","unreliable","exp1a_s2_GP_u","G","P",0,1,1,0.894857421517372,1.47659862662228,2.41896947322333,0,0,0,1,1,1,0,1,0,1.5,1.47659862662228,1.5,0,1,0,2,1.47659862662228,2,0,1,1,2.5,1.47659862662228,2.41896947322333,0,1,1,3,1.47659862662228,2.41896947322333,0,1,1,3.5,1.47659862662228,2.41896947322333,0,1,1,4,1.47659862662228,2.41896947322333,0,1,1,4.5,1.47659862662228,2.41896947322333,1,1,1,4.71808617833903,1.47659862662228,2.41896947322333,1,1,1,4.71808617833903,1.47659862662228,2.41896947322333,1,1,1,4.71808617833903,1.47659862662228,2.41896947322333,1,2,1,4.71808617833903,1.47659862662228,2.41896947322333,1,2,1,4.71808617833903,1.47659862662228,2.41896947322333,1,0,0,3.82322875682165,1.75538268405944,3.64740405231714,0,0,0,1,1,1,0,0,0,1.5,1.5,1.5,0,0,0,2,2,2,0,0,0,2.5,2.5,2.5,0,0,0,3,3,3,0,0,0,3.5,3.5,3.5,1,0,0,3.82322875682165,4,3.64740405231714,1,1,0,3.82322875682165,4.17435215728277,3.64740405231714,1,1,0,3.82322875682165,4.17435215728277,3.64740405231714,1,1,0,3.82322875682165,4.17435215728277,3.64740405231714,1,1,0,3.82322875682165,4.17435215728277,3.64740405231714,1,1,0,3.82322875682165,4.17435215728277,3.64740405231714,1,1,0,3.82322875682165,4.17435215728277,3.64740405231714,"equal","equal","equal","larger","equal","equal","equal","equal","equal","larger","larger","larger","equal","equal","equal","larger","equal","larger","equal","equal","equal","larger","equal","larger","equal","equal","equal","larger","equal","equal","equal","equal","equal","larger","equal","equal","equal","equal","equal","larger","equal","equal","equal","equal","equal","larger","equal","equal","equal","equal","equal","larger","equal","equal","equal","equal","equal","equal","equal","equal","equal","equal","equal","equal","equal","equal","equal","equal","equal","equal","equal","equal","equal","equal","equal","equal","equal","equal","equal","equal","equal","equal","equal","equal","equal","equal","larger","equal","larger","larger","equal","equal","equal","larger","larger","larger","equal","equal","equal","larger","larger","larger","equal","equal","equal","larger","larger","larger","equal","equal","equal","larger","larger","larger","equal","equal","equal","larger","larger","larger","equal","equal","equal","larger","larger","larger","equal","equal","larger","equal","larger","larger","equal","equal","larger","equal","equal","larger","equal","equal","larger","equal","equal","larger","equal","equal","larger","equal","equal","larger","equal","equal","larger","equal","equal","larger","equal","equal","larger","equal","equal","larger","equal","equal","larger","equal","equal","larger"
2,"NG","reliable","exp1a_s2_NG_r","N","G",0,1,1,0.894857421517372,0.98117023864345,1.85569035372126,0,1,0,1,0.98117023864345,1,1,1,0,1.44664946939902,0.98117023864345,1.5,1,1,1,1.44664946939902,0.98117023864345,1.85569035372126,1,1,1,1.44664946939902,0.98117023864345,1.85569035372126,1,1,1,1.44664946939902,0.98117023864345,1.85569035372126,2,2,1,1.44664946939902,0.98117023864345,1.85569035372126,2,2,1,1.44664946939902,0.98117023864345,1.85569035372126,2,2,1,1.44664946939902,0.98117023864345,1.85569035372126,2,2,1,1.44664946939902,0.98117023864345,1.85569035372126,2,2,2,1.44664946939902,0.98117023864345,1.85569035372126,2,3,2,1.44664946939902,0.98117023864345,1.85569035372126,2,3,2,1.44664946939902,0.98117023864345,1.85569035372126,2,3,3,1.44664946939902,0.98117023864345,1.85569035372126,2,1,2,0.551792047881652,1.05235153496892,1.04058667065766,1,0,0,0.551792047881652,1,1,1,1,1,0.551792047881652,1.05235153496892,1.04058667065766,1,1,1,0.551792047881652,1.05235153496892,1.04058667065766,2,1,2,0.551792047881652,1.05235153496892,1.04058667065766,2,1,2,0.551792047881652,1.05235153496892,1.04058667065766,2,1,2,0.551792047881652,1.05235153496892,1.04058667065766,2,2,2,0.551792047881652,1.05235153496892,1.04058667065766,2,2,2,0.551792047881652,1.05235153496892,1.04058667065766,2,2,2,0.551792047881652,1.05235153496892,1.04058667065766,2,2,2,0.551792047881652,1.05235153496892,1.04058667065766,2,2,2,0.551792047881652,1.05235153496892,1.04058667065766,2,2,2,0.551792047881652,1.05235153496892,1.04058667065766,3,2,2,0.551792047881652,1.05235153496892,1.04058667065766,"equal","equal","equal","larger","equal","equal","equal","equal","equal","larger","equal","larger","equal","equal","equal","equal","equal","larger","equal","equal","equal","equal","equal","equal","equal","equal","equal","equal","equal","equal","equal","equal","equal","equal","equal","equal","equal","equal","equal","equal","equal","equal","equal","equal","equal","equal","equal","equal","equal","equal","equal","equal","equal","equal","equal","equal","equal","equal","equal","equal","equal","equal","equal","equal","equal","equal","equal","equal","equal","equal","equal","equal","equal","equal","equal","equal","equal","equal","equal","equal","equal","equal","equal","equal","equal","equal","larger","equal","equal","equal","equal","equal","equal","equal","larger","larger","equal","equal","equal","equal","equal","equal","equal","equal","equal","equal","equal","equal","equal","equal","equal","equal","equal","equal","equal","equal","equal","equal","equal","equal","equal","equal","equal","equal","equal","equal","equal","equal","larger","equal","equal","equal","equal","equal","larger","equal","equal","equal","equal","equal","larger","equal","equal","equal","equal","equal","larger","equal","equal","equal","equal","equal","larger","equal","equal","equal","equal","equal","larger","equal","equal","equal","equal","equal","larger","equal","equal","equal"
2,"NG","unreliable","exp1a_s2_NG_u","N","G",0,0,1,0.894857421517372,1.9988394388929,2.41896947322333,0,0,0,1,1,1,1,0,0,1.44664946939902,1.5,1.5,1,0,0,1.44664946939902,2,2,1,0,1,1.44664946939902,2.5,2.41896947322333,1,0,1,1.44664946939902,3,2.41896947322333,1,1,1,1.44664946939902,3.05119097386183,2.41896947322333,1,1,1,1.44664946939902,3.05119097386183,2.41896947322333,1,1,1,1.44664946939902,3.05119097386183,2.41896947322333,2,1,1,1.44664946939902,3.05119097386183,2.41896947322333,2,1,2,1.44664946939902,3.05119097386183,2.41896947322333,2,1,2,1.44664946939902,3.05119097386183,2.41896947322333,2,2,2,1.44664946939902,3.05119097386183,2.41896947322333,2,2,3,1.44664946939902,3.05119097386183,2.41896947322333,2,1,2,0.551792047881652,1.05235153496892,1.04058667065766,1,0,0,0.551792047881652,1,1,1,1,1,0.551792047881652,1.05235153496892,1.04058667065766,1,1,1,0.551792047881652,1.05235153496892,1.04058667065766,1,1,2,0.551792047881652,1.05235153496892,1.04058667065766,1,1,2,0.551792047881652,1.05235153496892,1.04058667065766,1,1,2,0.551792047881652,1.05235153496892,1.04058667065766,2,1,2,0.551792047881652,1.05235153496892,1.04058667065766,2,2,2,0.551792047881652,1.05235153496892,1.04058667065766,2,2,2,0.551792047881652,1.05235153496892,1.04058667065766,2,2,2,0.551792047881652,1.05235153496892,1.04058667065766,2,2,2,0.551792047881652,1.05235153496892,1.04058667065766,2,2,2,0.551792047881652,1.05235153496892,1.04058667065766,2,2,2,0.551792047881652,1.05235153496892,1.04058667065766,"equal","equal","equal","larger","larger","equal","equal","equal","equal","larger","larger","larger","equal","equal","equal","equal","larger","larger","equal","equal","equal","equal","larger","larger","equal","equal","equal","equal","larger","equal","equal","equal","equal","equal","larger","equal","equal","equal","equal","equal","equal","equal","equal","equal","equal","equal","equal","equal","equal","equal","equal","equal","equal","equal","equal","equal","equal","equal","equal","equal","equal","equal","equal","equal","equal","equal","equal","equal","equal","equal","equal","equal","equal","equal","equal","equal","equal","equal","equal","equal","equal","equal","equal","equal","equal","equal","larger","equal","equal","equal","equal","equal","equal","equal","larger","larger","equal","equal","equal","equal","equal","equal","equal","equal","equal","equal","equal","equal","equal","equal","equal","equal","equal","equal","equal","equal","equal","equal","equal","equal","equal","equal","equal","equal","equal","equal","equal","equal","larger","equal","equal","equal","equal","equal","larger","equal","equal","equal","equal","equal","larger","equal","equal","equal","equal","equal","larger","equal","equal","equal","equal","equal","larger","equal","equal","equal","equal","equal","larger","equal","equal","equal","equal","equal","larger","equal","equal","equal"
2,"NN","reliable","exp1a_s2_NN_r","N","N",0,1,1,0.894857421517372,0.98117023864345,1.85569035372126,0,1,0,1,0.98117023864345,1,0,1,0,1.5,0.98117023864345,1.5,0,1,1,2,0.98117023864345,1.85569035372126,0,1,1,2.5,0.98117023864345,1.85569035372126,0,1,1,3,0.98117023864345,1.85569035372126,1,1,1,3.16118755231177,0.98117023864345,1.85569035372126,1,1,1,3.16118755231177,0.98117023864345,1.85569035372126,1,1,1,3.16118755231177,0.98117023864345,1.85569035372126,1,1,1,3.16118755231177,0.98117023864345,1.85569035372126,1,1,1,3.16118755231177,0.98117023864345,1.85569035372126,1,2,1,3.16118755231177,0.98117023864345,1.85569035372126,1,2,1,3.16118755231177,0.98117023864345,1.85569035372126,1,2,2,3.16118755231177,0.98117023864345,1.85569035372126,1,0,1,2.2663301307944,1.75538268405944,2.3242996601627,0,0,0,1,1,1,0,0,0,1.5,1.5,1.5,0,0,0,2,2,2,1,0,1,2.2663301307944,2.5,2.3242996601627,1,0,1,2.2663301307944,3,2.3242996601627,1,0,1,2.2663301307944,3.5,2.3242996601627,1,1,1,2.2663301307944,3.61107303778071,2.3242996601627,1,1,1,2.2663301307944,3.61107303778071,2.3242996601627,1,1,1,2.2663301307944,3.61107303778071,2.3242996601627,1,1,1,2.2663301307944,3.61107303778071,2.3242996601627,1,1,1,2.2663301307944,3.61107303778071,2.3242996601627,1,1,1,2.2663301307944,3.61107303778071,2.3242996601627,2,1,1,2.2663301307944,3.61107303778071,2.3242996601627,"equal","equal","equal","larger","equal","equal","equal","equal","equal","larger","equal","larger","equal","equal","equal","larger","equal","larger","equal","equal","equal","larger","equal","equal","equal","equal","equal","larger","equal","equal","equal","equal","equal","larger","equal","equal","equal","equal","equal","equal","equal","equal","equal","equal","equal","equal","equal","equal","equal","equal","equal","equal","equal","equal","equal","equal","equal","equal","equal","equal","equal","equal","equal","equal","equal","equal","equal","equal","equal","equal","equal","equal","equal","equal","equal","equal","equal","equal","equal","equal","equal","equal","equal","equal","equal","equal","larger","equal","larger","equal","equal","equal","equal","larger","larger","larger","equal","equal","equal","larger","larger","larger","equal","equal","equal","larger","larger","larger","equal","equal","equal","equal","larger","equal","equal","equal","equal","equal","larger","equal","equal","equal","equal","equal","larger","equal","equal","equal","larger","equal","equal","equal","equal","equal","larger","equal","equal","equal","equal","equal","larger","equal","equal","equal","equal","equal","larger","equal","equal","equal","equal","equal","larger","equal","equal","equal","equal","equal","larger","equal","equal","equal","equal","equal","larger","equal","equal","equal"
2,"NN","unreliable","exp1a_s2_NN_u","N","N",0,0,1,0.894857421517372,1.9988394388929,2.41896947322333,0,0,0,1,1,1,0,0,0,1.5,1.5,1.5,0,0,0,2,2,2,0,0,1,2.5,2.5,2.41896947322333,0,0,1,3,3,2.41896947322333,0,0,1,3.5,3.5,2.41896947322333,0,0,1,4,4,2.41896947322333,0,0,1,4.5,4.5,2.41896947322333,1,0,1,4.71808617833903,5,2.41896947322333,1,0,1,4.71808617833903,5.5,2.41896947322333,1,0,1,4.71808617833903,6,2.41896947322333,1,1,1,4.71808617833903,6.17319159617568,2.41896947322333,1,1,2,4.71808617833903,6.17319159617568,2.41896947322333,1,0,1,3.82322875682165,1.75538268405944,2.29225505845952,0,0,0,1,1,1,0,0,0,1.5,1.5,1.5,0,0,0,2,2,2,0,0,1,2.5,2.5,2.29225505845952,0,0,1,3,3,2.29225505845952,0,0,1,3.5,3.5,2.29225505845952,1,0,1,3.82322875682165,4,2.29225505845952,1,1,1,3.82322875682165,4.17435215728277,2.29225505845952,1,1,1,3.82322875682165,4.17435215728277,2.29225505845952,1,1,1,3.82322875682165,4.17435215728277,2.29225505845952,1,1,1,3.82322875682165,4.17435215728277,2.29225505845952,1,1,1,3.82322875682165,4.17435215728277,2.29225505845952,1,1,1,3.82322875682165,4.17435215728277,2.29225505845952,"equal","equal","equal","larger","larger","equal","equal","equal","equal","larger","larger","larger","equal","equal","equal","larger","larger","larger","equal","equal","equal","larger","larger","larger","equal","equal","equal","larger","larger","equal","equal","equal","equal","larger","larger","equal","equal","equal","equal","larger","larger","equal","equal","equal","equal","larger","larger","equal","equal","equal","equal","larger","larger","equal","equal","equal","equal","equal","larger","equal","equal","equal","equal","equal","larger","equal","equal","equal","equal","equal","larger","equal","equal","equal","equal","equal","equal","equal","equal","equal","equal","equal","equal","equal","equal","equal","larger","equal","larger","equal","equal","equal","equal","larger","larger","larger","equal","equal","equal","larger","larger","larger","equal","equal","equal","larger","larger","larger","equal","equal","equal","larger","larger","equal","equal","equal","equal","larger","larger","equal","equal","equal","equal","larger","larger","equal","equal","equal","larger","equal","larger","equal","equal","equal","larger","equal","equal","equal","equal","equal","larger","equal","equal","equal","equal","equal","larger","equal","equal","equal","equal","equal","larger","equal","equal","equal","equal","equal","larger","equal","equal","equal","equal","equal","larger","equal","equal","equal"
2,"NP","reliable","exp1a_s2_NP_r","N","P",0,1,1,0.894857421517372,0.98117023864345,1.85569035372126,0,1,0,1,0.98117023864345,1,0,1,0,1.5,0.98117023864345,1.5,0,1,1,2,0.98117023864345,1.85569035372126,0,1,1,2.5,0.98117023864345,1.85569035372126,0,1,1,3,0.98117023864345,1.85569035372126,0,1,1,3.5,0.98117023864345,1.85569035372126,0,1,1,4,0.98117023864345,1.85569035372126,0,1,1,4.5,0.98117023864345,1.85569035372126,0,1,1,5,0.98117023864345,1.85569035372126,0,1,1,5.5,0.98117023864345,1.85569035372126,0,2,1,6,0.98117023864345,1.85569035372126,0,2,1,6.5,0.98117023864345,1.85569035372126,0,2,1,7,0.98117023864345,1.85569035372126,0,0,0,5.88166106957942,1.75538268405944,3.64740405231714,0,0,0,1,1,1,0,0,0,1.5,1.5,1.5,0,0,0,2,2,2,0,0,0,2.5,2.5,2.5,0,0,0,3,3,3,0,0,0,3.5,3.5,3.5,0,1,0,4,3.61107303778071,3.64740405231714,0,1,0,4.5,3.61107303778071,3.64740405231714,0,1,0,5,3.61107303778071,3.64740405231714,0,1,0,5.5,3.61107303778071,3.64740405231714,0,1,0,6,3.61107303778071,3.64740405231714,0,1,0,6.5,3.61107303778071,3.64740405231714,1,1,0,6.86283130822287,3.61107303778071,3.64740405231714,"equal","equal","equal","larger","equal","equal","equal","equal","equal","larger","equal","larger","equal","equal","equal","larger","equal","larger","equal","equal","equal","larger","equal","equal","equal","equal","equal","larger","equal","equal","equal","equal","equal","larger","equal","equal","equal","equal","equal","larger","equal","equal","equal","equal","equal","larger","equal","equal","equal","equal","equal","larger","equal","equal","equal","equal","equal","larger","equal","equal","equal","equal","equal","larger","equal","equal","equal","equal","equal","larger","equal","equal","equal","equal","equal","larger","equal","equal","equal","equal","equal","larger","equal","equal","equal","equal","larger","larger","larger","larger","equal","equal","equal","larger","larger","larger","equal","equal","equal","larger","larger","larger","equal","equal","equal","larger","larger","larger","equal","equal","equal","larger","larger","larger","equal","equal","equal","larger","larger","larger","equal","equal","equal","larger","larger","larger","equal","equal","larger","larger","equal","larger","equal","equal","larger","larger","equal","larger","equal","equal","larger","larger","equal","larger","equal","equal","larger","larger","equal","larger","equal","equal","larger","larger","equal","larger","equal","equal","larger","larger","equal","larger","equal","equal","larger","equal","equal","larger"
2,"NP","unreliable","exp1a_s2_NP_u","N","P",0,0,1,0.894857421517372,1.9988394388929,2.41896947322333,0,0,0,1,1,1,0,0,0,1.5,1.5,1.5,0,0,0,2,2,2,0,0,1,2.5,2.5,2.41896947322333,0,0,1,3,3,2.41896947322333,0,0,1,3.5,3.5,2.41896947322333,0,0,1,4,4,2.41896947322333,0,0,1,4.5,4.5,2.41896947322333,1,0,1,4.71808617833903,5,2.41896947322333,1,0,1,4.71808617833903,5.5,2.41896947322333,1,0,1,4.71808617833903,6,2.41896947322333,1,1,1,4.71808617833903,6.17319159617568,2.41896947322333,1,1,1,4.71808617833903,6.17319159617568,2.41896947322333,1,0,0,3.82322875682165,1.75538268405944,3.64740405231714,0,0,0,1,1,1,0,0,0,1.5,1.5,1.5,0,0,0,2,2,2,0,0,0,2.5,2.5,2.5,0,0,0,3,3,3,0,0,0,3.5,3.5,3.5,1,0,0,3.82322875682165,4,3.64740405231714,1,1,0,3.82322875682165,4.17435215728277,3.64740405231714,1,1,0,3.82322875682165,4.17435215728277,3.64740405231714,1,1,0,3.82322875682165,4.17435215728277,3.64740405231714,1,1,0,3.82322875682165,4.17435215728277,3.64740405231714,1,1,0,3.82322875682165,4.17435215728277,3.64740405231714,1,1,0,3.82322875682165,4.17435215728277,3.64740405231714,"equal","equal","equal","larger","larger","equal","equal","equal","equal","larger","larger","larger","equal","equal","equal","larger","larger","larger","equal","equal","equal","larger","larger","larger","equal","equal","equal","larger","larger","equal","equal","equal","equal","larger","larger","equal","equal","equal","equal","larger","larger","equal","equal","equal","equal","larger","larger","equal","equal","equal","equal","larger","larger","equal","equal","equal","equal","equal","larger","equal","equal","equal","equal","equal","larger","equal","equal","equal","equal","equal","larger","equal","equal","equal","equal","equal","equal","equal","equal","equal","equal","equal","equal","equal","equal","equal","larger","equal","larger","larger","equal","equal","equal","larger","larger","larger","equal","equal","equal","larger","larger","larger","equal","equal","equal","larger","larger","larger","equal","equal","equal","larger","larger","larger","equal","equal","equal","larger","larger","larger","equal","equal","equal","larger","larger","larger","equal","equal","larger","equal","larger","larger","equal","equal","larger","equal","equal","larger","equal","equal","larger","equal","equal","larger","equal","equal","larger","equal","equal","larger","equal","equal","larger","equal","equal","larger","equal","equal","larger","equal","equal","larger","equal","equal","larger","equal","equal","larger"
2,"PG","reliable","exp1a_s2_PG_r","P","G",0,0,0,0.894857421517372,1.9988394388929,4.23699568491429,0,0,0,1,1,1,0,0,0,1.5,1.5,1.5,0,0,0,2,2,2,0,0,0,2.5,2.5,2.5,0,0,0,3,3,3,1,1,0,3.16118755231177,3.05119097386183,3.5,1,1,0,3.16118755231177,3.05119097386183,4,1,1,0,3.16118755231177,3.05119097386183,4.5,1,1,0,3.16118755231177,3.05119097386183,5,1,1,1,3.16118755231177,3.05119097386183,5.27758235557195,1,1,1,3.16118755231177,3.05119097386183,5.27758235557195,1,1,1,3.16118755231177,3.05119097386183,5.27758235557195,1,1,2,3.16118755231177,3.05119097386183,5.27758235557195,1,1,2,2.2663301307944,1.05235153496892,1.04058667065766,0,0,0,1,1,1,0,1,1,1.5,1.05235153496892,1.04058667065766,0,1,1,2,1.05235153496892,1.04058667065766,1,1,2,2.2663301307944,1.05235153496892,1.04058667065766,1,1,2,2.2663301307944,1.05235153496892,1.04058667065766,1,1,2,2.2663301307944,1.05235153496892,1.04058667065766,1,1,2,2.2663301307944,1.05235153496892,1.04058667065766,1,1,2,2.2663301307944,1.05235153496892,1.04058667065766,1,1,2,2.2663301307944,1.05235153496892,1.04058667065766,1,1,2,2.2663301307944,1.05235153496892,1.04058667065766,1,1,2,2.2663301307944,1.05235153496892,1.04058667065766,1,1,2,2.2663301307944,1.05235153496892,1.04058667065766,1,1,2,2.2663301307944,1.05235153496892,1.04058667065766,"equal","equal","equal","larger","larger","larger","equal","equal","equal","larger","larger","larger","equal","equal","equal","larger","larger","larger","equal","equal","equal","larger","larger","larger","equal","equal","equal","larger","larger","larger","equal","equal","equal","larger","larger","larger","equal","equal","equal","equal","equal","larger","equal","equal","equal","equal","equal","larger","equal","equal","equal","equal","equal","larger","equal","equal","equal","equal","equal","larger","equal","equal","equal","equal","equal","equal","equal","equal","equal","equal","equal","equal","equal","equal","equal","equal","equal","equal","equal","equal","equal","equal","equal","equal","equal","equal","larger","equal","equal","equal","equal","equal","equal","larger","larger","larger","equal","equal","equal","larger","equal","equal","equal","equal","equal","larger","equal","equal","equal","equal","equal","equal","equal","equal","equal","equal","equal","equal","equal","equal","equal","equal","equal","equal","equal","equal","equal","equal","larger","equal","equal","equal","equal","equal","larger","equal","equal","equal","equal","equal","larger","equal","equal","equal","equal","equal","larger","equal","equal","equal","equal","equal","larger","equal","equal","equal","equal","equal","larger","equal","equal","equal","equal","equal","larger","equal","equal","equal"
2,"PG","unreliable","exp1a_s2_PG_u","P","G",0,0,0,0.894857421517372,1.9988394388929,4.23699568491429,0,0,0,1,1,1,0,0,0,1.5,1.5,1.5,0,0,0,2,2,2,0,0,0,2.5,2.5,2.5,0,0,0,3,3,3,0,1,0,3.5,3.05119097386183,3.5,0,1,0,4,3.05119097386183,4,0,1,0,4.5,3.05119097386183,4.5,1,1,0,4.71808617833903,3.05119097386183,5,1,1,1,4.71808617833903,3.05119097386183,5.27758235557195,1,1,1,4.71808617833903,3.05119097386183,5.27758235557195,1,1,1,4.71808617833903,3.05119097386183,5.27758235557195,1,1,2,4.71808617833903,3.05119097386183,5.27758235557195,1,1,2,3.82322875682165,1.05235153496892,1.04058667065766,0,0,0,1,1,1,0,1,1,1.5,1.05235153496892,1.04058667065766,0,1,1,2,1.05235153496892,1.04058667065766,0,1,2,2.5,1.05235153496892,1.04058667065766,0,1,2,3,1.05235153496892,1.04058667065766,0,1,2,3.5,1.05235153496892,1.04058667065766,1,1,2,3.82322875682165,1.05235153496892,1.04058667065766,1,1,2,3.82322875682165,1.05235153496892,1.04058667065766,1,1,2,3.82322875682165,1.05235153496892,1.04058667065766,1,1,2,3.82322875682165,1.05235153496892,1.04058667065766,1,1,2,3.82322875682165,1.05235153496892,1.04058667065766,1,1,2,3.82322875682165,1.05235153496892,1.04058667065766,1,1,2,3.82322875682165,1.05235153496892,1.04058667065766,"equal","equal","equal","larger","larger","larger","equal","equal","equal","larger","larger","larger","equal","equal","equal","larger","larger","larger","equal","equal","equal","larger","larger","larger","equal","equal","equal","larger","larger","larger","equal","equal","equal","larger","larger","larger","equal","equal","equal","larger","equal","larger","equal","equal","equal","larger","equal","larger","equal","equal","equal","larger","equal","larger","equal","equal","equal","equal","equal","larger","equal","equal","equal","equal","equal","equal","equal","equal","equal","equal","equal","equal","equal","equal","equal","equal","equal","equal","equal","equal","equal","equal","equal","equal","equal","equal","larger","equal","equal","equal","equal","equal","equal","larger","larger","larger","equal","equal","equal","larger","equal","equal","equal","equal","equal","larger","equal","equal","equal","equal","equal","larger","equal","equal","equal","equal","equal","larger","equal","equal","equal","equal","equal","larger","equal","equal","equal","equal","larger","equal","equal","equal","equal","equal","larger","equal","equal","equal","equal","equal","larger","equal","equal","equal","equal","equal","larger","equal","equal","equal","equal","equal","larger","equal","equal","equal","equal","equal","larger","equal","equal","equal","equal","equal","larger","equal","equal","equal"
2,"PN","reliable","exp1a_s2_PN_r","P","N",0,0,0,0.894857421517372,1.9988394388929,4.23699568491429,0,0,0,1,1,1,0,0,0,1.5,1.5,1.5,0,0,0,2,2,2,0,0,0,2.5,2.5,2.5,0,0,0,3,3,3,1,0,0,3.16118755231177,3.5,3.5,1,0,0,3.16118755231177,4,4,1,0,0,3.16118755231177,4.5,4.5,1,0,0,3.16118755231177,5,5,1,0,0,3.16118755231177,5.5,5.5,1,0,0,3.16118755231177,6,6,1,0,0,3.16118755231177,6.5,6.5,1,0,1,3.16118755231177,7,6.56129534507699,1,0,1,2.2663301307944,1.75538268405944,2.3242996601627,0,0,0,1,1,1,0,0,0,1.5,1.5,1.5,0,0,0,2,2,2,1,0,1,2.2663301307944,2.5,2.3242996601627,1,0,1,2.2663301307944,3,2.3242996601627,1,0,1,2.2663301307944,3.5,2.3242996601627,1,0,1,2.2663301307944,4,2.3242996601627,1,0,1,2.2663301307944,4.5,2.3242996601627,1,0,1,2.2663301307944,5,2.3242996601627,1,0,1,2.2663301307944,5.5,2.3242996601627,1,0,1,2.2663301307944,6,2.3242996601627,1,0,1,2.2663301307944,6.5,2.3242996601627,1,0,1,2.2663301307944,7,2.3242996601627,"equal","equal","equal","larger","larger","larger","equal","equal","equal","larger","larger","larger","equal","equal","equal","larger","larger","larger","equal","equal","equal","larger","larger","larger","equal","equal","equal","larger","larger","larger","equal","equal","equal","larger","larger","larger","equal","equal","equal","equal","larger","larger","equal","equal","equal","equal","larger","larger","equal","equal","equal","equal","larger","larger","equal","equal","equal","equal","larger","larger","equal","equal","equal","equal","larger","larger","equal","equal","equal","equal","larger","larger","equal","equal","equal","equal","larger","larger","equal","equal","equal","equal","larger","equal","equal","equal","larger","equal","larger","equal","equal","equal","equal","larger","larger","larger","equal","equal","equal","larger","larger","larger","equal","equal","equal","larger","larger","larger","equal","equal","equal","equal","larger","equal","equal","equal","equal","equal","larger","equal","equal","equal","equal","equal","larger","equal","equal","equal","larger","equal","larger","equal","equal","equal","larger","equal","larger","equal","equal","equal","larger","equal","larger","equal","equal","equal","larger","equal","larger","equal","equal","equal","larger","equal","larger","equal","equal","equal","larger","equal","larger","equal","equal","equal","larger","equal","larger","equal"
2,"PN","unreliable","exp1a_s2_PN_u","P","N",0,0,0,0.894857421517372,1.9988394388929,4.23699568491429,0,0,0,1,1,1,0,0,0,1.5,1.5,1.5,0,0,0,2,2,2,0,0,0,2.5,2.5,2.5,0,0,0,3,3,3,0,0,0,3.5,3.5,3.5,0,0,0,4,4,4,0,0,0,4.5,4.5,4.5,1,0,0,4.71808617833903,5,5,1,0,0,4.71808617833903,5.5,5.5,1,0,0,4.71808617833903,6,6,1,0,0,4.71808617833903,6.5,6.5,1,0,1,4.71808617833903,7,6.52925074337381,1,0,1,3.82322875682165,1.75538268405944,2.29225505845952,0,0,0,1,1,1,0,0,0,1.5,1.5,1.5,0,0,0,2,2,2,0,0,1,2.5,2.5,2.29225505845952,0,0,1,3,3,2.29225505845952,0,0,1,3.5,3.5,2.29225505845952,1,0,1,3.82322875682165,4,2.29225505845952,1,0,1,3.82322875682165,4.5,2.29225505845952,1,0,1,3.82322875682165,5,2.29225505845952,1,0,1,3.82322875682165,5.5,2.29225505845952,1,0,1,3.82322875682165,6,2.29225505845952,1,0,1,3.82322875682165,6.5,2.29225505845952,1,0,1,3.82322875682165,7,2.29225505845952,"equal","equal","equal","larger","larger","larger","equal","equal","equal","larger","larger","larger","equal","equal","equal","larger","larger","larger","equal","equal","equal","larger","larger","larger","equal","equal","equal","larger","larger","larger","equal","equal","equal","larger","larger","larger","equal","equal","equal","larger","larger","larger","equal","equal","equal","larger","larger","larger","equal","equal","equal","larger","larger","larger","equal","equal","equal","equal","larger","larger","equal","equal","equal","equal","larger","larger","equal","equal","equal","equal","larger","larger","equal","equal","equal","equal","larger","larger","equal","equal","equal","equal","larger","equal","equal","equal","larger","equal","larger","equal","equal","equal","equal","larger","larger","larger","equal","equal","equal","larger","larger","larger","equal","equal","equal","larger","larger","larger","equal","equal","equal","larger","larger","equal","equal","equal","equal","larger","larger","equal","equal","equal","equal","larger","larger","equal","equal","equal","larger","equal","larger","equal","equal","equal","larger","equal","larger","equal","equal","equal","larger","equal","larger","equal","equal","equal","larger","equal","larger","equal","equal","equal","larger","equal","larger","equal","equal","equal","larger","equal","larger","equal","equal","equal","larger","equal","larger","equal"
2,"PP","reliable","exp1a_s2_PP_r","P","P",0,0,0,0.894857421517372,1.9988394388929,4.23699568491429,0,0,0,1,1,1,0,0,0,1.5,1.5,1.5,0,0,0,2,2,2,0,0,0,2.5,2.5,2.5,0,0,0,3,3,3,0,0,0,3.5,3.5,3.5,0,0,0,4,4,4,0,0,0,4.5,4.5,4.5,0,0,0,5,5,5,0,0,0,5.5,5.5,5.5,0,0,0,6,6,6,0,0,0,6.5,6.5,6.5,0,0,0,7,7,7,0,0,0,5.88166106957942,1.75538268405944,3.64740405231714,0,0,0,1,1,1,0,0,0,1.5,1.5,1.5,0,0,0,2,2,2,0,0,0,2.5,2.5,2.5,0,0,0,3,3,3,0,0,0,3.5,3.5,3.5,0,0,0,4,4,3.64740405231714,0,0,0,4.5,4.5,3.64740405231714,0,0,0,5,5,3.64740405231714,0,0,0,5.5,5.5,3.64740405231714,0,0,0,6,6,3.64740405231714,0,0,0,6.5,6.5,3.64740405231714,0,0,0,7,7,3.64740405231714,"equal","equal","equal","larger","larger","larger","equal","equal","equal","larger","larger","larger","equal","equal","equal","larger","larger","larger","equal","equal","equal","larger","larger","larger","equal","equal","equal","larger","larger","larger","equal","equal","equal","larger","larger","larger","equal","equal","equal","larger","larger","larger","equal","equal","equal","larger","larger","larger","equal","equal","equal","larger","larger","larger","equal","equal","equal","larger","larger","larger","equal","equal","equal","larger","larger","larger","equal","equal","equal","larger","larger","larger","equal","equal","equal","larger","larger","larger","equal","equal","equal","larger","larger","larger","equal","equal","larger","larger","larger","larger","equal","equal","equal","larger","larger","larger","equal","equal","equal","larger","larger","larger","equal","equal","equal","larger","larger","larger","equal","equal","equal","larger","larger","larger","equal","equal","equal","larger","larger","larger","equal","equal","equal","larger","larger","larger","equal","equal","larger","larger","larger","larger","equal","equal","larger","larger","larger","larger","equal","equal","larger","larger","larger","larger","equal","equal","larger","larger","larger","larger","equal","equal","larger","larger","larger","larger","equal","equal","larger","larger","larger","larger","equal","equal","larger","larger","larger","larger"
2,"PP","unreliable","exp1a_s2_PP_u","P","P",0,0,0,0.894857421517372,1.9988394388929,4.23699568491429,0,0,0,1,1,1,0,0,0,1.5,1.5,1.5,0,0,0,2,2,2,0,0,0,2.5,2.5,2.5,0,0,0,3,3,3,0,0,0,3.5,3.5,3.5,0,0,0,4,4,4,0,0,0,4.5,4.5,4.5,1,0,0,4.71808617833903,5,5,1,0,0,4.71808617833903,5.5,5.5,1,0,0,4.71808617833903,6,6,1,0,0,4.71808617833903,6.5,6.5,1,0,0,4.71808617833903,7,7,1,0,0,3.82322875682165,1.75538268405944,3.64740405231714,0,0,0,1,1,1,0,0,0,1.5,1.5,1.5,0,0,0,2,2,2,0,0,0,2.5,2.5,2.5,0,0,0,3,3,3,0,0,0,3.5,3.5,3.5,1,0,0,3.82322875682165,4,3.64740405231714,1,0,0,3.82322875682165,4.5,3.64740405231714,1,0,0,3.82322875682165,5,3.64740405231714,1,0,0,3.82322875682165,5.5,3.64740405231714,1,0,0,3.82322875682165,6,3.64740405231714,1,0,0,3.82322875682165,6.5,3.64740405231714,1,0,0,3.82322875682165,7,3.64740405231714,"equal","equal","equal","larger","larger","larger","equal","equal","equal","larger","larger","larger","equal","equal","equal","larger","larger","larger","equal","equal","equal","larger","larger","larger","equal","equal","equal","larger","larger","larger","equal","equal","equal","larger","larger","larger","equal","equal","equal","larger","larger","larger","equal","equal","equal","larger","larger","larger","equal","equal","equal","larger","larger","larger","equal","equal","equal","equal","larger","larger","equal","equal","equal","equal","larger","larger","equal","equal","equal","equal","larger","larger","equal","equal","equal","equal","larger","larger","equal","equal","equal","equal","larger","larger","equal","equal","larger","equal","larger","larger","equal","equal","equal","larger","larger","larger","equal","equal","equal","larger","larger","larger","equal","equal","equal","larger","larger","larger","equal","equal","equal","larger","larger","larger","equal","equal","equal","larger","larger","larger","equal","equal","equal","larger","larger","larger","equal","equal","larger","equal","larger","larger","equal","equal","larger","equal","larger","larger","equal","equal","larger","equal","larger","larger","equal","equal","larger","equal","larger","larger","equal","equal","larger","equal","larger","larger","equal","equal","larger","equal","larger","larger","equal","equal","larger","equal","larger","larger"
3,"GG","reliable","exp1a_s3_GG_r","G","G",2,1,0,1.28924748904775,1.54641363546704,0.913446682039648,0,0,0,1,1,1,1,0,0,1.28924748904775,1.5,1.5,1,1,1,1.28924748904775,1.54641363546704,1.75996357947368,2,1,1,1.28924748904775,1.54641363546704,1.75996357947368,2,1,1,1.28924748904775,1.54641363546704,1.75996357947368,2,1,1,1.28924748904775,1.54641363546704,1.75996357947368,2,2,1,1.28924748904775,1.54641363546704,1.75996357947368,2,2,1,1.28924748904775,1.54641363546704,1.75996357947368,2,3,1,1.28924748904775,1.54641363546704,1.75996357947368,2,3,1,1.28924748904775,1.54641363546704,1.75996357947368,3,3,1,1.28924748904775,1.54641363546704,1.75996357947368,3,3,1,1.28924748904775,1.54641363546704,1.75996357947368,3,3,1,1.28924748904775,1.54641363546704,1.75996357947368,2,2,1,1.40810464803565,0.952103972592667,0.846516897434036,0,1,1,1,0.952103972592667,0.846516897434036,1,1,1,1.40810464803565,0.952103972592667,0.846516897434036,1,2,1,1.40810464803565,0.952103972592667,0.846516897434036,2,2,1,1.40810464803565,0.952103972592667,0.846516897434036,2,2,1,1.40810464803565,0.952103972592667,0.846516897434036,2,2,1,1.40810464803565,0.952103972592667,0.846516897434036,2,2,1,1.40810464803565,0.952103972592667,0.846516897434036,2,2,1,1.40810464803565,0.952103972592667,0.846516897434036,2,3,1,1.40810464803565,0.952103972592667,0.846516897434036,2,3,1,1.40810464803565,0.952103972592667,0.846516897434036,3,3,1,1.40810464803565,0.952103972592667,0.846516897434036,3,3,1,1.40810464803565,0.952103972592667,0.846516897434036,4,3,1,1.40810464803565,0.952103972592667,0.846516897434036,"equal","equal","equal","equal","equal","larger","equal","equal","equal","larger","larger","larger","equal","equal","equal","equal","larger","larger","equal","equal","equal","equal","equal","equal","equal","equal","equal","equal","equal","equal","equal","equal","larger","equal","equal","equal","equal","equal","larger","equal","equal","equal","equal","equal","larger","equal","equal","equal","equal","equal","larger","equal","equal","equal","equal","equal","larger","equal","equal","equal","equal","equal","larger","equal","equal","equal","equal","equal","larger","equal","equal","equal","equal","equal","larger","equal","equal","equal","equal","equal","larger","equal","equal","equal","equal","equal","larger","equal","equal","equal","equal","equal","equal","larger","equal","equal","equal","equal","equal","equal","equal","equal","equal","equal","larger","equal","equal","equal","equal","equal","larger","equal","equal","equal","equal","equal","larger","equal","equal","equal","equal","equal","larger","equal","equal","equal","equal","equal","larger","equal","equal","equal","equal","equal","larger","equal","equal","equal","equal","equal","larger","equal","equal","equal","equal","larger","larger","equal","equal","equal","equal","larger","larger","equal","equal","equal","equal","larger","larger","equal","equal","equal","equal","larger","larger","equal","equal","equal"
3,"GG","unreliable","exp1a_s3_GG_u","G","G",1,2,0,1.28924748904775,0.514036139825515,0.913446682039648,0,1,0,1,0.514036139825515,1,1,1,0,1.28924748904775,0.514036139825515,1.5,1,2,1,1.28924748904775,0.514036139825515,1.75996357947368,1,2,1,1.28924748904775,0.514036139825515,1.75996357947368,1,2,1,1.28924748904775,0.514036139825515,1.75996357947368,1,2,1,1.28924748904775,0.514036139825515,1.75996357947368,1,2,1,1.28924748904775,0.514036139825515,1.75996357947368,1,2,1,1.28924748904775,0.514036139825515,1.75996357947368,2,3,1,1.28924748904775,0.514036139825515,1.75996357947368,2,3,1,1.28924748904775,0.514036139825515,1.75996357947368,3,3,1,1.28924748904775,0.514036139825515,1.75996357947368,3,3,1,1.28924748904775,0.514036139825515,1.75996357947368,3,4,1,1.28924748904775,0.514036139825515,1.75996357947368,2,2,1,2.25044397558137,1.59229270461954,0.846516897434036,0,0,1,1,1,0.846516897434036,0,0,1,1.5,1.5,0.846516897434036,0,1,1,2,1.59229270461954,0.846516897434036,1,2,1,2.25044397558137,1.59229270461954,0.846516897434036,1,2,1,2.25044397558137,1.59229270461954,0.846516897434036,1,2,1,2.25044397558137,1.59229270461954,0.846516897434036,1,2,1,2.25044397558137,1.59229270461954,0.846516897434036,2,2,1,2.25044397558137,1.59229270461954,0.846516897434036,2,3,1,2.25044397558137,1.59229270461954,0.846516897434036,2,3,1,2.25044397558137,1.59229270461954,0.846516897434036,2,3,1,2.25044397558137,1.59229270461954,0.846516897434036,2,3,1,2.25044397558137,1.59229270461954,0.846516897434036,3,3,1,2.25044397558137,1.59229270461954,0.846516897434036,"equal","equal","equal","equal","equal","larger","equal","equal","equal","larger","equal","larger","equal","equal","equal","equal","equal","larger","equal","equal","equal","equal","equal","equal","equal","equal","equal","equal","equal","equal","equal","equal","larger","equal","equal","equal","equal","equal","larger","equal","equal","equal","equal","equal","larger","equal","equal","equal","equal","equal","larger","equal","equal","equal","equal","equal","larger","equal","equal","equal","equal","equal","larger","equal","equal","equal","equal","equal","larger","equal","equal","equal","equal","equal","larger","equal","equal","equal","equal","equal","larger","equal","equal","equal","equal","equal","larger","equal","equal","equal","equal","equal","equal","larger","larger","equal","equal","equal","equal","larger","larger","equal","equal","equal","larger","larger","equal","equal","equal","equal","larger","equal","equal","equal","equal","equal","larger","equal","equal","equal","equal","equal","larger","equal","equal","equal","equal","equal","larger","equal","equal","equal","equal","equal","larger","equal","equal","equal","equal","equal","larger","equal","equal","equal","equal","larger","larger","equal","equal","equal","equal","larger","larger","equal","equal","equal","equal","larger","larger","equal","equal","equal","equal","larger","larger","equal","equal","equal"
3,"GN","reliable","exp1a_s3_GN_r","G","N",2,1,0,1.28924748904775,1.54641363546704,0.913446682039648,0,0,0,1,1,1,1,0,0,1.28924748904775,1.5,1.5,1,1,1,1.28924748904775,1.54641363546704,1.75996357947368,2,1,1,1.28924748904775,1.54641363546704,1.75996357947368,2,1,1,1.28924748904775,1.54641363546704,1.75996357947368,2,1,1,1.28924748904775,1.54641363546704,1.75996357947368,2,2,1,1.28924748904775,1.54641363546704,1.75996357947368,2,2,1,1.28924748904775,1.54641363546704,1.75996357947368,2,2,1,1.28924748904775,1.54641363546704,1.75996357947368,2,2,1,1.28924748904775,1.54641363546704,1.75996357947368,3,2,1,1.28924748904775,1.54641363546704,1.75996357947368,3,2,1,1.28924748904775,1.54641363546704,1.75996357947368,3,2,1,1.28924748904775,1.54641363546704,1.75996357947368,1,1,1,1.40810464803565,0.952103972592667,0.846516897434036,0,1,1,1,0.952103972592667,0.846516897434036,1,1,1,1.40810464803565,0.952103972592667,0.846516897434036,1,1,1,1.40810464803565,0.952103972592667,0.846516897434036,1,1,1,1.40810464803565,0.952103972592667,0.846516897434036,1,1,1,1.40810464803565,0.952103972592667,0.846516897434036,1,1,1,1.40810464803565,0.952103972592667,0.846516897434036,1,1,1,1.40810464803565,0.952103972592667,0.846516897434036,1,1,1,1.40810464803565,0.952103972592667,0.846516897434036,1,2,1,1.40810464803565,0.952103972592667,0.846516897434036,1,2,1,1.40810464803565,0.952103972592667,0.846516897434036,2,2,1,1.40810464803565,0.952103972592667,0.846516897434036,2,2,1,1.40810464803565,0.952103972592667,0.846516897434036,2,2,1,1.40810464803565,0.952103972592667,0.846516897434036,"equal","equal","equal","equal","equal","larger","equal","equal","equal","larger","larger","larger","equal","equal","equal","equal","larger","larger","equal","equal","equal","equal","equal","equal","equal","equal","equal","equal","equal","equal","equal","equal","larger","equal","equal","equal","equal","equal","larger","equal","equal","equal","equal","equal","larger","equal","equal","equal","equal","equal","larger","equal","equal","equal","equal","equal","larger","equal","equal","equal","equal","equal","larger","equal","equal","equal","equal","equal","larger","equal","equal","equal","equal","equal","larger","equal","equal","equal","equal","equal","larger","equal","equal","equal","equal","equal","larger","equal","equal","equal","equal","equal","equal","larger","equal","equal","equal","equal","equal","equal","equal","equal","equal","equal","larger","equal","equal","equal","equal","equal","larger","equal","equal","equal","equal","equal","larger","equal","equal","equal","equal","equal","larger","equal","equal","equal","equal","equal","larger","equal","equal","equal","equal","equal","larger","equal","equal","equal","equal","equal","larger","equal","equal","equal","equal","larger","larger","equal","equal","equal","equal","larger","larger","equal","equal","equal","equal","larger","larger","equal","equal","equal","equal","larger","larger","equal","equal","equal"
3,"GN","unreliable","exp1a_s3_GN_u","G","N",1,2,0,1.28924748904775,0.514036139825515,0.913446682039648,0,1,0,1,0.514036139825515,1,1,1,0,1.28924748904775,0.514036139825515,1.5,1,2,1,1.28924748904775,0.514036139825515,1.75996357947368,1,2,1,1.28924748904775,0.514036139825515,1.75996357947368,1,2,1,1.28924748904775,0.514036139825515,1.75996357947368,1,2,1,1.28924748904775,0.514036139825515,1.75996357947368,1,2,1,1.28924748904775,0.514036139825515,1.75996357947368,1,2,1,1.28924748904775,0.514036139825515,1.75996357947368,2,2,1,1.28924748904775,0.514036139825515,1.75996357947368,2,2,1,1.28924748904775,0.514036139825515,1.75996357947368,3,2,1,1.28924748904775,0.514036139825515,1.75996357947368,3,2,1,1.28924748904775,0.514036139825515,1.75996357947368,3,3,1,1.28924748904775,0.514036139825515,1.75996357947368,1,1,1,4.22898573039559,2.38509396688159,0.846516897434036,0,0,1,1,1,0.846516897434036,0,0,1,1.5,1.5,0.846516897434036,0,0,1,2,2,0.846516897434036,0,1,1,2.5,2.38509396688159,0.846516897434036,0,1,1,3,2.38509396688159,0.846516897434036,0,1,1,3.5,2.38509396688159,0.846516897434036,0,1,1,4,2.38509396688159,0.846516897434036,1,1,1,4.22898573039559,2.38509396688159,0.846516897434036,1,2,1,4.22898573039559,2.38509396688159,0.846516897434036,1,2,1,4.22898573039559,2.38509396688159,0.846516897434036,1,2,1,4.22898573039559,2.38509396688159,0.846516897434036,1,2,1,4.22898573039559,2.38509396688159,0.846516897434036,1,2,1,4.22898573039559,2.38509396688159,0.846516897434036,"equal","equal","equal","equal","equal","larger","equal","equal","equal","larger","equal","larger","equal","equal","equal","equal","equal","larger","equal","equal","equal","equal","equal","equal","equal","equal","equal","equal","equal","equal","equal","equal","larger","equal","equal","equal","equal","equal","larger","equal","equal","equal","equal","equal","larger","equal","equal","equal","equal","equal","larger","equal","equal","equal","equal","equal","larger","equal","equal","equal","equal","equal","larger","equal","equal","equal","equal","equal","larger","equal","equal","equal","equal","equal","larger","equal","equal","equal","equal","equal","larger","equal","equal","equal","equal","equal","larger","equal","equal","equal","equal","equal","equal","larger","larger","equal","equal","equal","equal","larger","larger","equal","equal","equal","larger","larger","larger","equal","equal","equal","larger","larger","equal","equal","equal","equal","larger","larger","equal","equal","equal","equal","larger","larger","equal","equal","equal","equal","larger","larger","equal","equal","equal","equal","larger","equal","equal","equal","equal","equal","larger","equal","equal","equal","equal","larger","larger","equal","equal","equal","equal","larger","larger","equal","equal","equal","equal","larger","larger","equal","equal","equal","equal","larger","larger","equal","equal","equal"
3,"GP","reliable","exp1a_s3_GP_r","G","P",2,1,0,1.28924748904775,1.54641363546704,0.913446682039648,0,0,0,1,1,1,1,0,0,1.28924748904775,1.5,1.5,1,1,0,1.28924748904775,1.54641363546704,2,2,1,0,1.28924748904775,1.54641363546704,2.5,2,1,0,1.28924748904775,1.54641363546704,2.54923128825612,2,1,0,1.28924748904775,1.54641363546704,2.54923128825612,2,1,0,1.28924748904775,1.54641363546704,2.54923128825612,2,1,0,1.28924748904775,1.54641363546704,2.54923128825612,2,1,0,1.28924748904775,1.54641363546704,2.54923128825612,2,1,0,1.28924748904775,1.54641363546704,2.54923128825612,3,1,0,1.28924748904775,1.54641363546704,2.54923128825612,3,1,0,1.28924748904775,1.54641363546704,2.54923128825612,3,1,0,1.28924748904775,1.54641363546704,2.54923128825612,0,0,0,4.95598291745409,2.89973305608146,1.63578460621648,0,0,0,1,1,1,0,0,0,1.5,1.5,1.5,0,0,0,2,2,1.63578460621648,0,0,0,2.5,2.5,1.63578460621648,0,0,0,3,3,1.63578460621648,0,0,0,3.5,3.5,1.63578460621648,0,0,0,4,4,1.63578460621648,0,0,0,4.5,4.5,1.63578460621648,0,0,0,5,5,1.63578460621648,0,0,0,5.5,5.44896434433758,1.63578460621648,0,0,0,6,5.44896434433758,1.63578460621648,0,0,0,6.5,5.44896434433758,1.63578460621648,0,0,0,7,5.44896434433758,1.63578460621648,"equal","equal","equal","equal","equal","larger","equal","equal","equal","larger","larger","larger","equal","equal","equal","equal","larger","larger","equal","equal","equal","equal","equal","larger","equal","equal","equal","equal","equal","larger","equal","equal","larger","equal","equal","larger","equal","equal","larger","equal","equal","larger","equal","equal","larger","equal","equal","larger","equal","equal","larger","equal","equal","larger","equal","equal","larger","equal","equal","larger","equal","equal","larger","equal","equal","larger","equal","equal","larger","equal","equal","larger","equal","equal","larger","equal","equal","larger","equal","equal","larger","equal","equal","larger","equal","equal","larger","larger","larger","larger","equal","equal","equal","larger","larger","larger","equal","equal","equal","larger","larger","larger","equal","equal","larger","larger","larger","larger","equal","equal","larger","larger","larger","larger","equal","equal","larger","larger","larger","larger","equal","equal","larger","larger","larger","larger","equal","equal","larger","larger","larger","larger","equal","equal","larger","larger","larger","larger","equal","equal","larger","larger","larger","larger","equal","larger","larger","larger","larger","larger","equal","larger","larger","larger","larger","larger","equal","larger","larger","larger","larger","larger","equal","larger","larger","larger","larger","larger"
3,"GP","unreliable","exp1a_s3_GP_u","G","P",1,2,0,1.28924748904775,0.514036139825515,0.913446682039648,0,1,0,1,0.514036139825515,1,1,1,0,1.28924748904775,0.514036139825515,1.5,1,2,0,1.28924748904775,0.514036139825515,2,1,2,0,1.28924748904775,0.514036139825515,2.5,1,2,0,1.28924748904775,0.514036139825515,2.54923128825612,1,2,0,1.28924748904775,0.514036139825515,2.54923128825612,1,2,0,1.28924748904775,0.514036139825515,2.54923128825612,1,2,0,1.28924748904775,0.514036139825515,2.54923128825612,2,2,0,1.28924748904775,0.514036139825515,2.54923128825612,2,2,0,1.28924748904775,0.514036139825515,2.54923128825612,3,2,0,1.28924748904775,0.514036139825515,2.54923128825612,3,2,0,1.28924748904775,0.514036139825515,2.54923128825612,3,3,0,1.28924748904775,0.514036139825515,2.54923128825612,1,0,0,4.22898573039559,2.89973305608146,1.63578460621648,0,0,0,1,1,1,0,0,0,1.5,1.5,1.5,0,0,0,2,2,1.63578460621648,0,0,0,2.5,2.5,1.63578460621648,0,0,0,3,3,1.63578460621648,0,0,0,3.5,3.5,1.63578460621648,0,0,0,4,4,1.63578460621648,1,0,0,4.22898573039559,4.5,1.63578460621648,1,0,0,4.22898573039559,5,1.63578460621648,1,0,0,4.22898573039559,5.44896434433758,1.63578460621648,1,0,0,4.22898573039559,5.44896434433758,1.63578460621648,1,0,0,4.22898573039559,5.44896434433758,1.63578460621648,1,0,0,4.22898573039559,5.44896434433758,1.63578460621648,"equal","equal","equal","equal","equal","larger","equal","equal","equal","larger","equal","larger","equal","equal","equal","equal","equal","larger","equal","equal","equal","equal","equal","larger","equal","equal","equal","equal","equal","larger","equal","equal","larger","equal","equal","larger","equal","equal","larger","equal","equal","larger","equal","equal","larger","equal","equal","larger","equal","equal","larger","equal","equal","larger","equal","equal","larger","equal","equal","larger","equal","equal","larger","equal","equal","larger","equal","equal","larger","equal","equal","larger","equal","equal","larger","equal","equal","larger","equal","equal","larger","equal","equal","larger","equal","equal","larger","equal","larger","larger","equal","equal","equal","larger","larger","larger","equal","equal","equal","larger","larger","larger","equal","equal","larger","larger","larger","larger","equal","equal","larger","larger","larger","larger","equal","equal","larger","larger","larger","larger","equal","equal","larger","larger","larger","larger","equal","equal","larger","larger","larger","larger","equal","equal","larger","equal","larger","larger","equal","equal","larger","equal","larger","larger","equal","larger","larger","equal","larger","larger","equal","larger","larger","equal","larger","larger","equal","larger","larger","equal","larger","larger","equal","larger","larger","equal","larger","larger"
3,"NG","reliable","exp1a_s3_NG_r","N","G",1,0,0,2.16775301925408,2.31614739028737,0.913446682039648,0,0,0,1,1,1,0,0,0,1.5,1.5,1.5,0,0,0,2,2,2,1,0,0,2.16775301925408,2.5,2.5,1,0,0,2.16775301925408,3,2.54923128825612,1,0,0,2.16775301925408,3.5,2.54923128825612,1,1,0,2.16775301925408,3.72425203832302,2.54923128825612,1,1,0,2.16775301925408,3.72425203832302,2.54923128825612,1,2,0,2.16775301925408,3.72425203832302,2.54923128825612,1,2,0,2.16775301925408,3.72425203832302,2.54923128825612,1,2,0,2.16775301925408,3.72425203832302,2.54923128825612,1,2,0,2.16775301925408,3.72425203832302,2.54923128825612,1,2,0,2.16775301925408,3.72425203832302,2.54923128825612,2,2,0,1.40810464803565,0.952103972592667,1.63578460621648,0,1,0,1,0.952103972592667,1,1,1,0,1.40810464803565,0.952103972592667,1.5,1,2,0,1.40810464803565,0.952103972592667,1.63578460621648,2,2,0,1.40810464803565,0.952103972592667,1.63578460621648,2,2,0,1.40810464803565,0.952103972592667,1.63578460621648,2,2,0,1.40810464803565,0.952103972592667,1.63578460621648,2,2,0,1.40810464803565,0.952103972592667,1.63578460621648,2,2,0,1.40810464803565,0.952103972592667,1.63578460621648,2,2,0,1.40810464803565,0.952103972592667,1.63578460621648,2,2,0,1.40810464803565,0.952103972592667,1.63578460621648,3,2,0,1.40810464803565,0.952103972592667,1.63578460621648,3,2,0,1.40810464803565,0.952103972592667,1.63578460621648,4,2,0,1.40810464803565,0.952103972592667,1.63578460621648,"equal","equal","equal","equal","larger","larger","equal","equal","equal","larger","larger","larger","equal","equal","equal","larger","larger","larger","equal","equal","equal","larger","larger","larger","equal","equal","equal","equal","larger","larger","equal","equal","larger","equal","larger","larger","equal","equal","larger","equal","larger","larger","equal","equal","larger","equal","equal","larger","equal","equal","larger","equal","equal","larger","equal","equal","larger","equal","equal","larger","equal","equal","larger","equal","equal","larger","equal","equal","larger","equal","equal","larger","equal","equal","larger","equal","equal","larger","equal","equal","larger","equal","equal","larger","equal","equal","larger","equal","equal","larger","equal","equal","equal","larger","equal","larger","equal","equal","equal","equal","equal","larger","equal","equal","larger","equal","equal","larger","equal","equal","larger","equal","equal","larger","equal","equal","larger","equal","equal","larger","equal","equal","larger","equal","equal","larger","equal","equal","larger","equal","equal","larger","equal","equal","larger","equal","equal","larger","equal","equal","larger","equal","equal","larger","equal","larger","larger","equal","equal","larger","equal","larger","larger","equal","equal","larger","equal","larger","larger","equal","equal","larger","equal","larger","larger","equal","equal","larger"
3,"NG","unreliable","exp1a_s3_NG_u","N","G",0,1,0,4.40763475187123,0.514036139825515,0.913446682039648,0,1,0,1,0.514036139825515,1,0,1,0,1.5,0.514036139825515,1.5,0,1,0,2,0.514036139825515,2,0,1,0,2.5,0.514036139825515,2.5,0,1,0,3,0.514036139825515,2.54923128825612,0,1,0,3.5,0.514036139825515,2.54923128825612,0,1,0,4,0.514036139825515,2.54923128825612,0,1,0,4.5,0.514036139825515,2.54923128825612,1,2,0,4.92167089169674,0.514036139825515,2.54923128825612,1,2,0,4.92167089169674,0.514036139825515,2.54923128825612,1,2,0,4.92167089169674,0.514036139825515,2.54923128825612,1,2,0,4.92167089169674,0.514036139825515,2.54923128825612,1,3,0,4.92167089169674,0.514036139825515,2.54923128825612,2,2,0,2.25044397558137,1.59229270461954,1.63578460621648,0,0,0,1,1,1,0,0,0,1.5,1.5,1.5,0,1,0,2,1.59229270461954,1.63578460621648,1,2,0,2.25044397558137,1.59229270461954,1.63578460621648,1,2,0,2.25044397558137,1.59229270461954,1.63578460621648,1,2,0,2.25044397558137,1.59229270461954,1.63578460621648,1,2,0,2.25044397558137,1.59229270461954,1.63578460621648,2,2,0,2.25044397558137,1.59229270461954,1.63578460621648,2,2,0,2.25044397558137,1.59229270461954,1.63578460621648,2,2,0,2.25044397558137,1.59229270461954,1.63578460621648,2,2,0,2.25044397558137,1.59229270461954,1.63578460621648,2,2,0,2.25044397558137,1.59229270461954,1.63578460621648,3,2,0,2.25044397558137,1.59229270461954,1.63578460621648,"equal","equal","equal","larger","equal","larger","equal","equal","equal","larger","equal","larger","equal","equal","equal","larger","equal","larger","equal","equal","equal","larger","equal","larger","equal","equal","equal","larger","equal","larger","equal","equal","larger","larger","equal","larger","equal","equal","larger","larger","equal","larger","equal","equal","larger","larger","equal","larger","equal","equal","larger","larger","equal","larger","equal","equal","larger","equal","equal","larger","equal","equal","larger","equal","equal","larger","equal","equal","larger","equal","equal","larger","equal","equal","larger","equal","equal","larger","equal","equal","larger","equal","equal","larger","equal","equal","larger","equal","equal","larger","equal","equal","equal","larger","larger","larger","equal","equal","equal","larger","larger","larger","equal","equal","larger","larger","equal","larger","equal","equal","larger","equal","equal","larger","equal","equal","larger","equal","equal","larger","equal","equal","larger","equal","equal","larger","equal","equal","larger","equal","equal","larger","equal","equal","larger","equal","equal","larger","equal","equal","larger","equal","equal","larger","equal","larger","larger","equal","equal","larger","equal","larger","larger","equal","equal","larger","equal","larger","larger","equal","equal","larger","equal","larger","larger","equal","equal","larger"
3,"NN","reliable","exp1a_s3_NN_r","N","N",1,0,0,2.16775301925408,2.31614739028737,0.913446682039648,0,0,0,1,1,1,0,0,0,1.5,1.5,1.5,0,0,0,2,2,2,1,0,0,2.16775301925408,2.5,2.5,1,0,0,2.16775301925408,3,2.54923128825612,1,0,0,2.16775301925408,3.5,2.54923128825612,1,1,0,2.16775301925408,3.72425203832302,2.54923128825612,1,1,0,2.16775301925408,3.72425203832302,2.54923128825612,1,1,0,2.16775301925408,3.72425203832302,2.54923128825612,1,1,0,2.16775301925408,3.72425203832302,2.54923128825612,1,1,0,2.16775301925408,3.72425203832302,2.54923128825612,1,1,0,2.16775301925408,3.72425203832302,2.54923128825612,1,1,0,2.16775301925408,3.72425203832302,2.54923128825612,1,1,0,1.40810464803565,0.952103972592667,1.63578460621648,0,1,0,1,0.952103972592667,1,1,1,0,1.40810464803565,0.952103972592667,1.5,1,1,0,1.40810464803565,0.952103972592667,1.63578460621648,1,1,0,1.40810464803565,0.952103972592667,1.63578460621648,1,1,0,1.40810464803565,0.952103972592667,1.63578460621648,1,1,0,1.40810464803565,0.952103972592667,1.63578460621648,1,1,0,1.40810464803565,0.952103972592667,1.63578460621648,1,1,0,1.40810464803565,0.952103972592667,1.63578460621648,1,1,0,1.40810464803565,0.952103972592667,1.63578460621648,1,1,0,1.40810464803565,0.952103972592667,1.63578460621648,2,1,0,1.40810464803565,0.952103972592667,1.63578460621648,2,1,0,1.40810464803565,0.952103972592667,1.63578460621648,2,1,0,1.40810464803565,0.952103972592667,1.63578460621648,"equal","equal","equal","equal","larger","larger","equal","equal","equal","larger","larger","larger","equal","equal","equal","larger","larger","larger","equal","equal","equal","larger","larger","larger","equal","equal","equal","equal","larger","larger","equal","equal","larger","equal","larger","larger","equal","equal","larger","equal","larger","larger","equal","equal","larger","equal","equal","larger","equal","equal","larger","equal","equal","larger","equal","equal","larger","equal","equal","larger","equal","equal","larger","equal","equal","larger","equal","equal","larger","equal","equal","larger","equal","equal","larger","equal","equal","larger","equal","equal","larger","equal","equal","larger","equal","equal","larger","equal","equal","larger","equal","equal","equal","larger","equal","larger","equal","equal","equal","equal","equal","larger","equal","equal","larger","equal","equal","larger","equal","equal","larger","equal","equal","larger","equal","equal","larger","equal","equal","larger","equal","equal","larger","equal","equal","larger","equal","equal","larger","equal","equal","larger","equal","equal","larger","equal","equal","larger","equal","equal","larger","equal","equal","larger","equal","larger","larger","equal","equal","larger","equal","larger","larger","equal","equal","larger","equal","larger","larger","equal","equal","larger","equal","larger","larger","equal","equal","larger"
3,"NN","unreliable","exp1a_s3_NN_u","N","N",0,1,0,4.40763475187123,0.514036139825515,0.913446682039648,0,1,0,1,0.514036139825515,1,0,1,0,1.5,0.514036139825515,1.5,0,1,0,2,0.514036139825515,2,0,1,0,2.5,0.514036139825515,2.5,0,1,0,3,0.514036139825515,2.54923128825612,0,1,0,3.5,0.514036139825515,2.54923128825612,0,1,0,4,0.514036139825515,2.54923128825612,0,1,0,4.5,0.514036139825515,2.54923128825612,1,1,0,4.92167089169674,0.514036139825515,2.54923128825612,1,1,0,4.92167089169674,0.514036139825515,2.54923128825612,1,1,0,4.92167089169674,0.514036139825515,2.54923128825612,1,1,0,4.92167089169674,0.514036139825515,2.54923128825612,1,2,0,4.92167089169674,0.514036139825515,2.54923128825612,1,1,0,4.22898573039559,2.38509396688159,1.63578460621648,0,0,0,1,1,1,0,0,0,1.5,1.5,1.5,0,0,0,2,2,1.63578460621648,0,1,0,2.5,2.38509396688159,1.63578460621648,0,1,0,3,2.38509396688159,1.63578460621648,0,1,0,3.5,2.38509396688159,1.63578460621648,0,1,0,4,2.38509396688159,1.63578460621648,1,1,0,4.22898573039559,2.38509396688159,1.63578460621648,1,1,0,4.22898573039559,2.38509396688159,1.63578460621648,1,1,0,4.22898573039559,2.38509396688159,1.63578460621648,1,1,0,4.22898573039559,2.38509396688159,1.63578460621648,1,1,0,4.22898573039559,2.38509396688159,1.63578460621648,1,1,0,4.22898573039559,2.38509396688159,1.63578460621648,"equal","equal","equal","larger","equal","larger","equal","equal","equal","larger","equal","larger","equal","equal","equal","larger","equal","larger","equal","equal","equal","larger","equal","larger","equal","equal","equal","larger","equal","larger","equal","equal","larger","larger","equal","larger","equal","equal","larger","larger","equal","larger","equal","equal","larger","larger","equal","larger","equal","equal","larger","larger","equal","larger","equal","equal","larger","equal","equal","larger","equal","equal","larger","equal","equal","larger","equal","equal","larger","equal","equal","larger","equal","equal","larger","equal","equal","larger","equal","equal","larger","equal","equal","larger","equal","equal","larger","equal","equal","larger","equal","equal","equal","larger","larger","larger","equal","equal","equal","larger","larger","larger","equal","equal","larger","larger","larger","larger","equal","equal","larger","larger","equal","larger","equal","equal","larger","larger","equal","larger","equal","equal","larger","larger","equal","larger","equal","equal","larger","larger","equal","larger","equal","equal","larger","equal","equal","larger","equal","equal","larger","equal","equal","larger","equal","larger","larger","equal","equal","larger","equal","larger","larger","equal","equal","larger","equal","larger","larger","equal","equal","larger","equal","larger","larger","equal","equal","larger"
3,"NP","reliable","exp1a_s3_NP_r","N","P",1,0,0,2.16775301925408,2.31614739028737,0.913446682039648,0,0,0,1,1,1,0,0,0,1.5,1.5,1.5,0,0,0,2,2,2,1,0,0,2.16775301925408,2.5,2.5,1,0,0,2.16775301925408,3,2.54923128825612,1,0,0,2.16775301925408,3.5,2.54923128825612,1,0,0,2.16775301925408,4,2.54923128825612,1,0,0,2.16775301925408,4.5,2.54923128825612,1,0,0,2.16775301925408,5,2.54923128825612,1,0,0,2.16775301925408,5.5,2.54923128825612,1,0,0,2.16775301925408,6,2.54923128825612,1,0,0,2.16775301925408,6.5,2.54923128825612,1,0,0,2.16775301925408,7,2.54923128825612,0,0,0,4.95598291745409,2.89973305608146,1.63578460621648,0,0,0,1,1,1,0,0,0,1.5,1.5,1.5,0,0,0,2,2,1.63578460621648,0,0,0,2.5,2.5,1.63578460621648,0,0,0,3,3,1.63578460621648,0,0,0,3.5,3.5,1.63578460621648,0,0,0,4,4,1.63578460621648,0,0,0,4.5,4.5,1.63578460621648,0,0,0,5,5,1.63578460621648,0,0,0,5.5,5.44896434433758,1.63578460621648,0,0,0,6,5.44896434433758,1.63578460621648,0,0,0,6.5,5.44896434433758,1.63578460621648,0,0,0,7,5.44896434433758,1.63578460621648,"equal","equal","equal","equal","larger","larger","equal","equal","equal","larger","larger","larger","equal","equal","equal","larger","larger","larger","equal","equal","equal","larger","larger","larger","equal","equal","equal","equal","larger","larger","equal","equal","larger","equal","larger","larger","equal","equal","larger","equal","larger","larger","equal","equal","larger","equal","larger","larger","equal","equal","larger","equal","larger","larger","equal","equal","larger","equal","larger","larger","equal","equal","larger","equal","larger","larger","equal","equal","larger","equal","larger","larger","equal","equal","larger","equal","larger","larger","equal","equal","larger","equal","larger","larger","equal","equal","larger","larger","larger","larger","equal","equal","equal","larger","larger","larger","equal","equal","equal","larger","larger","larger","equal","equal","larger","larger","larger","larger","equal","equal","larger","larger","larger","larger","equal","equal","larger","larger","larger","larger","equal","equal","larger","larger","larger","larger","equal","equal","larger","larger","larger","larger","equal","equal","larger","larger","larger","larger","equal","equal","larger","larger","larger","larger","equal","larger","larger","larger","larger","larger","equal","larger","larger","larger","larger","larger","equal","larger","larger","larger","larger","larger","equal","larger","larger","larger","larger","larger"
3,"NP","unreliable","exp1a_s3_NP_u","N","P",0,1,0,4.40763475187123,0.514036139825515,0.913446682039648,0,1,0,1,0.514036139825515,1,0,1,0,1.5,0.514036139825515,1.5,0,1,0,2,0.514036139825515,2,0,1,0,2.5,0.514036139825515,2.5,0,1,0,3,0.514036139825515,2.54923128825612,0,1,0,3.5,0.514036139825515,2.54923128825612,0,1,0,4,0.514036139825515,2.54923128825612,0,1,0,4.5,0.514036139825515,2.54923128825612,1,1,0,4.92167089169674,0.514036139825515,2.54923128825612,1,1,0,4.92167089169674,0.514036139825515,2.54923128825612,1,1,0,4.92167089169674,0.514036139825515,2.54923128825612,1,1,0,4.92167089169674,0.514036139825515,2.54923128825612,1,2,0,4.92167089169674,0.514036139825515,2.54923128825612,1,0,0,4.22898573039559,2.89973305608146,1.63578460621648,0,0,0,1,1,1,0,0,0,1.5,1.5,1.5,0,0,0,2,2,1.63578460621648,0,0,0,2.5,2.5,1.63578460621648,0,0,0,3,3,1.63578460621648,0,0,0,3.5,3.5,1.63578460621648,0,0,0,4,4,1.63578460621648,1,0,0,4.22898573039559,4.5,1.63578460621648,1,0,0,4.22898573039559,5,1.63578460621648,1,0,0,4.22898573039559,5.44896434433758,1.63578460621648,1,0,0,4.22898573039559,5.44896434433758,1.63578460621648,1,0,0,4.22898573039559,5.44896434433758,1.63578460621648,1,0,0,4.22898573039559,5.44896434433758,1.63578460621648,"equal","equal","equal","larger","equal","larger","equal","equal","equal","larger","equal","larger","equal","equal","equal","larger","equal","larger","equal","equal","equal","larger","equal","larger","equal","equal","equal","larger","equal","larger","equal","equal","larger","larger","equal","larger","equal","equal","larger","larger","equal","larger","equal","equal","larger","larger","equal","larger","equal","equal","larger","larger","equal","larger","equal","equal","larger","equal","equal","larger","equal","equal","larger","equal","equal","larger","equal","equal","larger","equal","equal","larger","equal","equal","larger","equal","equal","larger","equal","equal","larger","equal","equal","larger","equal","equal","larger","equal","larger","larger","equal","equal","equal","larger","larger","larger","equal","equal","equal","larger","larger","larger","equal","equal","larger","larger","larger","larger","equal","equal","larger","larger","larger","larger","equal","equal","larger","larger","larger","larger","equal","equal","larger","larger","larger","larger","equal","equal","larger","larger","larger","larger","equal","equal","larger","equal","larger","larger","equal","equal","larger","equal","larger","larger","equal","larger","larger","equal","larger","larger","equal","larger","larger","equal","larger","larger","equal","larger","larger","equal","larger","larger","equal","larger","larger","equal","larger","larger"
3,"PG","reliable","exp1a_s3_PG_r","P","G",0,0,0,4.40763475187123,2.31614739028737,0.913446682039648,0,0,0,1,1,1,0,0,0,1.5,1.5,1.5,0,0,0,2,2,2,0,0,0,2.5,2.5,2.5,0,0,0,3,3,2.54923128825612,0,0,0,3.5,3.5,2.54923128825612,0,1,0,4,3.72425203832302,2.54923128825612,0,1,0,4.5,3.72425203832302,2.54923128825612,0,2,0,5,3.72425203832302,2.54923128825612,0,2,0,5.5,3.72425203832302,2.54923128825612,0,2,0,6,3.72425203832302,2.54923128825612,0,2,0,6.5,3.72425203832302,2.54923128825612,0,2,0,7,3.72425203832302,2.54923128825612,2,2,0,1.40810464803565,0.952103972592667,1.63578460621648,0,1,0,1,0.952103972592667,1,1,1,0,1.40810464803565,0.952103972592667,1.5,1,2,0,1.40810464803565,0.952103972592667,1.63578460621648,2,2,0,1.40810464803565,0.952103972592667,1.63578460621648,2,2,0,1.40810464803565,0.952103972592667,1.63578460621648,2,2,0,1.40810464803565,0.952103972592667,1.63578460621648,2,2,0,1.40810464803565,0.952103972592667,1.63578460621648,2,2,0,1.40810464803565,0.952103972592667,1.63578460621648,2,2,0,1.40810464803565,0.952103972592667,1.63578460621648,2,2,0,1.40810464803565,0.952103972592667,1.63578460621648,3,2,0,1.40810464803565,0.952103972592667,1.63578460621648,3,2,0,1.40810464803565,0.952103972592667,1.63578460621648,4,2,0,1.40810464803565,0.952103972592667,1.63578460621648,"equal","equal","equal","larger","larger","larger","equal","equal","equal","larger","larger","larger","equal","equal","equal","larger","larger","larger","equal","equal","equal","larger","larger","larger","equal","equal","equal","larger","larger","larger","equal","equal","larger","larger","larger","larger","equal","equal","larger","larger","larger","larger","equal","equal","larger","larger","equal","larger","equal","equal","larger","larger","equal","larger","equal","equal","larger","larger","equal","larger","equal","equal","larger","larger","equal","larger","equal","equal","larger","larger","equal","larger","equal","equal","larger","larger","equal","larger","equal","equal","larger","larger","equal","larger","equal","equal","larger","equal","equal","larger","equal","equal","equal","larger","equal","larger","equal","equal","equal","equal","equal","larger","equal","equal","larger","equal","equal","larger","equal","equal","larger","equal","equal","larger","equal","equal","larger","equal","equal","larger","equal","equal","larger","equal","equal","larger","equal","equal","larger","equal","equal","larger","equal","equal","larger","equal","equal","larger","equal","equal","larger","equal","equal","larger","equal","larger","larger","equal","equal","larger","equal","larger","larger","equal","equal","larger","equal","larger","larger","equal","equal","larger","equal","larger","larger","equal","equal","larger"
3,"PG","unreliable","exp1a_s3_PG_u","P","G",0,0,0,4.40763475187123,2.31614739028737,0.913446682039648,0,0,0,1,1,1,0,0,0,1.5,1.5,1.5,0,0,0,2,2,2,0,0,0,2.5,2.5,2.5,0,0,0,3,3,2.54923128825612,0,0,0,3.5,3.5,2.54923128825612,0,0,0,4,4,2.54923128825612,0,0,0,4.5,4.5,2.54923128825612,0,1,0,5,4.56659136586874,2.54923128825612,0,1,0,5.5,4.56659136586874,2.54923128825612,0,1,0,6,4.56659136586874,2.54923128825612,0,1,0,6.5,4.56659136586874,2.54923128825612,0,2,0,7,4.56659136586874,2.54923128825612,2,2,0,2.25044397558137,1.59229270461954,1.63578460621648,0,0,0,1,1,1,0,0,0,1.5,1.5,1.5,0,1,0,2,1.59229270461954,1.63578460621648,1,2,0,2.25044397558137,1.59229270461954,1.63578460621648,1,2,0,2.25044397558137,1.59229270461954,1.63578460621648,1,2,0,2.25044397558137,1.59229270461954,1.63578460621648,1,2,0,2.25044397558137,1.59229270461954,1.63578460621648,2,2,0,2.25044397558137,1.59229270461954,1.63578460621648,2,2,0,2.25044397558137,1.59229270461954,1.63578460621648,2,2,0,2.25044397558137,1.59229270461954,1.63578460621648,2,2,0,2.25044397558137,1.59229270461954,1.63578460621648,2,2,0,2.25044397558137,1.59229270461954,1.63578460621648,3,2,0,2.25044397558137,1.59229270461954,1.63578460621648,"equal","equal","equal","larger","larger","larger","equal","equal","equal","larger","larger","larger","equal","equal","equal","larger","larger","larger","equal","equal","equal","larger","larger","larger","equal","equal","equal","larger","larger","larger","equal","equal","larger","larger","larger","larger","equal","equal","larger","larger","larger","larger","equal","equal","larger","larger","larger","larger","equal","equal","larger","larger","larger","larger","equal","equal","larger","larger","equal","larger","equal","equal","larger","larger","equal","larger","equal","equal","larger","larger","equal","larger","equal","equal","larger","larger","equal","larger","equal","equal","larger","larger","equal","larger","equal","equal","larger","equal","equal","larger","equal","equal","equal","larger","larger","larger","equal","equal","equal","larger","larger","larger","equal","equal","larger","larger","equal","larger","equal","equal","larger","equal","equal","larger","equal","equal","larger","equal","equal","larger","equal","equal","larger","equal","equal","larger","equal","equal","larger","equal","equal","larger","equal","equal","larger","equal","equal","larger","equal","equal","larger","equal","equal","larger","equal","larger","larger","equal","equal","larger","equal","larger","larger","equal","equal","larger","equal","larger","larger","equal","equal","larger","equal","larger","larger","equal","equal","larger"
3,"PN","reliable","exp1a_s3_PN_r","P","N",0,0,0,4.40763475187123,2.31614739028737,0.913446682039648,0,0,0,1,1,1,0,0,0,1.5,1.5,1.5,0,0,0,2,2,2,0,0,0,2.5,2.5,2.5,0,0,0,3,3,2.54923128825612,0,0,0,3.5,3.5,2.54923128825612,0,1,0,4,3.72425203832302,2.54923128825612,0,1,0,4.5,3.72425203832302,2.54923128825612,0,1,0,5,3.72425203832302,2.54923128825612,0,1,0,5.5,3.72425203832302,2.54923128825612,0,1,0,6,3.72425203832302,2.54923128825612,0,1,0,6.5,3.72425203832302,2.54923128825612,0,1,0,7,3.72425203832302,2.54923128825612,1,1,0,1.40810464803565,0.952103972592667,1.63578460621648,0,1,0,1,0.952103972592667,1,1,1,0,1.40810464803565,0.952103972592667,1.5,1,1,0,1.40810464803565,0.952103972592667,1.63578460621648,1,1,0,1.40810464803565,0.952103972592667,1.63578460621648,1,1,0,1.40810464803565,0.952103972592667,1.63578460621648,1,1,0,1.40810464803565,0.952103972592667,1.63578460621648,1,1,0,1.40810464803565,0.952103972592667,1.63578460621648,1,1,0,1.40810464803565,0.952103972592667,1.63578460621648,1,1,0,1.40810464803565,0.952103972592667,1.63578460621648,1,1,0,1.40810464803565,0.952103972592667,1.63578460621648,2,1,0,1.40810464803565,0.952103972592667,1.63578460621648,2,1,0,1.40810464803565,0.952103972592667,1.63578460621648,2,1,0,1.40810464803565,0.952103972592667,1.63578460621648,"equal","equal","equal","larger","larger","larger","equal","equal","equal","larger","larger","larger","equal","equal","equal","larger","larger","larger","equal","equal","equal","larger","larger","larger","equal","equal","equal","larger","larger","larger","equal","equal","larger","larger","larger","larger","equal","equal","larger","larger","larger","larger","equal","equal","larger","larger","equal","larger","equal","equal","larger","larger","equal","larger","equal","equal","larger","larger","equal","larger","equal","equal","larger","larger","equal","larger","equal","equal","larger","larger","equal","larger","equal","equal","larger","larger","equal","larger","equal","equal","larger","larger","equal","larger","equal","equal","larger","equal","equal","larger","equal","equal","equal","larger","equal","larger","equal","equal","equal","equal","equal","larger","equal","equal","larger","equal","equal","larger","equal","equal","larger","equal","equal","larger","equal","equal","larger","equal","equal","larger","equal","equal","larger","equal","equal","larger","equal","equal","larger","equal","equal","larger","equal","equal","larger","equal","equal","larger","equal","equal","larger","equal","equal","larger","equal","larger","larger","equal","equal","larger","equal","larger","larger","equal","equal","larger","equal","larger","larger","equal","equal","larger","equal","larger","larger","equal","equal","larger"
3,"PN","unreliable","exp1a_s3_PN_u","P","N",0,0,0,4.40763475187123,2.31614739028737,0.913446682039648,0,0,0,1,1,1,0,0,0,1.5,1.5,1.5,0,0,0,2,2,2,0,0,0,2.5,2.5,2.5,0,0,0,3,3,2.54923128825612,0,0,0,3.5,3.5,2.54923128825612,0,0,0,4,4,2.54923128825612,0,0,0,4.5,4.5,2.54923128825612,0,0,0,5,5,2.54923128825612,0,0,0,5.5,5.5,2.54923128825612,0,0,0,6,6,2.54923128825612,0,0,0,6.5,6.5,2.54923128825612,0,1,0,7,6.54513312068296,2.54923128825612,1,1,0,4.22898573039559,2.38509396688159,1.63578460621648,0,0,0,1,1,1,0,0,0,1.5,1.5,1.5,0,0,0,2,2,1.63578460621648,0,1,0,2.5,2.38509396688159,1.63578460621648,0,1,0,3,2.38509396688159,1.63578460621648,0,1,0,3.5,2.38509396688159,1.63578460621648,0,1,0,4,2.38509396688159,1.63578460621648,1,1,0,4.22898573039559,2.38509396688159,1.63578460621648,1,1,0,4.22898573039559,2.38509396688159,1.63578460621648,1,1,0,4.22898573039559,2.38509396688159,1.63578460621648,1,1,0,4.22898573039559,2.38509396688159,1.63578460621648,1,1,0,4.22898573039559,2.38509396688159,1.63578460621648,1,1,0,4.22898573039559,2.38509396688159,1.63578460621648,"equal","equal","equal","larger","larger","larger","equal","equal","equal","larger","larger","larger","equal","equal","equal","larger","larger","larger","equal","equal","equal","larger","larger","larger","equal","equal","equal","larger","larger","larger","equal","equal","larger","larger","larger","larger","equal","equal","larger","larger","larger","larger","equal","equal","larger","larger","larger","larger","equal","equal","larger","larger","larger","larger","equal","equal","larger","larger","larger","larger","equal","equal","larger","larger","larger","larger","equal","equal","larger","larger","larger","larger","equal","equal","larger","larger","larger","larger","equal","equal","larger","larger","equal","larger","equal","equal","larger","equal","equal","larger","equal","equal","equal","larger","larger","larger","equal","equal","equal","larger","larger","larger","equal","equal","larger","larger","larger","larger","equal","equal","larger","larger","equal","larger","equal","equal","larger","larger","equal","larger","equal","equal","larger","larger","equal","larger","equal","equal","larger","larger","equal","larger","equal","equal","larger","equal","equal","larger","equal","equal","larger","equal","equal","larger","equal","larger","larger","equal","equal","larger","equal","larger","larger","equal","equal","larger","equal","larger","larger","equal","equal","larger","equal","larger","larger","equal","equal","larger"
3,"PP","reliable","exp1a_s3_PP_r","P","P",0,0,0,4.40763475187123,2.31614739028737,0.913446682039648,0,0,0,1,1,1,0,0,0,1.5,1.5,1.5,0,0,0,2,2,2,0,0,0,2.5,2.5,2.5,0,0,0,3,3,2.54923128825612,0,0,0,3.5,3.5,2.54923128825612,0,0,0,4,4,2.54923128825612,0,0,0,4.5,4.5,2.54923128825612,0,0,0,5,5,2.54923128825612,0,0,0,5.5,5.5,2.54923128825612,0,0,0,6,6,2.54923128825612,0,0,0,6.5,6.5,2.54923128825612,0,0,0,7,7,2.54923128825612,0,0,0,4.95598291745409,2.89973305608146,1.63578460621648,0,0,0,1,1,1,0,0,0,1.5,1.5,1.5,0,0,0,2,2,1.63578460621648,0,0,0,2.5,2.5,1.63578460621648,0,0,0,3,3,1.63578460621648,0,0,0,3.5,3.5,1.63578460621648,0,0,0,4,4,1.63578460621648,0,0,0,4.5,4.5,1.63578460621648,0,0,0,5,5,1.63578460621648,0,0,0,5.5,5.44896434433758,1.63578460621648,0,0,0,6,5.44896434433758,1.63578460621648,0,0,0,6.5,5.44896434433758,1.63578460621648,0,0,0,7,5.44896434433758,1.63578460621648,"equal","equal","equal","larger","larger","larger","equal","equal","equal","larger","larger","larger","equal","equal","equal","larger","larger","larger","equal","equal","equal","larger","larger","larger","equal","equal","equal","larger","larger","larger","equal","equal","larger","larger","larger","larger","equal","equal","larger","larger","larger","larger","equal","equal","larger","larger","larger","larger","equal","equal","larger","larger","larger","larger","equal","equal","larger","larger","larger","larger","equal","equal","larger","larger","larger","larger","equal","equal","larger","larger","larger","larger","equal","equal","larger","larger","larger","larger","equal","equal","larger","larger","larger","larger","equal","equal","larger","larger","larger","larger","equal","equal","equal","larger","larger","larger","equal","equal","equal","larger","larger","larger","equal","equal","larger","larger","larger","larger","equal","equal","larger","larger","larger","larger","equal","equal","larger","larger","larger","larger","equal","equal","larger","larger","larger","larger","equal","equal","larger","larger","larger","larger","equal","equal","larger","larger","larger","larger","equal","equal","larger","larger","larger","larger","equal","larger","larger","larger","larger","larger","equal","larger","larger","larger","larger","larger","equal","larger","larger","larger","larger","larger","equal","larger","larger","larger","larger","larger"
3,"PP","unreliable","exp1a_s3_PP_u","P","P",0,0,0,4.40763475187123,2.31614739028737,0.913446682039648,0,0,0,1,1,1,0,0,0,1.5,1.5,1.5,0,0,0,2,2,2,0,0,0,2.5,2.5,2.5,0,0,0,3,3,2.54923128825612,0,0,0,3.5,3.5,2.54923128825612,0,0,0,4,4,2.54923128825612,0,0,0,4.5,4.5,2.54923128825612,0,0,0,5,5,2.54923128825612,0,0,0,5.5,5.5,2.54923128825612,0,0,0,6,6,2.54923128825612,0,0,0,6.5,6.5,2.54923128825612,0,1,0,7,6.54513312068296,2.54923128825612,1,0,0,4.22898573039559,2.89973305608146,1.63578460621648,0,0,0,1,1,1,0,0,0,1.5,1.5,1.5,0,0,0,2,2,1.63578460621648,0,0,0,2.5,2.5,1.63578460621648,0,0,0,3,3,1.63578460621648,0,0,0,3.5,3.5,1.63578460621648,0,0,0,4,4,1.63578460621648,1,0,0,4.22898573039559,4.5,1.63578460621648,1,0,0,4.22898573039559,5,1.63578460621648,1,0,0,4.22898573039559,5.44896434433758,1.63578460621648,1,0,0,4.22898573039559,5.44896434433758,1.63578460621648,1,0,0,4.22898573039559,5.44896434433758,1.63578460621648,1,0,0,4.22898573039559,5.44896434433758,1.63578460621648,"equal","equal","equal","larger","larger","larger","equal","equal","equal","larger","larger","larger","equal","equal","equal","larger","larger","larger","equal","equal","equal","larger","larger","larger","equal","equal","equal","larger","larger","larger","equal","equal","larger","larger","larger","larger","equal","equal","larger","larger","larger","larger","equal","equal","larger","larger","larger","larger","equal","equal","larger","larger","larger","larger","equal","equal","larger","larger","larger","larger","equal","equal","larger","larger","larger","larger","equal","equal","larger","larger","larger","larger","equal","equal","larger","larger","larger","larger","equal","equal","larger","larger","equal","larger","equal","equal","larger","equal","larger","larger","equal","equal","equal","larger","larger","larger","equal","equal","equal","larger","larger","larger","equal","equal","larger","larger","larger","larger","equal","equal","larger","larger","larger","larger","equal","equal","larger","larger","larger","larger","equal","equal","larger","larger","larger","larger","equal","equal","larger","larger","larger","larger","equal","equal","larger","equal","larger","larger","equal","equal","larger","equal","larger","larger","equal","larger","larger","equal","larger","larger","equal","larger","larger","equal","larger","larger","equal","larger","larger","equal","larger","larger","equal","larger","larger","equal","larger","larger"
4,"GG","reliable","exp1a_s4_GG_r","G","G",0,2,1,0.709116856800392,1.35462119577297,1.7185671310972,0,0,0,1,1,1,1,1,0,1.17837929095298,1.35462119577297,1.5,1,2,1,1.17837929095298,1.35462119577297,1.7185671310972,1,2,1,1.17837929095298,1.35462119577297,1.7185671310972,2,2,1,1.17837929095298,1.35462119577297,1.7185671310972,2,2,1,1.17837929095298,1.35462119577297,1.7185671310972,3,2,1,1.17837929095298,1.35462119577297,1.7185671310972,3,2,1,1.17837929095298,1.35462119577297,1.7185671310972,3,2,1,1.17837929095298,1.35462119577297,1.7185671310972,3,3,1,1.17837929095298,1.35462119577297,1.7185671310972,3,3,1,1.17837929095298,1.35462119577297,1.7185671310972,3,3,1,1.17837929095298,1.35462119577297,1.7185671310972,4,4,1,1.17837929095298,1.35462119577297,1.7185671310972,3,1,2,0.469262434152585,1.35120579971441,1.10410817894232,1,0,0,0.469262434152585,1,1,1,1,1,0.469262434152585,1.35120579971441,1.10410817894232,1,1,1,0.469262434152585,1.35120579971441,1.10410817894232,2,1,1,0.469262434152585,1.35120579971441,1.10410817894232,2,1,2,0.469262434152585,1.35120579971441,1.10410817894232,3,1,2,0.469262434152585,1.35120579971441,1.10410817894232,3,2,2,0.469262434152585,1.35120579971441,1.10410817894232,3,3,2,0.469262434152585,1.35120579971441,1.10410817894232,3,3,2,0.469262434152585,1.35120579971441,1.10410817894232,3,3,2,0.469262434152585,1.35120579971441,1.10410817894232,3,3,2,0.469262434152585,1.35120579971441,1.10410817894232,4,3,2,0.469262434152585,1.35120579971441,1.10410817894232,4,3,3,0.469262434152585,1.35120579971441,1.10410817894232,"equal","equal","larger","larger","equal","equal","equal","equal","equal","larger","larger","larger","equal","equal","equal","equal","equal","larger","equal","equal","equal","equal","equal","equal","equal","equal","equal","equal","equal","equal","equal","equal","larger","equal","equal","equal","equal","equal","larger","equal","equal","equal","equal","equal","larger","equal","equal","equal","equal","equal","larger","equal","equal","equal","equal","equal","larger","equal","equal","equal","equal","equal","larger","equal","equal","equal","equal","equal","larger","equal","equal","equal","equal","equal","larger","equal","equal","equal","equal","equal","larger","equal","equal","equal","equal","equal","equal","equal","equal","equal","equal","equal","equal","equal","larger","larger","equal","equal","equal","equal","equal","equal","equal","equal","equal","equal","equal","equal","equal","equal","equal","equal","equal","equal","equal","equal","equal","equal","equal","equal","equal","equal","equal","equal","equal","equal","equal","equal","equal","equal","equal","equal","equal","equal","equal","equal","equal","equal","equal","equal","equal","equal","equal","equal","equal","equal","equal","equal","equal","equal","equal","equal","equal","equal","equal","equal","equal","equal","equal","equal","equal","equal","equal","equal","equal","equal","equal","equal"
4,"GG","unreliable","exp1a_s4_GG_u","G","G",0,2,1,0.709116856800392,1.35462119577297,1.7185671310972,0,0,0,1,1,1,1,1,0,1.17837929095298,1.35462119577297,1.5,1,1,1,1.17837929095298,1.35462119577297,1.7185671310972,1,2,1,1.17837929095298,1.35462119577297,1.7185671310972,2,2,1,1.17837929095298,1.35462119577297,1.7185671310972,2,2,1,1.17837929095298,1.35462119577297,1.7185671310972,2,2,1,1.17837929095298,1.35462119577297,1.7185671310972,2,2,1,1.17837929095298,1.35462119577297,1.7185671310972,2,2,1,1.17837929095298,1.35462119577297,1.7185671310972,2,3,1,1.17837929095298,1.35462119577297,1.7185671310972,2,3,1,1.17837929095298,1.35462119577297,1.7185671310972,2,4,1,1.17837929095298,1.35462119577297,1.7185671310972,3,4,1,1.17837929095298,1.35462119577297,1.7185671310972,2,1,3,0.469262434152585,1.35120579971441,1.10410817894232,1,0,0,0.469262434152585,1,1,1,1,1,0.469262434152585,1.35120579971441,1.10410817894232,1,1,1,0.469262434152585,1.35120579971441,1.10410817894232,2,1,2,0.469262434152585,1.35120579971441,1.10410817894232,2,1,2,0.469262434152585,1.35120579971441,1.10410817894232,2,1,2,0.469262434152585,1.35120579971441,1.10410817894232,2,2,3,0.469262434152585,1.35120579971441,1.10410817894232,2,2,3,0.469262434152585,1.35120579971441,1.10410817894232,2,3,3,0.469262434152585,1.35120579971441,1.10410817894232,2,3,3,0.469262434152585,1.35120579971441,1.10410817894232,2,3,3,0.469262434152585,1.35120579971441,1.10410817894232,3,3,3,0.469262434152585,1.35120579971441,1.10410817894232,3,3,4,0.469262434152585,1.35120579971441,1.10410817894232,"equal","equal","larger","larger","equal","equal","equal","equal","equal","larger","larger","larger","equal","equal","equal","equal","equal","larger","equal","equal","equal","equal","equal","equal","equal","equal","equal","equal","equal","equal","equal","equal","larger","equal","equal","equal","equal","equal","larger","equal","equal","equal","equal","equal","larger","equal","equal","equal","equal","equal","larger","equal","equal","equal","equal","equal","larger","equal","equal","equal","equal","equal","larger","equal","equal","equal","equal","equal","larger","equal","equal","equal","equal","equal","larger","equal","equal","equal","equal","equal","larger","equal","equal","equal","equal","equal","equal","equal","equal","equal","equal","equal","equal","equal","larger","larger","equal","equal","equal","equal","equal","equal","equal","equal","equal","equal","equal","equal","equal","equal","equal","equal","equal","equal","equal","equal","equal","equal","equal","equal","equal","equal","equal","equal","equal","equal","equal","equal","equal","equal","equal","equal","equal","equal","equal","equal","equal","equal","equal","equal","equal","equal","equal","equal","equal","equal","equal","equal","equal","equal","equal","equal","equal","equal","equal","equal","equal","equal","equal","equal","equal","equal","equal","equal","equal","equal","equal","equal"
4,"GN","reliable","exp1a_s4_GN_r","G","N",0,2,1,0.709116856800392,1.35462119577297,1.7185671310972,0,0,0,1,1,1,1,1,0,1.17837929095298,1.35462119577297,1.5,1,2,1,1.17837929095298,1.35462119577297,1.7185671310972,1,2,1,1.17837929095298,1.35462119577297,1.7185671310972,1,2,1,1.17837929095298,1.35462119577297,1.7185671310972,1,2,1,1.17837929095298,1.35462119577297,1.7185671310972,2,2,1,1.17837929095298,1.35462119577297,1.7185671310972,2,2,1,1.17837929095298,1.35462119577297,1.7185671310972,2,2,1,1.17837929095298,1.35462119577297,1.7185671310972,2,2,1,1.17837929095298,1.35462119577297,1.7185671310972,2,2,1,1.17837929095298,1.35462119577297,1.7185671310972,2,2,1,1.17837929095298,1.35462119577297,1.7185671310972,2,3,1,1.17837929095298,1.35462119577297,1.7185671310972,2,0,1,0.469262434152585,2.24827713496052,2.7835502517049,1,0,0,0.469262434152585,1,1,1,0,0,0.469262434152585,1.5,1.5,1,0,0,0.469262434152585,2,2,1,0,0,0.469262434152585,2.5,2.5,1,0,1,0.469262434152585,3,2.7835502517049,2,0,1,0.469262434152585,3.5,2.7835502517049,2,1,1,0.469262434152585,3.60289833073349,2.7835502517049,2,2,1,0.469262434152585,3.60289833073349,2.7835502517049,2,2,1,0.469262434152585,3.60289833073349,2.7835502517049,2,2,1,0.469262434152585,3.60289833073349,2.7835502517049,2,2,1,0.469262434152585,3.60289833073349,2.7835502517049,2,2,1,0.469262434152585,3.60289833073349,2.7835502517049,2,2,2,0.469262434152585,3.60289833073349,2.7835502517049,"equal","equal","larger","larger","equal","equal","equal","equal","equal","larger","larger","larger","equal","equal","equal","equal","equal","larger","equal","equal","equal","equal","equal","equal","equal","equal","equal","equal","equal","equal","equal","equal","larger","equal","equal","equal","equal","equal","larger","equal","equal","equal","equal","equal","larger","equal","equal","equal","equal","equal","larger","equal","equal","equal","equal","equal","larger","equal","equal","equal","equal","equal","larger","equal","equal","equal","equal","equal","larger","equal","equal","equal","equal","equal","larger","equal","equal","equal","equal","equal","larger","equal","equal","equal","equal","equal","equal","equal","larger","equal","equal","equal","equal","equal","larger","larger","equal","equal","equal","equal","larger","larger","equal","equal","equal","equal","larger","larger","equal","equal","equal","equal","larger","larger","equal","equal","equal","equal","larger","equal","equal","equal","equal","equal","larger","equal","equal","equal","equal","equal","equal","equal","equal","equal","equal","equal","equal","equal","equal","equal","equal","equal","equal","equal","equal","equal","equal","equal","equal","equal","equal","equal","equal","equal","equal","equal","equal","equal","equal","equal","equal","equal","equal","equal","equal","equal","equal","equal"
4,"GN","unreliable","exp1a_s4_GN_u","G","N",0,2,1,0.709116856800392,1.35462119577297,1.7185671310972,0,0,0,1,1,1,1,1,0,1.17837929095298,1.35462119577297,1.5,1,1,1,1.17837929095298,1.35462119577297,1.7185671310972,1,2,1,1.17837929095298,1.35462119577297,1.7185671310972,1,2,1,1.17837929095298,1.35462119577297,1.7185671310972,1,2,1,1.17837929095298,1.35462119577297,1.7185671310972,1,2,1,1.17837929095298,1.35462119577297,1.7185671310972,1,2,1,1.17837929095298,1.35462119577297,1.7185671310972,1,2,1,1.17837929095298,1.35462119577297,1.7185671310972,1,2,1,1.17837929095298,1.35462119577297,1.7185671310972,1,2,1,1.17837929095298,1.35462119577297,1.7185671310972,1,3,1,1.17837929095298,1.35462119577297,1.7185671310972,1,3,1,1.17837929095298,1.35462119577297,1.7185671310972,1,0,2,0.469262434152585,2.24827713496052,2.21126950545918,1,0,0,0.469262434152585,1,1,1,0,0,0.469262434152585,1.5,1.5,1,0,0,0.469262434152585,2,2,1,0,1,0.469262434152585,2.5,2.21126950545918,1,0,1,0.469262434152585,3,2.21126950545918,1,0,1,0.469262434152585,3.5,2.21126950545918,1,1,2,0.469262434152585,3.60289833073349,2.21126950545918,1,1,2,0.469262434152585,3.60289833073349,2.21126950545918,1,2,2,0.469262434152585,3.60289833073349,2.21126950545918,1,2,2,0.469262434152585,3.60289833073349,2.21126950545918,1,2,2,0.469262434152585,3.60289833073349,2.21126950545918,1,2,2,0.469262434152585,3.60289833073349,2.21126950545918,1,2,3,0.469262434152585,3.60289833073349,2.21126950545918,"equal","equal","larger","larger","equal","equal","equal","equal","equal","larger","larger","larger","equal","equal","equal","equal","equal","larger","equal","equal","equal","equal","equal","equal","equal","equal","equal","equal","equal","equal","equal","equal","larger","equal","equal","equal","equal","equal","larger","equal","equal","equal","equal","equal","larger","equal","equal","equal","equal","equal","larger","equal","equal","equal","equal","equal","larger","equal","equal","equal","equal","equal","larger","equal","equal","equal","equal","equal","larger","equal","equal","equal","equal","equal","larger","equal","equal","equal","equal","equal","larger","equal","equal","equal","equal","equal","equal","equal","larger","equal","equal","equal","equal","equal","larger","larger","equal","equal","equal","equal","larger","larger","equal","equal","equal","equal","larger","larger","equal","equal","equal","equal","larger","equal","equal","equal","equal","equal","larger","equal","equal","equal","equal","equal","larger","equal","equal","equal","equal","equal","equal","equal","equal","equal","equal","equal","equal","equal","equal","equal","equal","equal","equal","equal","equal","equal","equal","equal","equal","equal","equal","equal","equal","equal","equal","equal","equal","equal","equal","equal","equal","equal","equal","equal","equal","equal","equal","equal"
4,"GP","reliable","exp1a_s4_GP_r","G","P",0,2,1,0.709116856800392,1.35462119577297,1.7185671310972,0,0,0,1,1,1,0,1,0,1.5,1.35462119577297,1.5,0,2,1,2,1.35462119577297,1.7185671310972,0,2,1,2.5,1.35462119577297,1.7185671310972,0,2,1,3,1.35462119577297,1.7185671310972,0,2,1,3.5,1.35462119577297,1.7185671310972,0,2,1,4,1.35462119577297,1.7185671310972,0,2,1,4.5,1.35462119577297,1.7185671310972,0,2,1,5,1.35462119577297,1.7185671310972,0,2,1,5.5,1.35462119577297,1.7185671310972,0,2,1,6,1.35462119577297,1.7185671310972,0,2,1,6.5,1.35462119577297,1.7185671310972,0,2,1,7,1.35462119577297,1.7185671310972,0,0,0,4.72325190156698,2.24827713496052,4.82836573175155,0,0,0,1,1,1,0,0,0,1.5,1.5,1.5,0,0,0,2,2,2,0,0,0,2.5,2.5,2.5,0,0,0,3,3,3,0,0,0,3.5,3.5,3.5,0,1,0,4,3.60289833073349,4,0,2,0,4.5,3.60289833073349,4.5,0,2,0,5,3.60289833073349,5,0,2,0,5.5,3.60289833073349,5.5,0,2,0,6,3.60289833073349,6,0,2,0,6.5,3.60289833073349,6.5,0,2,1,7,3.60289833073349,6.54693286284875,"equal","equal","larger","larger","equal","equal","equal","equal","equal","larger","larger","larger","equal","equal","equal","larger","equal","larger","equal","equal","equal","larger","equal","equal","equal","equal","equal","larger","equal","equal","equal","equal","larger","larger","equal","equal","equal","equal","larger","larger","equal","equal","equal","equal","larger","larger","equal","equal","equal","equal","larger","larger","equal","equal","equal","equal","larger","larger","equal","equal","equal","equal","larger","larger","equal","equal","equal","equal","larger","larger","equal","equal","equal","equal","larger","larger","equal","equal","equal","equal","larger","larger","equal","equal","equal","equal","equal","larger","larger","larger","equal","equal","equal","larger","larger","larger","equal","equal","equal","larger","larger","larger","equal","equal","equal","larger","larger","larger","equal","equal","equal","larger","larger","larger","equal","equal","equal","larger","larger","larger","equal","equal","equal","larger","larger","larger","equal","equal","equal","larger","equal","larger","equal","equal","equal","larger","equal","larger","equal","equal","equal","larger","equal","larger","equal","equal","equal","larger","equal","larger","equal","equal","equal","larger","equal","larger","equal","equal","equal","larger","equal","larger","equal","equal","equal","larger","equal","equal"
4,"GP","unreliable","exp1a_s4_GP_u","G","P",0,2,1,0.709116856800392,1.35462119577297,1.7185671310972,0,0,0,1,1,1,0,1,0,1.5,1.35462119577297,1.5,0,1,1,2,1.35462119577297,1.7185671310972,0,2,1,2.5,1.35462119577297,1.7185671310972,0,2,1,3,1.35462119577297,1.7185671310972,0,2,1,3.5,1.35462119577297,1.7185671310972,0,2,1,4,1.35462119577297,1.7185671310972,0,2,1,4.5,1.35462119577297,1.7185671310972,0,2,1,5,1.35462119577297,1.7185671310972,0,2,1,5.5,1.35462119577297,1.7185671310972,0,2,1,6,1.35462119577297,1.7185671310972,0,2,1,6.5,1.35462119577297,1.7185671310972,0,2,1,7,1.35462119577297,1.7185671310972,0,0,1,4.72325190156698,2.24827713496052,3.82026755535525,0,0,0,1,1,1,0,0,0,1.5,1.5,1.5,0,0,0,2,2,2,0,0,0,2.5,2.5,2.5,0,0,0,3,3,3,0,0,0,3.5,3.5,3.5,0,1,1,4,3.60289833073349,3.82026755535525,0,1,1,4.5,3.60289833073349,3.82026755535525,0,2,1,5,3.60289833073349,3.82026755535525,0,2,1,5.5,3.60289833073349,3.82026755535525,0,2,1,6,3.60289833073349,3.82026755535525,0,2,1,6.5,3.60289833073349,3.82026755535525,0,2,2,7,3.60289833073349,3.82026755535525,"equal","equal","larger","larger","equal","equal","equal","equal","equal","larger","larger","larger","equal","equal","equal","larger","equal","larger","equal","equal","equal","larger","equal","equal","equal","equal","equal","larger","equal","equal","equal","equal","larger","larger","equal","equal","equal","equal","larger","larger","equal","equal","equal","equal","larger","larger","equal","equal","equal","equal","larger","larger","equal","equal","equal","equal","larger","larger","equal","equal","equal","equal","larger","larger","equal","equal","equal","equal","larger","larger","equal","equal","equal","equal","larger","larger","equal","equal","equal","equal","larger","larger","equal","equal","equal","equal","equal","larger","larger","equal","equal","equal","equal","larger","larger","larger","equal","equal","equal","larger","larger","larger","equal","equal","equal","larger","larger","larger","equal","equal","equal","larger","larger","larger","equal","equal","equal","larger","larger","larger","equal","equal","equal","larger","larger","larger","equal","equal","equal","larger","equal","equal","equal","equal","equal","larger","equal","equal","equal","equal","equal","larger","equal","equal","equal","equal","equal","larger","equal","equal","equal","equal","equal","larger","equal","equal","equal","equal","equal","larger","equal","equal","equal","equal","equal","larger","equal","equal"
4,"NG","reliable","exp1a_s4_NG_r","N","G",0,1,0,0.709116856800392,1.93638447742146,2.59585492266342,0,0,0,1,1,1,0,0,0,1.5,1.5,1.5,0,1,0,2,1.93638447742146,2,0,1,0,2.5,1.93638447742146,2.5,1,1,0,2.77137974716922,1.93638447742146,2.59585492266342,1,1,0,2.77137974716922,1.93638447742146,2.59585492266342,2,1,0,2.77137974716922,1.93638447742146,2.59585492266342,2,1,0,2.77137974716922,1.93638447742146,2.59585492266342,2,1,0,2.77137974716922,1.93638447742146,2.59585492266342,2,2,0,2.77137974716922,1.93638447742146,2.59585492266342,2,2,0,2.77137974716922,1.93638447742146,2.59585492266342,2,2,0,2.77137974716922,1.93638447742146,2.59585492266342,3,3,0,2.77137974716922,1.93638447742146,2.59585492266342,2,1,2,2.06226289036883,1.35120579971441,1.10410817894232,0,0,0,1,1,1,0,1,1,1.5,1.35120579971441,1.10410817894232,0,1,1,2,1.35120579971441,1.10410817894232,1,1,1,2.06226289036883,1.35120579971441,1.10410817894232,1,1,2,2.06226289036883,1.35120579971441,1.10410817894232,2,1,2,2.06226289036883,1.35120579971441,1.10410817894232,2,1,2,2.06226289036883,1.35120579971441,1.10410817894232,2,2,2,2.06226289036883,1.35120579971441,1.10410817894232,2,2,2,2.06226289036883,1.35120579971441,1.10410817894232,2,2,2,2.06226289036883,1.35120579971441,1.10410817894232,2,2,2,2.06226289036883,1.35120579971441,1.10410817894232,3,2,2,2.06226289036883,1.35120579971441,1.10410817894232,3,2,2,2.06226289036883,1.35120579971441,1.10410817894232,"equal","equal","larger","larger","equal","larger","equal","equal","equal","larger","larger","larger","equal","equal","equal","larger","larger","larger","equal","equal","equal","larger","equal","larger","equal","equal","equal","larger","equal","larger","equal","equal","larger","equal","equal","larger","equal","equal","larger","equal","equal","larger","equal","equal","larger","equal","equal","larger","equal","equal","larger","equal","equal","larger","equal","equal","larger","equal","equal","larger","equal","equal","larger","equal","equal","larger","equal","equal","larger","equal","equal","larger","equal","equal","larger","equal","equal","larger","equal","equal","larger","equal","equal","larger","equal","equal","equal","equal","equal","equal","equal","equal","equal","larger","larger","larger","equal","equal","equal","larger","equal","equal","equal","equal","equal","larger","equal","equal","equal","equal","equal","equal","equal","equal","equal","equal","equal","equal","equal","equal","equal","equal","equal","equal","equal","equal","equal","equal","equal","equal","equal","equal","equal","equal","equal","equal","equal","equal","equal","equal","equal","equal","equal","equal","equal","equal","equal","equal","equal","equal","equal","equal","equal","equal","equal","equal","equal","equal","equal","equal","equal","equal","equal","equal","equal","equal","equal","equal"
4,"NG","unreliable","exp1a_s4_NG_u","N","G",0,1,0,0.709116856800392,2.37571929912366,2.59585492266342,0,0,0,1,1,1,0,0,0,1.5,1.5,1.5,0,0,0,2,2,2,0,1,0,2.5,2.37571929912366,2.5,1,1,0,2.77137974716922,2.37571929912366,2.59585492266342,1,1,0,2.77137974716922,2.37571929912366,2.59585492266342,1,1,0,2.77137974716922,2.37571929912366,2.59585492266342,1,1,0,2.77137974716922,2.37571929912366,2.59585492266342,1,1,0,2.77137974716922,2.37571929912366,2.59585492266342,1,2,0,2.77137974716922,2.37571929912366,2.59585492266342,1,2,0,2.77137974716922,2.37571929912366,2.59585492266342,1,3,0,2.77137974716922,2.37571929912366,2.59585492266342,2,3,0,2.77137974716922,2.37571929912366,2.59585492266342,1,1,3,2.06226289036883,1.35120579971441,1.10410817894232,0,0,0,1,1,1,0,1,1,1.5,1.35120579971441,1.10410817894232,0,1,1,2,1.35120579971441,1.10410817894232,1,1,2,2.06226289036883,1.35120579971441,1.10410817894232,1,1,2,2.06226289036883,1.35120579971441,1.10410817894232,1,1,2,2.06226289036883,1.35120579971441,1.10410817894232,1,1,3,2.06226289036883,1.35120579971441,1.10410817894232,1,1,3,2.06226289036883,1.35120579971441,1.10410817894232,1,2,3,2.06226289036883,1.35120579971441,1.10410817894232,1,2,3,2.06226289036883,1.35120579971441,1.10410817894232,1,2,3,2.06226289036883,1.35120579971441,1.10410817894232,2,2,3,2.06226289036883,1.35120579971441,1.10410817894232,2,2,3,2.06226289036883,1.35120579971441,1.10410817894232,"equal","equal","larger","larger","equal","larger","equal","equal","equal","larger","larger","larger","equal","equal","equal","larger","larger","larger","equal","equal","equal","larger","larger","larger","equal","equal","equal","larger","equal","larger","equal","equal","larger","equal","equal","larger","equal","equal","larger","equal","equal","larger","equal","equal","larger","equal","equal","larger","equal","equal","larger","equal","equal","larger","equal","equal","larger","equal","equal","larger","equal","equal","larger","equal","equal","larger","equal","equal","larger","equal","equal","larger","equal","equal","larger","equal","equal","larger","equal","equal","larger","equal","equal","larger","equal","equal","equal","equal","equal","equal","equal","equal","equal","larger","larger","larger","equal","equal","equal","larger","equal","equal","equal","equal","equal","larger","equal","equal","equal","equal","equal","equal","equal","equal","equal","equal","equal","equal","equal","equal","equal","equal","equal","equal","equal","equal","equal","equal","equal","equal","equal","equal","equal","equal","equal","equal","equal","equal","equal","equal","equal","equal","equal","equal","equal","equal","equal","equal","equal","equal","equal","equal","equal","equal","equal","equal","equal","equal","equal","equal","equal","equal","equal","equal","equal","equal","equal","equal"
4,"NN","reliable","exp1a_s4_NN_r","N","N",0,1,0,0.709116856800392,1.93638447742146,2.59585492266342,0,0,0,1,1,1,0,0,0,1.5,1.5,1.5,0,1,0,2,1.93638447742146,2,0,1,0,2.5,1.93638447742146,2.5,0,1,0,3,1.93638447742146,2.59585492266342,0,1,0,3.5,1.93638447742146,2.59585492266342,1,1,0,3.81321640400195,1.93638447742146,2.59585492266342,1,1,0,3.81321640400195,1.93638447742146,2.59585492266342,1,1,0,3.81321640400195,1.93638447742146,2.59585492266342,1,1,0,3.81321640400195,1.93638447742146,2.59585492266342,1,1,0,3.81321640400195,1.93638447742146,2.59585492266342,1,1,0,3.81321640400195,1.93638447742146,2.59585492266342,1,2,0,3.81321640400195,1.93638447742146,2.59585492266342,1,0,1,3.10409954720156,2.24827713496052,2.7835502517049,0,0,0,1,1,1,0,0,0,1.5,1.5,1.5,0,0,0,2,2,2,0,0,0,2.5,2.5,2.5,0,0,1,3,3,2.7835502517049,1,0,1,3.10409954720156,3.5,2.7835502517049,1,0,1,3.10409954720156,4,2.7835502517049,1,1,1,3.10409954720156,4.18466161238197,2.7835502517049,1,1,1,3.10409954720156,4.18466161238197,2.7835502517049,1,1,1,3.10409954720156,4.18466161238197,2.7835502517049,1,1,1,3.10409954720156,4.18466161238197,2.7835502517049,1,1,1,3.10409954720156,4.18466161238197,2.7835502517049,1,1,1,3.10409954720156,4.18466161238197,2.7835502517049,"equal","equal","larger","larger","equal","larger","equal","equal","equal","larger","larger","larger","equal","equal","equal","larger","larger","larger","equal","equal","equal","larger","equal","larger","equal","equal","equal","larger","equal","larger","equal","equal","larger","larger","equal","larger","equal","equal","larger","larger","equal","larger","equal","equal","larger","equal","equal","larger","equal","equal","larger","equal","equal","larger","equal","equal","larger","equal","equal","larger","equal","equal","larger","equal","equal","larger","equal","equal","larger","equal","equal","larger","equal","equal","larger","equal","equal","larger","equal","equal","larger","equal","equal","larger","equal","equal","equal","equal","larger","equal","equal","equal","equal","larger","larger","larger","equal","equal","equal","larger","larger","larger","equal","equal","equal","larger","larger","larger","equal","equal","equal","larger","larger","larger","equal","equal","equal","larger","larger","equal","equal","equal","equal","equal","larger","equal","equal","equal","equal","equal","larger","equal","equal","equal","equal","equal","equal","equal","equal","equal","equal","equal","equal","equal","equal","equal","equal","equal","equal","equal","equal","equal","equal","equal","equal","equal","equal","equal","equal","equal","equal","equal","equal","equal","equal","equal","equal","equal"
4,"NN","unreliable","exp1a_s4_NN_u","N","N",0,1,0,0.709116856800392,2.37571929912366,2.59585492266342,0,0,0,1,1,1,0,0,0,1.5,1.5,1.5,0,0,0,2,2,2,0,1,0,2.5,2.37571929912366,2.5,0,1,0,3,2.37571929912366,2.59585492266342,0,1,0,3.5,2.37571929912366,2.59585492266342,0,1,0,4,2.37571929912366,2.59585492266342,0,1,0,4.5,2.37571929912366,2.59585492266342,0,1,0,5,2.37571929912366,2.59585492266342,0,1,0,5.5,2.37571929912366,2.59585492266342,0,1,0,6,2.37571929912366,2.59585492266342,0,2,0,6.5,2.37571929912366,2.59585492266342,0,2,0,7,2.37571929912366,2.59585492266342,0,0,2,4.72325190156698,2.24827713496052,2.21126950545918,0,0,0,1,1,1,0,0,0,1.5,1.5,1.5,0,0,0,2,2,2,0,0,1,2.5,2.5,2.21126950545918,0,0,1,3,3,2.21126950545918,0,0,1,3.5,3.5,2.21126950545918,0,0,2,4,4,2.21126950545918,0,0,2,4.5,4.5,2.21126950545918,0,1,2,5,4.62399643408418,2.21126950545918,0,1,2,5.5,4.62399643408418,2.21126950545918,0,1,2,6,4.62399643408418,2.21126950545918,0,1,2,6.5,4.62399643408418,2.21126950545918,0,1,2,7,4.62399643408418,2.21126950545918,"equal","equal","larger","larger","equal","larger","equal","equal","equal","larger","larger","larger","equal","equal","equal","larger","larger","larger","equal","equal","equal","larger","larger","larger","equal","equal","equal","larger","equal","larger","equal","equal","larger","larger","equal","larger","equal","equal","larger","larger","equal","larger","equal","equal","larger","larger","equal","larger","equal","equal","larger","larger","equal","larger","equal","equal","larger","larger","equal","larger","equal","equal","larger","larger","equal","larger","equal","equal","larger","larger","equal","larger","equal","equal","larger","larger","equal","larger","equal","equal","larger","larger","equal","larger","equal","equal","equal","larger","larger","equal","equal","equal","equal","larger","larger","larger","equal","equal","equal","larger","larger","larger","equal","equal","equal","larger","larger","larger","equal","equal","equal","larger","larger","equal","equal","equal","equal","larger","larger","equal","equal","equal","equal","larger","larger","equal","equal","equal","equal","larger","larger","equal","equal","equal","equal","larger","larger","equal","equal","equal","equal","larger","equal","equal","equal","equal","equal","larger","equal","equal","equal","equal","equal","larger","equal","equal","equal","equal","equal","larger","equal","equal","equal","equal","equal","larger","equal","equal"
4,"NP","reliable","exp1a_s4_NP_r","N","P",0,1,0,0.709116856800392,1.93638447742146,2.59585492266342,0,0,0,1,1,1,0,0,0,1.5,1.5,1.5,0,1,0,2,1.93638447742146,2,0,1,0,2.5,1.93638447742146,2.5,0,1,0,3,1.93638447742146,2.59585492266342,0,1,0,3.5,1.93638447742146,2.59585492266342,0,1,0,4,1.93638447742146,2.59585492266342,0,1,0,4.5,1.93638447742146,2.59585492266342,0,1,0,5,1.93638447742146,2.59585492266342,0,1,0,5.5,1.93638447742146,2.59585492266342,0,1,0,6,1.93638447742146,2.59585492266342,0,1,0,6.5,1.93638447742146,2.59585492266342,0,1,0,7,1.93638447742146,2.59585492266342,0,0,0,4.72325190156698,2.24827713496052,4.82836573175155,0,0,0,1,1,1,0,0,0,1.5,1.5,1.5,0,0,0,2,2,2,0,0,0,2.5,2.5,2.5,0,0,0,3,3,3,0,0,0,3.5,3.5,3.5,0,0,0,4,4,4,0,1,0,4.5,4.18466161238197,4.5,0,1,0,5,4.18466161238197,5,0,1,0,5.5,4.18466161238197,5.5,0,1,0,6,4.18466161238197,6,0,1,0,6.5,4.18466161238197,6.5,0,1,0,7,4.18466161238197,7,"equal","equal","larger","larger","equal","larger","equal","equal","equal","larger","larger","larger","equal","equal","equal","larger","larger","larger","equal","equal","equal","larger","equal","larger","equal","equal","equal","larger","equal","larger","equal","equal","larger","larger","equal","larger","equal","equal","larger","larger","equal","larger","equal","equal","larger","larger","equal","larger","equal","equal","larger","larger","equal","larger","equal","equal","larger","larger","equal","larger","equal","equal","larger","larger","equal","larger","equal","equal","larger","larger","equal","larger","equal","equal","larger","larger","equal","larger","equal","equal","larger","larger","equal","larger","equal","equal","equal","larger","larger","larger","equal","equal","equal","larger","larger","larger","equal","equal","equal","larger","larger","larger","equal","equal","equal","larger","larger","larger","equal","equal","equal","larger","larger","larger","equal","equal","equal","larger","larger","larger","equal","equal","equal","larger","larger","larger","equal","equal","equal","larger","larger","larger","equal","equal","equal","larger","equal","larger","equal","equal","equal","larger","equal","larger","equal","equal","equal","larger","equal","larger","equal","equal","equal","larger","equal","larger","equal","equal","equal","larger","equal","larger","equal","equal","equal","larger","equal","larger"
4,"NP","unreliable","exp1a_s4_NP_u","N","P",0,1,0,0.709116856800392,2.37571929912366,2.59585492266342,0,0,0,1,1,1,0,0,0,1.5,1.5,1.5,0,0,0,2,2,2,0,1,0,2.5,2.37571929912366,2.5,0,1,0,3,2.37571929912366,2.59585492266342,0,1,0,3.5,2.37571929912366,2.59585492266342,0,1,0,4,2.37571929912366,2.59585492266342,0,1,0,4.5,2.37571929912366,2.59585492266342,0,1,0,5,2.37571929912366,2.59585492266342,0,1,0,5.5,2.37571929912366,2.59585492266342,0,1,0,6,2.37571929912366,2.59585492266342,0,1,0,6.5,2.37571929912366,2.59585492266342,0,1,0,7,2.37571929912366,2.59585492266342,0,0,1,4.72325190156698,2.24827713496052,3.82026755535525,0,0,0,1,1,1,0,0,0,1.5,1.5,1.5,0,0,0,2,2,2,0,0,0,2.5,2.5,2.5,0,0,0,3,3,3,0,0,0,3.5,3.5,3.5,0,0,1,4,4,3.82026755535525,0,0,1,4.5,4.5,3.82026755535525,0,1,1,5,4.62399643408418,3.82026755535525,0,1,1,5.5,4.62399643408418,3.82026755535525,0,1,1,6,4.62399643408418,3.82026755535525,0,1,1,6.5,4.62399643408418,3.82026755535525,0,1,1,7,4.62399643408418,3.82026755535525,"equal","equal","larger","larger","equal","larger","equal","equal","equal","larger","larger","larger","equal","equal","equal","larger","larger","larger","equal","equal","equal","larger","larger","larger","equal","equal","equal","larger","equal","larger","equal","equal","larger","larger","equal","larger","equal","equal","larger","larger","equal","larger","equal","equal","larger","larger","equal","larger","equal","equal","larger","larger","equal","larger","equal","equal","larger","larger","equal","larger","equal","equal","larger","larger","equal","larger","equal","equal","larger","larger","equal","larger","equal","equal","larger","larger","equal","larger","equal","equal","larger","larger","equal","larger","equal","equal","equal","larger","larger","equal","equal","equal","equal","larger","larger","larger","equal","equal","equal","larger","larger","larger","equal","equal","equal","larger","larger","larger","equal","equal","equal","larger","larger","larger","equal","equal","equal","larger","larger","larger","equal","equal","equal","larger","larger","larger","equal","equal","equal","larger","larger","equal","equal","equal","equal","larger","larger","equal","equal","equal","equal","larger","equal","equal","equal","equal","equal","larger","equal","equal","equal","equal","equal","larger","equal","equal","equal","equal","equal","larger","equal","equal","equal","equal","equal","larger","equal","equal"
4,"PG","reliable","exp1a_s4_PG_r","P","G",0,0,0,0.709116856800392,4.21061783237383,2.59585492266342,0,0,0,1,1,1,0,0,0,1.5,1.5,1.5,0,0,0,2,2,2,0,0,0,2.5,2.5,2.5,0,0,0,3,3,2.59585492266342,0,0,0,3.5,3.5,2.59585492266342,1,0,0,3.81321640400195,4,2.59585492266342,1,0,0,3.81321640400195,4.5,2.59585492266342,1,0,0,3.81321640400195,5,2.59585492266342,1,1,0,3.81321640400195,5.31472601131615,2.59585492266342,1,1,0,3.81321640400195,5.31472601131615,2.59585492266342,1,1,0,3.81321640400195,5.31472601131615,2.59585492266342,2,2,0,3.81321640400195,5.31472601131615,2.59585492266342,1,1,2,3.10409954720156,1.35120579971441,1.10410817894232,0,0,0,1,1,1,0,1,1,1.5,1.35120579971441,1.10410817894232,0,1,1,2,1.35120579971441,1.10410817894232,0,1,1,2.5,1.35120579971441,1.10410817894232,0,1,2,3,1.35120579971441,1.10410817894232,1,1,2,3.10409954720156,1.35120579971441,1.10410817894232,1,1,2,3.10409954720156,1.35120579971441,1.10410817894232,1,1,2,3.10409954720156,1.35120579971441,1.10410817894232,1,1,2,3.10409954720156,1.35120579971441,1.10410817894232,1,1,2,3.10409954720156,1.35120579971441,1.10410817894232,1,1,2,3.10409954720156,1.35120579971441,1.10410817894232,2,1,2,3.10409954720156,1.35120579971441,1.10410817894232,2,1,2,3.10409954720156,1.35120579971441,1.10410817894232,"equal","equal","larger","larger","larger","larger","equal","equal","equal","larger","larger","larger","equal","equal","equal","larger","larger","larger","equal","equal","equal","larger","larger","larger","equal","equal","equal","larger","larger","larger","equal","equal","larger","larger","larger","larger","equal","equal","larger","larger","larger","larger","equal","equal","larger","equal","larger","larger","equal","equal","larger","equal","larger","larger","equal","equal","larger","equal","larger","larger","equal","equal","larger","equal","equal","larger","equal","equal","larger","equal","equal","larger","equal","equal","larger","equal","equal","larger","equal","equal","larger","equal","equal","larger","equal","equal","equal","equal","equal","equal","equal","equal","equal","larger","larger","larger","equal","equal","equal","larger","equal","equal","equal","equal","equal","larger","equal","equal","equal","equal","equal","larger","equal","equal","equal","equal","equal","larger","equal","equal","equal","equal","equal","equal","equal","equal","equal","equal","equal","equal","equal","equal","equal","equal","equal","equal","equal","equal","equal","equal","equal","equal","equal","equal","equal","equal","equal","equal","equal","equal","equal","equal","equal","equal","equal","equal","equal","equal","equal","equal","equal","equal","equal","equal","equal","equal","equal","equal"
4,"PG","unreliable","exp1a_s4_PG_u","P","G",0,0,0,0.709116856800392,4.21061783237383,2.59585492266342,0,0,0,1,1,1,0,0,0,1.5,1.5,1.5,0,0,0,2,2,2,0,0,0,2.5,2.5,2.5,0,0,0,3,3,2.59585492266342,0,0,0,3.5,3.5,2.59585492266342,0,0,0,4,4,2.59585492266342,0,0,0,4.5,4.5,2.59585492266342,0,0,0,5,5,2.59585492266342,0,1,0,5.5,5.31472601131615,2.59585492266342,0,1,0,6,5.31472601131615,2.59585492266342,0,2,0,6.5,5.31472601131615,2.59585492266342,1,2,0,6.78357455808179,5.31472601131615,2.59585492266342,0,1,3,4.72325190156698,1.35120579971441,1.10410817894232,0,0,0,1,1,1,0,1,1,1.5,1.35120579971441,1.10410817894232,0,1,1,2,1.35120579971441,1.10410817894232,0,1,2,2.5,1.35120579971441,1.10410817894232,0,1,2,3,1.35120579971441,1.10410817894232,0,1,2,3.5,1.35120579971441,1.10410817894232,0,1,3,4,1.35120579971441,1.10410817894232,0,1,3,4.5,1.35120579971441,1.10410817894232,0,1,3,5,1.35120579971441,1.10410817894232,0,1,3,5.5,1.35120579971441,1.10410817894232,0,1,3,6,1.35120579971441,1.10410817894232,1,1,3,6.07445770128139,1.35120579971441,1.10410817894232,1,1,3,6.07445770128139,1.35120579971441,1.10410817894232,"equal","equal","larger","larger","larger","larger","equal","equal","equal","larger","larger","larger","equal","equal","equal","larger","larger","larger","equal","equal","equal","larger","larger","larger","equal","equal","equal","larger","larger","larger","equal","equal","larger","larger","larger","larger","equal","equal","larger","larger","larger","larger","equal","equal","larger","larger","larger","larger","equal","equal","larger","larger","larger","larger","equal","equal","larger","larger","larger","larger","equal","equal","larger","larger","equal","larger","equal","equal","larger","larger","equal","larger","equal","equal","larger","larger","equal","larger","equal","equal","larger","equal","equal","larger","equal","equal","equal","larger","equal","equal","equal","equal","equal","larger","larger","larger","equal","equal","equal","larger","equal","equal","equal","equal","equal","larger","equal","equal","equal","equal","equal","larger","equal","equal","equal","equal","equal","larger","equal","equal","equal","equal","equal","larger","equal","equal","equal","equal","equal","larger","equal","equal","equal","equal","equal","larger","equal","equal","equal","equal","equal","larger","equal","equal","equal","equal","equal","larger","equal","equal","equal","equal","equal","larger","equal","equal","equal","equal","equal","equal","equal","equal","equal","equal","equal","equal","equal","equal"
4,"PN","reliable","exp1a_s4_PN_r","P","N",0,0,0,0.709116856800392,4.21061783237383,2.59585492266342,0,0,0,1,1,1,0,0,0,1.5,1.5,1.5,0,0,0,2,2,2,0,0,0,2.5,2.5,2.5,0,0,0,3,3,2.59585492266342,0,0,0,3.5,3.5,2.59585492266342,1,0,0,3.81321640400195,4,2.59585492266342,1,0,0,3.81321640400195,4.5,2.59585492266342,1,0,0,3.81321640400195,5,2.59585492266342,1,0,0,3.81321640400195,5.5,2.59585492266342,1,0,0,3.81321640400195,6,2.59585492266342,1,0,0,3.81321640400195,6.5,2.59585492266342,1,1,0,3.81321640400195,6.99416808407873,2.59585492266342,1,0,1,3.10409954720156,2.24827713496052,2.7835502517049,0,0,0,1,1,1,0,0,0,1.5,1.5,1.5,0,0,0,2,2,2,0,0,0,2.5,2.5,2.5,0,0,1,3,3,2.7835502517049,1,0,1,3.10409954720156,3.5,2.7835502517049,1,0,1,3.10409954720156,4,2.7835502517049,1,0,1,3.10409954720156,4.5,2.7835502517049,1,0,1,3.10409954720156,5,2.7835502517049,1,0,1,3.10409954720156,5.5,2.7835502517049,1,0,1,3.10409954720156,6,2.7835502517049,1,0,1,3.10409954720156,6.5,2.7835502517049,1,0,1,3.10409954720156,7,2.7835502517049,"equal","equal","larger","larger","larger","larger","equal","equal","equal","larger","larger","larger","equal","equal","equal","larger","larger","larger","equal","equal","equal","larger","larger","larger","equal","equal","equal","larger","larger","larger","equal","equal","larger","larger","larger","larger","equal","equal","larger","larger","larger","larger","equal","equal","larger","equal","larger","larger","equal","equal","larger","equal","larger","larger","equal","equal","larger","equal","larger","larger","equal","equal","larger","equal","larger","larger","equal","equal","larger","equal","larger","larger","equal","equal","larger","equal","larger","larger","equal","equal","larger","equal","equal","larger","equal","equal","equal","equal","larger","equal","equal","equal","equal","larger","larger","larger","equal","equal","equal","larger","larger","larger","equal","equal","equal","larger","larger","larger","equal","equal","equal","larger","larger","larger","equal","equal","equal","larger","larger","equal","equal","equal","equal","equal","larger","equal","equal","equal","equal","equal","larger","equal","equal","equal","equal","equal","larger","equal","equal","equal","equal","equal","larger","equal","equal","equal","equal","equal","larger","equal","equal","equal","equal","equal","larger","equal","equal","equal","equal","equal","larger","equal","equal","equal","equal","equal","larger","equal"
4,"PN","unreliable","exp1a_s4_PN_u","P","N",0,0,0,0.709116856800392,4.21061783237383,2.59585492266342,0,0,0,1,1,1,0,0,0,1.5,1.5,1.5,0,0,0,2,2,2,0,0,0,2.5,2.5,2.5,0,0,0,3,3,2.59585492266342,0,0,0,3.5,3.5,2.59585492266342,0,0,0,4,4,2.59585492266342,0,0,0,4.5,4.5,2.59585492266342,0,0,0,5,5,2.59585492266342,0,0,0,5.5,5.5,2.59585492266342,0,0,0,6,6,2.59585492266342,0,1,0,6.5,6.42188733783301,2.59585492266342,0,1,0,7,6.42188733783301,2.59585492266342,0,0,2,4.72325190156698,2.24827713496052,2.21126950545918,0,0,0,1,1,1,0,0,0,1.5,1.5,1.5,0,0,0,2,2,2,0,0,1,2.5,2.5,2.21126950545918,0,0,1,3,3,2.21126950545918,0,0,1,3.5,3.5,2.21126950545918,0,0,2,4,4,2.21126950545918,0,0,2,4.5,4.5,2.21126950545918,0,0,2,5,5,2.21126950545918,0,0,2,5.5,5.5,2.21126950545918,0,0,2,6,6,2.21126950545918,0,0,2,6.5,6.5,2.21126950545918,0,0,2,7,7,2.21126950545918,"equal","equal","larger","larger","larger","larger","equal","equal","equal","larger","larger","larger","equal","equal","equal","larger","larger","larger","equal","equal","equal","larger","larger","larger","equal","equal","equal","larger","larger","larger","equal","equal","larger","larger","larger","larger","equal","equal","larger","larger","larger","larger","equal","equal","larger","larger","larger","larger","equal","equal","larger","larger","larger","larger","equal","equal","larger","larger","larger","larger","equal","equal","larger","larger","larger","larger","equal","equal","larger","larger","larger","larger","equal","equal","larger","larger","equal","larger","equal","equal","larger","larger","equal","larger","equal","equal","equal","larger","larger","equal","equal","equal","equal","larger","larger","larger","equal","equal","equal","larger","larger","larger","equal","equal","equal","larger","larger","larger","equal","equal","equal","larger","larger","equal","equal","equal","equal","larger","larger","equal","equal","equal","equal","larger","larger","equal","equal","equal","equal","larger","larger","equal","equal","equal","equal","larger","larger","equal","equal","equal","equal","larger","larger","equal","equal","equal","equal","larger","larger","equal","equal","equal","equal","larger","larger","equal","equal","equal","equal","larger","larger","equal","equal","equal","equal","larger","larger","equal"
4,"PP","reliable","exp1a_s4_PP_r","P","P",0,0,0,0.709116856800392,4.21061783237383,2.59585492266342,0,0,0,1,1,1,0,0,0,1.5,1.5,1.5,0,0,0,2,2,2,0,0,0,2.5,2.5,2.5,0,0,0,3,3,2.59585492266342,0,0,0,3.5,3.5,2.59585492266342,0,0,0,4,4,2.59585492266342,0,0,0,4.5,4.5,2.59585492266342,0,0,0,5,5,2.59585492266342,0,0,0,5.5,5.5,2.59585492266342,0,0,0,6,6,2.59585492266342,0,0,0,6.5,6.5,2.59585492266342,0,0,0,7,7,2.59585492266342,0,0,0,4.72325190156698,2.24827713496052,4.82836573175155,0,0,0,1,1,1,0,0,0,1.5,1.5,1.5,0,0,0,2,2,2,0,0,0,2.5,2.5,2.5,0,0,0,3,3,3,0,0,0,3.5,3.5,3.5,0,0,0,4,4,4,0,0,0,4.5,4.5,4.5,0,0,0,5,5,5,0,0,0,5.5,5.5,5.5,0,0,0,6,6,6,0,0,0,6.5,6.5,6.5,0,0,0,7,7,7,"equal","equal","larger","larger","larger","larger","equal","equal","equal","larger","larger","larger","equal","equal","equal","larger","larger","larger","equal","equal","equal","larger","larger","larger","equal","equal","equal","larger","larger","larger","equal","equal","larger","larger","larger","larger","equal","equal","larger","larger","larger","larger","equal","equal","larger","larger","larger","larger","equal","equal","larger","larger","larger","larger","equal","equal","larger","larger","larger","larger","equal","equal","larger","larger","larger","larger","equal","equal","larger","larger","larger","larger","equal","equal","larger","larger","larger","larger","equal","equal","larger","larger","larger","larger","equal","equal","equal","larger","larger","larger","equal","equal","equal","larger","larger","larger","equal","equal","equal","larger","larger","larger","equal","equal","equal","larger","larger","larger","equal","equal","equal","larger","larger","larger","equal","equal","equal","larger","larger","larger","equal","equal","equal","larger","larger","larger","equal","equal","equal","larger","larger","larger","equal","equal","equal","larger","larger","larger","equal","equal","equal","larger","larger","larger","equal","equal","equal","larger","larger","larger","equal","equal","equal","larger","larger","larger","equal","equal","equal","larger","larger","larger","equal","equal","equal","larger","larger","larger"
4,"PP","unreliable","exp1a_s4_PP_u","P","P",0,0,0,0.709116856800392,4.21061783237383,2.59585492266342,0,0,0,1,1,1,0,0,0,1.5,1.5,1.5,0,0,0,2,2,2,0,0,0,2.5,2.5,2.5,0,0,0,3,3,2.59585492266342,0,0,0,3.5,3.5,2.59585492266342,0,0,0,4,4,2.59585492266342,0,0,0,4.5,4.5,2.59585492266342,0,0,0,5,5,2.59585492266342,0,0,0,5.5,5.5,2.59585492266342,0,0,0,6,6,2.59585492266342,0,0,0,6.5,6.5,2.59585492266342,0,0,0,7,7,2.59585492266342,0,0,1,4.72325190156698,2.24827713496052,3.82026755535525,0,0,0,1,1,1,0,0,0,1.5,1.5,1.5,0,0,0,2,2,2,0,0,0,2.5,2.5,2.5,0,0,0,3,3,3,0,0,0,3.5,3.5,3.5,0,0,1,4,4,3.82026755535525,0,0,1,4.5,4.5,3.82026755535525,0,0,1,5,5,3.82026755535525,0,0,1,5.5,5.5,3.82026755535525,0,0,1,6,6,3.82026755535525,0,0,1,6.5,6.5,3.82026755535525,0,0,1,7,7,3.82026755535525,"equal","equal","larger","larger","larger","larger","equal","equal","equal","larger","larger","larger","equal","equal","equal","larger","larger","larger","equal","equal","equal","larger","larger","larger","equal","equal","equal","larger","larger","larger","equal","equal","larger","larger","larger","larger","equal","equal","larger","larger","larger","larger","equal","equal","larger","larger","larger","larger","equal","equal","larger","larger","larger","larger","equal","equal","larger","larger","larger","larger","equal","equal","larger","larger","larger","larger","equal","equal","larger","larger","larger","larger","equal","equal","larger","larger","larger","larger","equal","equal","larger","larger","larger","larger","equal","equal","equal","larger","larger","equal","equal","equal","equal","larger","larger","larger","equal","equal","equal","larger","larger","larger","equal","equal","equal","larger","larger","larger","equal","equal","equal","larger","larger","larger","equal","equal","equal","larger","larger","larger","equal","equal","equal","larger","larger","larger","equal","equal","equal","larger","larger","equal","equal","equal","equal","larger","larger","equal","equal","equal","equal","larger","larger","equal","equal","equal","equal","larger","larger","equal","equal","equal","equal","larger","larger","equal","equal","equal","equal","larger","larger","equal","equal","equal","equal","larger","larger","equal"
5,"GG","reliable","exp1a_s5_GG_r","G","G",2,2,3,1.52500426231,1.13337231113547,0.482949189406719,0,0,1,1,1,0.482949189406719,0,1,2,1.5,1.13337231113547,0.482949189406719,1,2,2,1.52500426231,1.13337231113547,0.482949189406719,1,2,3,1.52500426231,1.13337231113547,0.482949189406719,1,2,3,1.52500426231,1.13337231113547,0.482949189406719,2,2,3,1.52500426231,1.13337231113547,0.482949189406719,2,2,3,1.52500426231,1.13337231113547,0.482949189406719,2,3,4,1.52500426231,1.13337231113547,0.482949189406719,2,3,4,1.52500426231,1.13337231113547,0.482949189406719,2,4,4,1.52500426231,1.13337231113547,0.482949189406719,2,4,4,1.52500426231,1.13337231113547,0.482949189406719,2,5,4,1.52500426231,1.13337231113547,0.482949189406719,2,5,4,1.52500426231,1.13337231113547,0.482949189406719,0,1,1,1.36209515179507,1.44347517703881,1.30869261491473,0,0,0,1,1,1,0,1,1,1.5,1.44347517703881,1.30869261491473,1,1,1,1.84504434120179,1.44347517703881,1.30869261491473,1,1,1,1.84504434120179,1.44347517703881,1.30869261491473,2,1,1,1.84504434120179,1.44347517703881,1.30869261491473,2,1,1,1.84504434120179,1.44347517703881,1.30869261491473,3,1,1,1.84504434120179,1.44347517703881,1.30869261491473,3,2,1,1.84504434120179,1.44347517703881,1.30869261491473,3,2,1,1.84504434120179,1.44347517703881,1.30869261491473,4,2,1,1.84504434120179,1.44347517703881,1.30869261491473,4,2,1,1.84504434120179,1.44347517703881,1.30869261491473,4,2,1,1.84504434120179,1.44347517703881,1.30869261491473,4,2,1,1.84504434120179,1.44347517703881,1.30869261491473,"equal","equal","equal","equal","equal","equal","equal","equal","equal","larger","larger","equal","equal","equal","equal","larger","equal","equal","equal","equal","equal","equal","equal","equal","equal","equal","equal","equal","equal","equal","equal","equal","equal","equal","equal","equal","equal","equal","equal","equal","equal","equal","equal","equal","equal","equal","equal","equal","equal","equal","equal","equal","equal","equal","equal","equal","equal","equal","equal","equal","equal","equal","equal","equal","equal","equal","equal","equal","equal","equal","equal","equal","equal","equal","equal","equal","equal","equal","equal","equal","equal","equal","equal","equal","equal","equal","larger","larger","equal","equal","equal","equal","equal","larger","larger","larger","equal","equal","equal","larger","equal","equal","equal","equal","larger","equal","equal","equal","equal","equal","larger","equal","equal","equal","equal","equal","larger","equal","equal","equal","equal","equal","larger","equal","equal","equal","equal","equal","larger","equal","equal","equal","equal","equal","larger","equal","equal","equal","equal","larger","larger","equal","equal","equal","equal","larger","larger","equal","equal","equal","equal","larger","larger","equal","equal","equal","equal","larger","larger","equal","equal","equal","equal","larger","larger","equal","equal","equal"
5,"GG","unreliable","exp1a_s5_GG_u","G","G",3,1,2,0.786705016137315,1.13337231113547,0.482949189406719,1,0,1,0.786705016137315,1,0.482949189406719,1,1,2,0.786705016137315,1.13337231113547,0.482949189406719,2,1,2,0.786705016137315,1.13337231113547,0.482949189406719,2,1,2,0.786705016137315,1.13337231113547,0.482949189406719,2,1,2,0.786705016137315,1.13337231113547,0.482949189406719,2,1,2,0.786705016137315,1.13337231113547,0.482949189406719,2,1,2,0.786705016137315,1.13337231113547,0.482949189406719,2,2,3,0.786705016137315,1.13337231113547,0.482949189406719,2,2,3,0.786705016137315,1.13337231113547,0.482949189406719,3,3,3,0.786705016137315,1.13337231113547,0.482949189406719,3,3,3,0.786705016137315,1.13337231113547,0.482949189406719,3,3,3,0.786705016137315,1.13337231113547,0.482949189406719,3,3,4,0.786705016137315,1.13337231113547,0.482949189406719,0,1,1,1.36209515179507,1.44347517703881,1.05925878871222,0,0,0,1,1,1,0,1,1,1.5,1.44347517703881,1.05925878871222,1,1,1,1.84504434120179,1.44347517703881,1.05925878871222,1,1,1,1.84504434120179,1.44347517703881,1.05925878871222,2,1,1,1.84504434120179,1.44347517703881,1.05925878871222,2,1,1,1.84504434120179,1.44347517703881,1.05925878871222,2,1,1,1.84504434120179,1.44347517703881,1.05925878871222,2,2,1,1.84504434120179,1.44347517703881,1.05925878871222,2,2,1,1.84504434120179,1.44347517703881,1.05925878871222,3,2,1,1.84504434120179,1.44347517703881,1.05925878871222,3,2,1,1.84504434120179,1.44347517703881,1.05925878871222,3,2,1,1.84504434120179,1.44347517703881,1.05925878871222,3,2,1,1.84504434120179,1.44347517703881,1.05925878871222,"equal","equal","equal","equal","equal","equal","equal","equal","equal","equal","larger","equal","equal","equal","equal","equal","equal","equal","equal","equal","equal","equal","equal","equal","equal","equal","equal","equal","equal","equal","equal","equal","equal","equal","equal","equal","equal","equal","equal","equal","equal","equal","equal","equal","equal","equal","equal","equal","equal","equal","equal","equal","equal","equal","equal","equal","equal","equal","equal","equal","equal","equal","equal","equal","equal","equal","equal","equal","equal","equal","equal","equal","equal","equal","equal","equal","equal","equal","equal","equal","equal","equal","equal","equal","equal","equal","larger","larger","equal","equal","equal","equal","equal","larger","larger","larger","equal","equal","equal","larger","equal","equal","equal","equal","larger","equal","equal","equal","equal","equal","larger","equal","equal","equal","equal","equal","larger","equal","equal","equal","equal","equal","larger","equal","equal","equal","equal","equal","larger","equal","equal","equal","equal","equal","larger","equal","equal","equal","equal","larger","larger","equal","equal","equal","equal","larger","larger","equal","equal","equal","equal","larger","larger","equal","equal","equal","equal","larger","larger","equal","equal","equal","equal","larger","larger","equal","equal","equal"
5,"GN","reliable","exp1a_s5_GN_r","G","N",2,2,2,1.52500426231,1.13337231113547,1.48805883900893,0,0,0,1,1,1,0,1,1,1.5,1.13337231113547,1.48805883900893,1,2,1,1.52500426231,1.13337231113547,1.48805883900893,1,2,2,1.52500426231,1.13337231113547,1.48805883900893,1,2,2,1.52500426231,1.13337231113547,1.48805883900893,2,2,2,1.52500426231,1.13337231113547,1.48805883900893,2,2,2,1.52500426231,1.13337231113547,1.48805883900893,2,2,2,1.52500426231,1.13337231113547,1.48805883900893,2,2,2,1.52500426231,1.13337231113547,1.48805883900893,2,3,2,1.52500426231,1.13337231113547,1.48805883900893,2,3,2,1.52500426231,1.13337231113547,1.48805883900893,2,4,2,1.52500426231,1.13337231113547,1.48805883900893,2,4,2,1.52500426231,1.13337231113547,1.48805883900893,0,0,1,1.36209515179507,3.05876910220832,1.30869261491473,0,0,0,1,1,1,0,0,1,1.5,1.5,1.30869261491473,0,0,1,2,2,1.30869261491473,0,0,1,2.5,2.5,1.30869261491473,1,0,1,2.85015399080401,3,1.30869261491473,1,0,1,2.85015399080401,3.5,1.30869261491473,2,0,1,2.85015399080401,4,1.30869261491473,2,1,1,2.85015399080401,4.36746171712304,1.30869261491473,2,1,1,2.85015399080401,4.36746171712304,1.30869261491473,2,1,1,2.85015399080401,4.36746171712304,1.30869261491473,2,1,1,2.85015399080401,4.36746171712304,1.30869261491473,2,1,1,2.85015399080401,4.36746171712304,1.30869261491473,2,1,1,2.85015399080401,4.36746171712304,1.30869261491473,"equal","equal","equal","equal","equal","equal","equal","equal","equal","larger","larger","larger","equal","equal","equal","larger","equal","equal","equal","equal","equal","equal","equal","equal","equal","equal","equal","equal","equal","equal","equal","equal","equal","equal","equal","equal","equal","equal","equal","equal","equal","equal","equal","equal","equal","equal","equal","equal","equal","equal","equal","equal","equal","equal","equal","equal","equal","equal","equal","equal","equal","equal","equal","equal","equal","equal","equal","equal","equal","equal","equal","equal","equal","equal","equal","equal","equal","equal","equal","equal","equal","equal","equal","equal","equal","equal","larger","larger","larger","equal","equal","equal","equal","larger","larger","larger","equal","equal","equal","larger","larger","equal","equal","equal","larger","larger","larger","equal","equal","equal","larger","larger","larger","equal","equal","equal","larger","equal","larger","equal","equal","equal","larger","equal","larger","equal","equal","equal","larger","equal","larger","equal","equal","equal","larger","equal","equal","equal","equal","larger","larger","equal","equal","equal","equal","larger","larger","equal","equal","equal","equal","larger","larger","equal","equal","equal","equal","larger","larger","equal","equal","equal","equal","larger","larger","equal","equal","equal"
5,"GN","unreliable","exp1a_s5_GN_u","G","N",3,1,1,0.786705016137315,1.13337231113547,1.48805883900893,1,0,0,0.786705016137315,1,1,1,1,1,0.786705016137315,1.13337231113547,1.48805883900893,2,1,1,0.786705016137315,1.13337231113547,1.48805883900893,2,1,1,0.786705016137315,1.13337231113547,1.48805883900893,2,1,1,0.786705016137315,1.13337231113547,1.48805883900893,2,1,1,0.786705016137315,1.13337231113547,1.48805883900893,2,1,1,0.786705016137315,1.13337231113547,1.48805883900893,2,1,1,0.786705016137315,1.13337231113547,1.48805883900893,2,1,1,0.786705016137315,1.13337231113547,1.48805883900893,3,2,1,0.786705016137315,1.13337231113547,1.48805883900893,3,2,1,0.786705016137315,1.13337231113547,1.48805883900893,3,2,1,0.786705016137315,1.13337231113547,1.48805883900893,3,2,2,0.786705016137315,1.13337231113547,1.48805883900893,0,0,1,1.36209515179507,3.05876910220832,1.05925878871222,0,0,0,1,1,1,0,0,1,1.5,1.5,1.05925878871222,0,0,1,2,2,1.05925878871222,0,0,1,2.5,2.5,1.05925878871222,1,0,1,2.85015399080401,3,1.05925878871222,1,0,1,2.85015399080401,3.5,1.05925878871222,1,0,1,2.85015399080401,4,1.05925878871222,1,1,1,2.85015399080401,4.11802789092054,1.05925878871222,1,1,1,2.85015399080401,4.11802789092054,1.05925878871222,1,1,1,2.85015399080401,4.11802789092054,1.05925878871222,1,1,1,2.85015399080401,4.11802789092054,1.05925878871222,1,1,1,2.85015399080401,4.11802789092054,1.05925878871222,1,1,1,2.85015399080401,4.11802789092054,1.05925878871222,"equal","equal","equal","equal","equal","equal","equal","equal","equal","equal","larger","larger","equal","equal","equal","equal","equal","equal","equal","equal","equal","equal","equal","equal","equal","equal","equal","equal","equal","equal","equal","equal","equal","equal","equal","equal","equal","equal","equal","equal","equal","equal","equal","equal","equal","equal","equal","equal","equal","equal","equal","equal","equal","equal","equal","equal","equal","equal","equal","equal","equal","equal","equal","equal","equal","equal","equal","equal","equal","equal","equal","equal","equal","equal","equal","equal","equal","equal","equal","equal","equal","equal","equal","equal","equal","equal","larger","larger","larger","equal","equal","equal","equal","larger","larger","larger","equal","equal","equal","larger","larger","equal","equal","equal","larger","larger","larger","equal","equal","equal","larger","larger","larger","equal","equal","equal","larger","equal","larger","equal","equal","equal","larger","equal","larger","equal","equal","equal","larger","equal","larger","equal","equal","equal","larger","equal","equal","equal","equal","larger","larger","equal","equal","equal","equal","larger","larger","equal","equal","equal","equal","larger","larger","equal","equal","equal","equal","larger","larger","equal","equal","equal","equal","larger","larger","equal","equal","equal"
5,"GP","reliable","exp1a_s5_GP_r","G","P",2,2,1,1.52500426231,1.13337231113547,2.14339622141529,0,0,0,1,1,1,0,1,0,1.5,1.13337231113547,1.5,1,2,0,1.52500426231,1.13337231113547,2,1,2,1,1.52500426231,1.13337231113547,2.14339622141529,1,2,1,1.52500426231,1.13337231113547,2.14339622141529,2,2,1,1.52500426231,1.13337231113547,2.14339622141529,2,2,1,1.52500426231,1.13337231113547,2.14339622141529,2,2,1,1.52500426231,1.13337231113547,2.14339622141529,2,2,1,1.52500426231,1.13337231113547,2.14339622141529,2,2,1,1.52500426231,1.13337231113547,2.14339622141529,2,2,1,1.52500426231,1.13337231113547,2.14339622141529,2,3,1,1.52500426231,1.13337231113547,2.14339622141529,2,3,1,1.52500426231,1.13337231113547,2.14339622141529,0,0,0,1.36209515179507,3.05876910220832,1.92376113729551,0,0,0,1,1,1,0,0,0,1.5,1.5,1.5,0,0,0,2,2,1.92376113729551,0,0,0,2.5,2.5,1.92376113729551,0,0,0,3,3,1.92376113729551,0,0,0,3.5,3.5,1.92376113729551,1,0,0,3.50549137321036,4,1.92376113729551,1,0,0,3.50549137321036,4.5,1.92376113729551,1,0,0,3.50549137321036,4.98253023950383,1.92376113729551,1,0,0,3.50549137321036,4.98253023950383,1.92376113729551,1,0,0,3.50549137321036,4.98253023950383,1.92376113729551,1,0,0,3.50549137321036,4.98253023950383,1.92376113729551,1,0,0,3.50549137321036,4.98253023950383,1.92376113729551,"equal","equal","equal","equal","equal","equal","equal","equal","equal","larger","larger","larger","equal","equal","equal","larger","equal","larger","equal","equal","equal","equal","equal","larger","equal","equal","equal","equal","equal","equal","equal","equal","equal","equal","equal","equal","equal","equal","equal","equal","equal","equal","equal","equal","equal","equal","equal","equal","equal","equal","equal","equal","equal","equal","equal","equal","equal","equal","equal","equal","equal","equal","equal","equal","equal","equal","equal","equal","equal","equal","equal","equal","equal","equal","equal","equal","equal","equal","equal","equal","equal","equal","equal","equal","equal","equal","larger","larger","larger","larger","equal","equal","equal","larger","larger","larger","equal","equal","equal","larger","larger","larger","equal","equal","larger","larger","larger","larger","equal","equal","larger","larger","larger","larger","equal","equal","larger","larger","larger","larger","equal","equal","larger","larger","larger","larger","equal","equal","larger","equal","larger","larger","equal","equal","larger","equal","larger","larger","equal","larger","larger","equal","larger","larger","equal","larger","larger","equal","larger","larger","equal","larger","larger","equal","larger","larger","equal","larger","larger","equal","larger","larger","equal","larger","larger","equal","larger","larger"
5,"GP","unreliable","exp1a_s5_GP_u","G","P",3,1,0,0.786705016137315,1.13337231113547,2.63425779249519,1,0,0,0.786705016137315,1,1,1,1,0,0.786705016137315,1.13337231113547,1.5,2,1,0,0.786705016137315,1.13337231113547,2,2,1,0,0.786705016137315,1.13337231113547,2.5,2,1,0,0.786705016137315,1.13337231113547,3,2,1,0,0.786705016137315,1.13337231113547,3.5,2,1,0,0.786705016137315,1.13337231113547,4,2,1,0,0.786705016137315,1.13337231113547,4.5,2,1,0,0.786705016137315,1.13337231113547,5,3,1,0,0.786705016137315,1.13337231113547,5.5,3,1,0,0.786705016137315,1.13337231113547,6,3,1,0,0.786705016137315,1.13337231113547,6.5,3,1,0,0.786705016137315,1.13337231113547,7,0,0,0,1.36209515179507,3.05876910220832,1.92376113729551,0,0,0,1,1,1,0,0,0,1.5,1.5,1.5,0,0,0,2,2,1.92376113729551,0,0,0,2.5,2.5,1.92376113729551,0,0,0,3,3,1.92376113729551,0,0,0,3.5,3.5,1.92376113729551,0,0,0,4,4,1.92376113729551,0,0,0,4.5,4.5,1.92376113729551,0,0,0,5,4.98253023950383,1.92376113729551,0,0,0,5.5,4.98253023950383,1.92376113729551,0,0,0,6,4.98253023950383,1.92376113729551,0,0,0,6.5,4.98253023950383,1.92376113729551,0,0,0,7,4.98253023950383,1.92376113729551,"equal","equal","equal","equal","equal","larger","equal","equal","equal","equal","larger","larger","equal","equal","equal","equal","equal","larger","equal","equal","equal","equal","equal","larger","equal","equal","equal","equal","equal","larger","equal","equal","equal","equal","equal","larger","equal","equal","equal","equal","equal","larger","equal","equal","equal","equal","equal","larger","equal","equal","equal","equal","equal","larger","equal","equal","equal","equal","equal","larger","equal","equal","equal","equal","equal","larger","equal","equal","equal","equal","equal","larger","equal","equal","equal","equal","equal","larger","equal","equal","equal","equal","equal","larger","equal","equal","larger","larger","larger","larger","equal","equal","equal","larger","larger","larger","equal","equal","equal","larger","larger","larger","equal","equal","larger","larger","larger","larger","equal","equal","larger","larger","larger","larger","equal","equal","larger","larger","larger","larger","equal","equal","larger","larger","larger","larger","equal","equal","larger","larger","larger","larger","equal","equal","larger","larger","larger","larger","equal","larger","larger","larger","larger","larger","equal","larger","larger","larger","larger","larger","equal","larger","larger","larger","larger","larger","equal","larger","larger","larger","larger","larger","equal","larger","larger","larger","larger","larger"
5,"NG","reliable","exp1a_s5_NG_r","N","G",1,1,2,3.20187809499325,1.8038163688912,0.482949189406719,0,0,1,1,1,0.482949189406719,0,0,1,1.5,1.5,0.482949189406719,0,1,1,2,1.8038163688912,0.482949189406719,0,1,2,2.5,1.8038163688912,0.482949189406719,0,1,2,3,1.8038163688912,0.482949189406719,1,1,2,3.20187809499325,1.8038163688912,0.482949189406719,1,1,2,3.20187809499325,1.8038163688912,0.482949189406719,1,2,3,3.20187809499325,1.8038163688912,0.482949189406719,1,2,3,3.20187809499325,1.8038163688912,0.482949189406719,1,2,3,3.20187809499325,1.8038163688912,0.482949189406719,1,2,3,3.20187809499325,1.8038163688912,0.482949189406719,1,3,3,3.20187809499325,1.8038163688912,0.482949189406719,1,3,3,3.20187809499325,1.8038163688912,0.482949189406719,0,1,1,1.36209515179507,1.44347517703881,1.30869261491473,0,0,0,1,1,1,0,1,1,1.5,1.44347517703881,1.30869261491473,1,1,1,1.84504434120179,1.44347517703881,1.30869261491473,1,1,1,1.84504434120179,1.44347517703881,1.30869261491473,1,1,1,1.84504434120179,1.44347517703881,1.30869261491473,1,1,1,1.84504434120179,1.44347517703881,1.30869261491473,2,1,1,1.84504434120179,1.44347517703881,1.30869261491473,2,2,1,1.84504434120179,1.44347517703881,1.30869261491473,2,2,1,1.84504434120179,1.44347517703881,1.30869261491473,3,2,1,1.84504434120179,1.44347517703881,1.30869261491473,3,2,1,1.84504434120179,1.44347517703881,1.30869261491473,3,2,1,1.84504434120179,1.44347517703881,1.30869261491473,3,2,1,1.84504434120179,1.44347517703881,1.30869261491473,"equal","equal","equal","equal","equal","equal","equal","equal","equal","larger","larger","equal","equal","equal","equal","larger","larger","equal","equal","equal","equal","larger","equal","equal","equal","equal","equal","larger","equal","equal","equal","equal","equal","larger","equal","equal","equal","equal","equal","equal","equal","equal","equal","equal","equal","equal","equal","equal","equal","equal","equal","equal","equal","equal","equal","equal","equal","equal","equal","equal","equal","equal","equal","equal","equal","equal","equal","equal","equal","equal","equal","equal","equal","equal","equal","equal","equal","equal","equal","equal","equal","equal","equal","equal","equal","equal","larger","larger","equal","equal","equal","equal","equal","larger","larger","larger","equal","equal","equal","larger","equal","equal","equal","equal","larger","equal","equal","equal","equal","equal","larger","equal","equal","equal","equal","equal","larger","equal","equal","equal","equal","equal","larger","equal","equal","equal","equal","equal","larger","equal","equal","equal","equal","equal","larger","equal","equal","equal","equal","larger","larger","equal","equal","equal","equal","larger","larger","equal","equal","equal","equal","larger","larger","equal","equal","equal","equal","larger","larger","equal","equal","equal","equal","larger","larger","equal","equal","equal"
5,"NG","unreliable","exp1a_s5_NG_u","N","G",2,0,1,0.786705016137315,2.55142254545353,0.482949189406719,1,0,1,0.786705016137315,1,0.482949189406719,1,0,1,0.786705016137315,1.5,0.482949189406719,1,0,1,0.786705016137315,2,0.482949189406719,1,0,1,0.786705016137315,2.5,0.482949189406719,1,0,1,0.786705016137315,3,0.482949189406719,1,0,1,0.786705016137315,3.5,0.482949189406719,1,0,1,0.786705016137315,4,0.482949189406719,1,1,2,0.786705016137315,4.39646688665533,0.482949189406719,1,1,2,0.786705016137315,4.39646688665533,0.482949189406719,2,1,2,0.786705016137315,4.39646688665533,0.482949189406719,2,1,2,0.786705016137315,4.39646688665533,0.482949189406719,2,1,2,0.786705016137315,4.39646688665533,0.482949189406719,2,1,3,0.786705016137315,4.39646688665533,0.482949189406719,0,1,1,1.36209515179507,1.44347517703881,1.05925878871222,0,0,0,1,1,1,0,1,1,1.5,1.44347517703881,1.05925878871222,1,1,1,1.84504434120179,1.44347517703881,1.05925878871222,1,1,1,1.84504434120179,1.44347517703881,1.05925878871222,1,1,1,1.84504434120179,1.44347517703881,1.05925878871222,1,1,1,1.84504434120179,1.44347517703881,1.05925878871222,1,1,1,1.84504434120179,1.44347517703881,1.05925878871222,1,2,1,1.84504434120179,1.44347517703881,1.05925878871222,1,2,1,1.84504434120179,1.44347517703881,1.05925878871222,2,2,1,1.84504434120179,1.44347517703881,1.05925878871222,2,2,1,1.84504434120179,1.44347517703881,1.05925878871222,2,2,1,1.84504434120179,1.44347517703881,1.05925878871222,2,2,1,1.84504434120179,1.44347517703881,1.05925878871222,"equal","equal","equal","equal","larger","equal","equal","equal","equal","equal","larger","equal","equal","equal","equal","equal","larger","equal","equal","equal","equal","equal","larger","equal","equal","equal","equal","equal","larger","equal","equal","equal","equal","equal","larger","equal","equal","equal","equal","equal","larger","equal","equal","equal","equal","equal","larger","equal","equal","equal","equal","equal","equal","equal","equal","equal","equal","equal","equal","equal","equal","equal","equal","equal","equal","equal","equal","equal","equal","equal","equal","equal","equal","equal","equal","equal","equal","equal","equal","equal","equal","equal","equal","equal","equal","equal","larger","larger","equal","equal","equal","equal","equal","larger","larger","larger","equal","equal","equal","larger","equal","equal","equal","equal","larger","equal","equal","equal","equal","equal","larger","equal","equal","equal","equal","equal","larger","equal","equal","equal","equal","equal","larger","equal","equal","equal","equal","equal","larger","equal","equal","equal","equal","equal","larger","equal","equal","equal","equal","larger","larger","equal","equal","equal","equal","larger","larger","equal","equal","equal","equal","larger","larger","equal","equal","equal","equal","larger","larger","equal","equal","equal","equal","larger","larger","equal","equal","equal"
5,"NN","reliable","exp1a_s5_NN_r","N","N",1,1,1,3.20187809499325,1.8038163688912,2.14339622141529,0,0,0,1,1,1,0,0,0,1.5,1.5,1.5,0,1,0,2,1.8038163688912,2,0,1,1,2.5,1.8038163688912,2.14339622141529,0,1,1,3,1.8038163688912,2.14339622141529,1,1,1,3.20187809499325,1.8038163688912,2.14339622141529,1,1,1,3.20187809499325,1.8038163688912,2.14339622141529,1,1,1,3.20187809499325,1.8038163688912,2.14339622141529,1,1,1,3.20187809499325,1.8038163688912,2.14339622141529,1,1,1,3.20187809499325,1.8038163688912,2.14339622141529,1,1,1,3.20187809499325,1.8038163688912,2.14339622141529,1,2,1,3.20187809499325,1.8038163688912,2.14339622141529,1,2,1,3.20187809499325,1.8038163688912,2.14339622141529,0,0,1,1.36209515179507,3.05876910220832,1.30869261491473,0,0,0,1,1,1,0,0,1,1.5,1.5,1.30869261491473,0,0,1,2,2,1.30869261491473,0,0,1,2.5,2.5,1.30869261491473,0,0,1,3,3,1.30869261491473,0,0,1,3.5,3.5,1.30869261491473,1,0,1,3.50549137321036,4,1.30869261491473,1,1,1,3.50549137321036,4.36746171712304,1.30869261491473,1,1,1,3.50549137321036,4.36746171712304,1.30869261491473,1,1,1,3.50549137321036,4.36746171712304,1.30869261491473,1,1,1,3.50549137321036,4.36746171712304,1.30869261491473,1,1,1,3.50549137321036,4.36746171712304,1.30869261491473,1,1,1,3.50549137321036,4.36746171712304,1.30869261491473,"equal","equal","equal","equal","equal","equal","equal","equal","equal","larger","larger","larger","equal","equal","equal","larger","larger","larger","equal","equal","equal","larger","equal","larger","equal","equal","equal","larger","equal","equal","equal","equal","equal","larger","equal","equal","equal","equal","equal","equal","equal","equal","equal","equal","equal","equal","equal","equal","equal","equal","equal","equal","equal","equal","equal","equal","equal","equal","equal","equal","equal","equal","equal","equal","equal","equal","equal","equal","equal","equal","equal","equal","equal","equal","equal","equal","equal","equal","equal","equal","equal","equal","equal","equal","equal","equal","larger","larger","larger","equal","equal","equal","equal","larger","larger","larger","equal","equal","equal","larger","larger","equal","equal","equal","larger","larger","larger","equal","equal","equal","larger","larger","larger","equal","equal","equal","larger","larger","larger","equal","equal","equal","larger","larger","larger","equal","equal","equal","larger","equal","larger","equal","equal","equal","larger","equal","equal","equal","equal","larger","larger","equal","equal","equal","equal","larger","larger","equal","equal","equal","equal","larger","larger","equal","equal","equal","equal","larger","larger","equal","equal","equal","equal","larger","larger","equal","equal","equal"
5,"NN","unreliable","exp1a_s5_NN_u","N","N",2,0,0,0.786705016137315,2.55142254545353,2.63425779249519,1,0,0,0.786705016137315,1,1,1,0,0,0.786705016137315,1.5,1.5,1,0,0,0.786705016137315,2,2,1,0,0,0.786705016137315,2.5,2.5,1,0,0,0.786705016137315,3,3,1,0,0,0.786705016137315,3.5,3.5,1,0,0,0.786705016137315,4,4,1,0,0,0.786705016137315,4.5,4.5,1,0,0,0.786705016137315,5,5,2,0,0,0.786705016137315,5.5,5.5,2,0,0,0.786705016137315,6,6,2,0,0,0.786705016137315,6.5,6.5,2,0,1,0.786705016137315,7,6.75228568341573,0,0,1,1.36209515179507,3.05876910220832,1.05925878871222,0,0,0,1,1,1,0,0,1,1.5,1.5,1.05925878871222,0,0,1,2,2,1.05925878871222,0,0,1,2.5,2.5,1.05925878871222,0,0,1,3,3,1.05925878871222,0,0,1,3.5,3.5,1.05925878871222,0,0,1,4,4,1.05925878871222,0,1,1,4.5,4.11802789092054,1.05925878871222,0,1,1,5,4.11802789092054,1.05925878871222,0,1,1,5.5,4.11802789092054,1.05925878871222,0,1,1,6,4.11802789092054,1.05925878871222,0,1,1,6.5,4.11802789092054,1.05925878871222,0,1,1,7,4.11802789092054,1.05925878871222,"equal","equal","equal","equal","larger","larger","equal","equal","equal","equal","larger","larger","equal","equal","equal","equal","larger","larger","equal","equal","equal","equal","larger","larger","equal","equal","equal","equal","larger","larger","equal","equal","equal","equal","larger","larger","equal","equal","equal","equal","larger","larger","equal","equal","equal","equal","larger","larger","equal","equal","equal","equal","larger","larger","equal","equal","equal","equal","larger","larger","equal","equal","equal","equal","larger","larger","equal","equal","equal","equal","larger","larger","equal","equal","equal","equal","larger","larger","equal","equal","equal","equal","larger","equal","equal","equal","larger","larger","larger","equal","equal","equal","equal","larger","larger","larger","equal","equal","equal","larger","larger","equal","equal","equal","larger","larger","larger","equal","equal","equal","larger","larger","larger","equal","equal","equal","larger","larger","larger","equal","equal","equal","larger","larger","larger","equal","equal","equal","larger","larger","larger","equal","equal","equal","larger","larger","equal","equal","equal","larger","larger","larger","equal","equal","equal","larger","larger","larger","equal","equal","equal","larger","larger","larger","equal","equal","equal","larger","larger","larger","equal","equal","equal","larger","larger","larger","equal","equal"
5,"NP","reliable","exp1a_s5_NP_r","N","P",1,1,1,3.20187809499325,1.8038163688912,2.14339622141529,0,0,0,1,1,1,0,0,0,1.5,1.5,1.5,0,1,0,2,1.8038163688912,2,0,1,1,2.5,1.8038163688912,2.14339622141529,0,1,1,3,1.8038163688912,2.14339622141529,1,1,1,3.20187809499325,1.8038163688912,2.14339622141529,1,1,1,3.20187809499325,1.8038163688912,2.14339622141529,1,1,1,3.20187809499325,1.8038163688912,2.14339622141529,1,1,1,3.20187809499325,1.8038163688912,2.14339622141529,1,1,1,3.20187809499325,1.8038163688912,2.14339622141529,1,1,1,3.20187809499325,1.8038163688912,2.14339622141529,1,2,1,3.20187809499325,1.8038163688912,2.14339622141529,1,2,1,3.20187809499325,1.8038163688912,2.14339622141529,0,0,0,1.36209515179507,3.05876910220832,1.92376113729551,0,0,0,1,1,1,0,0,0,1.5,1.5,1.5,0,0,0,2,2,1.92376113729551,0,0,0,2.5,2.5,1.92376113729551,0,0,0,3,3,1.92376113729551,0,0,0,3.5,3.5,1.92376113729551,1,0,0,3.50549137321036,4,1.92376113729551,1,0,0,3.50549137321036,4.5,1.92376113729551,1,0,0,3.50549137321036,4.98253023950383,1.92376113729551,1,0,0,3.50549137321036,4.98253023950383,1.92376113729551,1,0,0,3.50549137321036,4.98253023950383,1.92376113729551,1,0,0,3.50549137321036,4.98253023950383,1.92376113729551,1,0,0,3.50549137321036,4.98253023950383,1.92376113729551,"equal","equal","equal","equal","equal","equal","equal","equal","equal","larger","larger","larger","equal","equal","equal","larger","larger","larger","equal","equal","equal","larger","equal","larger","equal","equal","equal","larger","equal","equal","equal","equal","equal","larger","equal","equal","equal","equal","equal","equal","equal","equal","equal","equal","equal","equal","equal","equal","equal","equal","equal","equal","equal","equal","equal","equal","equal","equal","equal","equal","equal","equal","equal","equal","equal","equal","equal","equal","equal","equal","equal","equal","equal","equal","equal","equal","equal","equal","equal","equal","equal","equal","equal","equal","equal","equal","larger","larger","larger","larger","equal","equal","equal","larger","larger","larger","equal","equal","equal","larger","larger","larger","equal","equal","larger","larger","larger","larger","equal","equal","larger","larger","larger","larger","equal","equal","larger","larger","larger","larger","equal","equal","larger","larger","larger","larger","equal","equal","larger","equal","larger","larger","equal","equal","larger","equal","larger","larger","equal","larger","larger","equal","larger","larger","equal","larger","larger","equal","larger","larger","equal","larger","larger","equal","larger","larger","equal","larger","larger","equal","larger","larger","equal","larger","larger","equal","larger","larger"
5,"NP","unreliable","exp1a_s5_NP_u","N","P",2,0,0,0.786705016137315,2.55142254545353,2.63425779249519,1,0,0,0.786705016137315,1,1,1,0,0,0.786705016137315,1.5,1.5,1,0,0,0.786705016137315,2,2,1,0,0,0.786705016137315,2.5,2.5,1,0,0,0.786705016137315,3,3,1,0,0,0.786705016137315,3.5,3.5,1,0,0,0.786705016137315,4,4,1,0,0,0.786705016137315,4.5,4.5,1,0,0,0.786705016137315,5,5,2,0,0,0.786705016137315,5.5,5.5,2,0,0,0.786705016137315,6,6,2,0,0,0.786705016137315,6.5,6.5,2,0,0,0.786705016137315,7,7,0,0,0,1.36209515179507,3.05876910220832,1.92376113729551,0,0,0,1,1,1,0,0,0,1.5,1.5,1.5,0,0,0,2,2,1.92376113729551,0,0,0,2.5,2.5,1.92376113729551,0,0,0,3,3,1.92376113729551,0,0,0,3.5,3.5,1.92376113729551,0,0,0,4,4,1.92376113729551,0,0,0,4.5,4.5,1.92376113729551,0,0,0,5,4.98253023950383,1.92376113729551,0,0,0,5.5,4.98253023950383,1.92376113729551,0,0,0,6,4.98253023950383,1.92376113729551,0,0,0,6.5,4.98253023950383,1.92376113729551,0,0,0,7,4.98253023950383,1.92376113729551,"equal","equal","equal","equal","larger","larger","equal","equal","equal","equal","larger","larger","equal","equal","equal","equal","larger","larger","equal","equal","equal","equal","larger","larger","equal","equal","equal","equal","larger","larger","equal","equal","equal","equal","larger","larger","equal","equal","equal","equal","larger","larger","equal","equal","equal","equal","larger","larger","equal","equal","equal","equal","larger","larger","equal","equal","equal","equal","larger","larger","equal","equal","equal","equal","larger","larger","equal","equal","equal","equal","larger","larger","equal","equal","equal","equal","larger","larger","equal","equal","equal","equal","larger","larger","equal","equal","larger","larger","larger","larger","equal","equal","equal","larger","larger","larger","equal","equal","equal","larger","larger","larger","equal","equal","larger","larger","larger","larger","equal","equal","larger","larger","larger","larger","equal","equal","larger","larger","larger","larger","equal","equal","larger","larger","larger","larger","equal","equal","larger","larger","larger","larger","equal","equal","larger","larger","larger","larger","equal","larger","larger","larger","larger","larger","equal","larger","larger","larger","larger","larger","equal","larger","larger","larger","larger","larger","equal","larger","larger","larger","larger","larger","equal","larger","larger","larger","larger","larger"
5,"PG","reliable","exp1a_s5_PG_r","P","G",0,0,0,6.6143804283347,2.55142254545353,2.63425779249519,0,0,0,1,1,1,0,0,0,1.5,1.5,1.5,0,0,0,2,2,2,0,0,0,2.5,2.5,2.5,0,0,0,3,3,3,0,0,0,3.5,3.5,3.5,0,0,0,4,4,4,0,0,1,4.5,4.5,4.077732969534,0,0,1,5,5,4.077732969534,0,0,1,5.5,5.5,4.077732969534,0,0,1,6,6,4.077732969534,0,0,1,6.5,6.5,4.077732969534,0,0,1,7,7,4.077732969534,0,1,1,1.36209515179507,1.44347517703881,1.30869261491473,0,0,0,1,1,1,0,1,1,1.5,1.44347517703881,1.30869261491473,0,1,1,2,1.44347517703881,1.30869261491473,0,1,1,2.5,1.44347517703881,1.30869261491473,0,1,1,3,1.44347517703881,1.30869261491473,0,1,1,3.5,1.44347517703881,1.30869261491473,0,1,1,4,1.44347517703881,1.30869261491473,0,2,1,4.5,1.44347517703881,1.30869261491473,0,2,1,5,1.44347517703881,1.30869261491473,1,2,1,5.43982812132907,1.44347517703881,1.30869261491473,1,2,1,5.43982812132907,1.44347517703881,1.30869261491473,1,2,1,5.43982812132907,1.44347517703881,1.30869261491473,1,2,1,5.43982812132907,1.44347517703881,1.30869261491473,"equal","equal","equal","larger","larger","larger","equal","equal","equal","larger","larger","larger","equal","equal","equal","larger","larger","larger","equal","equal","equal","larger","larger","larger","equal","equal","equal","larger","larger","larger","equal","equal","equal","larger","larger","larger","equal","equal","equal","larger","larger","larger","equal","equal","equal","larger","larger","larger","equal","equal","equal","larger","larger","equal","equal","equal","equal","larger","larger","equal","equal","equal","equal","larger","larger","equal","equal","equal","equal","larger","larger","equal","equal","equal","equal","larger","larger","equal","equal","equal","equal","larger","larger","equal","equal","equal","larger","larger","equal","equal","equal","equal","equal","larger","larger","larger","equal","equal","equal","larger","equal","equal","equal","equal","larger","larger","equal","equal","equal","equal","larger","larger","equal","equal","equal","equal","larger","larger","equal","equal","equal","equal","larger","larger","equal","equal","equal","equal","larger","larger","equal","equal","equal","equal","larger","larger","equal","equal","equal","larger","larger","larger","equal","equal","equal","larger","larger","equal","equal","equal","equal","larger","larger","equal","equal","equal","equal","larger","larger","equal","equal","equal","equal","larger","larger","equal","equal","equal"
5,"PG","unreliable","exp1a_s5_PG_u","P","G",1,0,0,5.45018475549786,2.55142254545353,2.63425779249519,0,0,0,1,1,1,0,0,0,1.5,1.5,1.5,0,0,0,2,2,2,0,0,0,2.5,2.5,2.5,0,0,0,3,3,3,0,0,0,3.5,3.5,3.5,0,0,0,4,4,4,0,0,1,4.5,4.5,4.077732969534,0,0,1,5,5,4.077732969534,1,0,1,5.45018475549786,5.5,4.077732969534,1,0,1,5.45018475549786,6,4.077732969534,1,0,1,5.45018475549786,6.5,4.077732969534,1,0,2,5.45018475549786,7,4.077732969534,0,1,1,1.36209515179507,1.44347517703881,1.05925878871222,0,0,0,1,1,1,0,1,1,1.5,1.44347517703881,1.05925878871222,0,1,1,2,1.44347517703881,1.05925878871222,0,1,1,2.5,1.44347517703881,1.05925878871222,0,1,1,3,1.44347517703881,1.05925878871222,0,1,1,3.5,1.44347517703881,1.05925878871222,0,1,1,4,1.44347517703881,1.05925878871222,0,2,1,4.5,1.44347517703881,1.05925878871222,0,2,1,5,1.44347517703881,1.05925878871222,1,2,1,5.43982812132907,1.44347517703881,1.05925878871222,1,2,1,5.43982812132907,1.44347517703881,1.05925878871222,1,2,1,5.43982812132907,1.44347517703881,1.05925878871222,1,2,1,5.43982812132907,1.44347517703881,1.05925878871222,"equal","equal","equal","equal","larger","larger","equal","equal","equal","larger","larger","larger","equal","equal","equal","larger","larger","larger","equal","equal","equal","larger","larger","larger","equal","equal","equal","larger","larger","larger","equal","equal","equal","larger","larger","larger","equal","equal","equal","larger","larger","larger","equal","equal","equal","larger","larger","larger","equal","equal","equal","larger","larger","equal","equal","equal","equal","larger","larger","equal","equal","equal","equal","equal","larger","equal","equal","equal","equal","equal","larger","equal","equal","equal","equal","equal","larger","equal","equal","equal","equal","equal","larger","equal","equal","equal","larger","larger","equal","equal","equal","equal","equal","larger","larger","larger","equal","equal","equal","larger","equal","equal","equal","equal","larger","larger","equal","equal","equal","equal","larger","larger","equal","equal","equal","equal","larger","larger","equal","equal","equal","equal","larger","larger","equal","equal","equal","equal","larger","larger","equal","equal","equal","equal","larger","larger","equal","equal","equal","larger","larger","larger","equal","equal","equal","larger","larger","equal","equal","equal","equal","larger","larger","equal","equal","equal","equal","larger","larger","equal","equal","equal","equal","larger","larger","equal","equal","equal"
5,"PN","reliable","exp1a_s5_PN_r","P","N",0,0,0,6.6143804283347,2.55142254545353,2.63425779249519,0,0,0,1,1,1,0,0,0,1.5,1.5,1.5,0,0,0,2,2,2,0,0,0,2.5,2.5,2.5,0,0,0,3,3,3,0,0,0,3.5,3.5,3.5,0,0,0,4,4,4,0,0,0,4.5,4.5,4.5,0,0,0,5,5,5,0,0,0,5.5,5.5,5.5,0,0,0,6,6,6,0,0,0,6.5,6.5,6.5,0,0,0,7,7,7,0,0,1,1.36209515179507,3.05876910220832,1.30869261491473,0,0,0,1,1,1,0,0,1,1.5,1.5,1.30869261491473,0,0,1,2,2,1.30869261491473,0,0,1,2.5,2.5,1.30869261491473,0,0,1,3,3,1.30869261491473,0,0,1,3.5,3.5,1.30869261491473,0,0,1,4,4,1.30869261491473,0,1,1,4.5,4.36746171712304,1.30869261491473,0,1,1,5,4.36746171712304,1.30869261491473,0,1,1,5.5,4.36746171712304,1.30869261491473,0,1,1,6,4.36746171712304,1.30869261491473,0,1,1,6.5,4.36746171712304,1.30869261491473,0,1,1,7,4.36746171712304,1.30869261491473,"equal","equal","equal","larger","larger","larger","equal","equal","equal","larger","larger","larger","equal","equal","equal","larger","larger","larger","equal","equal","equal","larger","larger","larger","equal","equal","equal","larger","larger","larger","equal","equal","equal","larger","larger","larger","equal","equal","equal","larger","larger","larger","equal","equal","equal","larger","larger","larger","equal","equal","equal","larger","larger","larger","equal","equal","equal","larger","larger","larger","equal","equal","equal","larger","larger","larger","equal","equal","equal","larger","larger","larger","equal","equal","equal","larger","larger","larger","equal","equal","equal","larger","larger","larger","equal","equal","larger","larger","larger","equal","equal","equal","equal","larger","larger","larger","equal","equal","equal","larger","larger","equal","equal","equal","larger","larger","larger","equal","equal","equal","larger","larger","larger","equal","equal","equal","larger","larger","larger","equal","equal","equal","larger","larger","larger","equal","equal","equal","larger","larger","larger","equal","equal","equal","larger","larger","equal","equal","equal","larger","larger","larger","equal","equal","equal","larger","larger","larger","equal","equal","equal","larger","larger","larger","equal","equal","equal","larger","larger","larger","equal","equal","equal","larger","larger","larger","equal","equal"
5,"PN","unreliable","exp1a_s5_PN_u","P","N",1,0,0,5.45018475549786,2.55142254545353,2.63425779249519,0,0,0,1,1,1,0,0,0,1.5,1.5,1.5,0,0,0,2,2,2,0,0,0,2.5,2.5,2.5,0,0,0,3,3,3,0,0,0,3.5,3.5,3.5,0,0,0,4,4,4,0,0,0,4.5,4.5,4.5,0,0,0,5,5,5,1,0,0,5.45018475549786,5.5,5.5,1,0,0,5.45018475549786,6,6,1,0,0,5.45018475549786,6.5,6.5,1,0,1,5.45018475549786,7,6.75228568341573,0,0,1,1.36209515179507,3.05876910220832,1.05925878871222,0,0,0,1,1,1,0,0,1,1.5,1.5,1.05925878871222,0,0,1,2,2,1.05925878871222,0,0,1,2.5,2.5,1.05925878871222,0,0,1,3,3,1.05925878871222,0,0,1,3.5,3.5,1.05925878871222,0,0,1,4,4,1.05925878871222,0,1,1,4.5,4.11802789092054,1.05925878871222,0,1,1,5,4.11802789092054,1.05925878871222,0,1,1,5.5,4.11802789092054,1.05925878871222,0,1,1,6,4.11802789092054,1.05925878871222,0,1,1,6.5,4.11802789092054,1.05925878871222,0,1,1,7,4.11802789092054,1.05925878871222,"equal","equal","equal","equal","larger","larger","equal","equal","equal","larger","larger","larger","equal","equal","equal","larger","larger","larger","equal","equal","equal","larger","larger","larger","equal","equal","equal","larger","larger","larger","equal","equal","equal","larger","larger","larger","equal","equal","equal","larger","larger","larger","equal","equal","equal","larger","larger","larger","equal","equal","equal","larger","larger","larger","equal","equal","equal","larger","larger","larger","equal","equal","equal","equal","larger","larger","equal","equal","equal","equal","larger","larger","equal","equal","equal","equal","larger","larger","equal","equal","equal","equal","larger","equal","equal","equal","larger","larger","larger","equal","equal","equal","equal","larger","larger","larger","equal","equal","equal","larger","larger","equal","equal","equal","larger","larger","larger","equal","equal","equal","larger","larger","larger","equal","equal","equal","larger","larger","larger","equal","equal","equal","larger","larger","larger","equal","equal","equal","larger","larger","larger","equal","equal","equal","larger","larger","equal","equal","equal","larger","larger","larger","equal","equal","equal","larger","larger","larger","equal","equal","equal","larger","larger","larger","equal","equal","equal","larger","larger","larger","equal","equal","equal","larger","larger","larger","equal","equal"
5,"PP","reliable","exp1a_s5_PP_r","P","P",0,0,0,6.6143804283347,2.55142254545353,2.63425779249519,0,0,0,1,1,1,0,0,0,1.5,1.5,1.5,0,0,0,2,2,2,0,0,0,2.5,2.5,2.5,0,0,0,3,3,3,0,0,0,3.5,3.5,3.5,0,0,0,4,4,4,0,0,0,4.5,4.5,4.5,0,0,0,5,5,5,0,0,0,5.5,5.5,5.5,0,0,0,6,6,6,0,0,0,6.5,6.5,6.5,0,0,0,7,7,7,0,0,0,1.36209515179507,3.05876910220832,1.92376113729551,0,0,0,1,1,1,0,0,0,1.5,1.5,1.5,0,0,0,2,2,1.92376113729551,0,0,0,2.5,2.5,1.92376113729551,0,0,0,3,3,1.92376113729551,0,0,0,3.5,3.5,1.92376113729551,0,0,0,4,4,1.92376113729551,0,0,0,4.5,4.5,1.92376113729551,0,0,0,5,4.98253023950383,1.92376113729551,0,0,0,5.5,4.98253023950383,1.92376113729551,0,0,0,6,4.98253023950383,1.92376113729551,0,0,0,6.5,4.98253023950383,1.92376113729551,0,0,0,7,4.98253023950383,1.92376113729551,"equal","equal","equal","larger","larger","larger","equal","equal","equal","larger","larger","larger","equal","equal","equal","larger","larger","larger","equal","equal","equal","larger","larger","larger","equal","equal","equal","larger","larger","larger","equal","equal","equal","larger","larger","larger","equal","equal","equal","larger","larger","larger","equal","equal","equal","larger","larger","larger","equal","equal","equal","larger","larger","larger","equal","equal","equal","larger","larger","larger","equal","equal","equal","larger","larger","larger","equal","equal","equal","larger","larger","larger","equal","equal","equal","larger","larger","larger","equal","equal","equal","larger","larger","larger","equal","equal","larger","larger","larger","larger","equal","equal","equal","larger","larger","larger","equal","equal","equal","larger","larger","larger","equal","equal","larger","larger","larger","larger","equal","equal","larger","larger","larger","larger","equal","equal","larger","larger","larger","larger","equal","equal","larger","larger","larger","larger","equal","equal","larger","larger","larger","larger","equal","equal","larger","larger","larger","larger","equal","larger","larger","larger","larger","larger","equal","larger","larger","larger","larger","larger","equal","larger","larger","larger","larger","larger","equal","larger","larger","larger","larger","larger","equal","larger","larger","larger","larger","larger"
5,"PP","unreliable","exp1a_s5_PP_u","P","P",1,0,0,5.45018475549786,2.55142254545353,2.63425779249519,0,0,0,1,1,1,0,0,0,1.5,1.5,1.5,0,0,0,2,2,2,0,0,0,2.5,2.5,2.5,0,0,0,3,3,3,0,0,0,3.5,3.5,3.5,0,0,0,4,4,4,0,0,0,4.5,4.5,4.5,0,0,0,5,5,5,1,0,0,5.45018475549786,5.5,5.5,1,0,0,5.45018475549786,6,6,1,0,0,5.45018475549786,6.5,6.5,1,0,0,5.45018475549786,7,7,0,0,0,1.36209515179507,3.05876910220832,1.92376113729551,0,0,0,1,1,1,0,0,0,1.5,1.5,1.5,0,0,0,2,2,1.92376113729551,0,0,0,2.5,2.5,1.92376113729551,0,0,0,3,3,1.92376113729551,0,0,0,3.5,3.5,1.92376113729551,0,0,0,4,4,1.92376113729551,0,0,0,4.5,4.5,1.92376113729551,0,0,0,5,4.98253023950383,1.92376113729551,0,0,0,5.5,4.98253023950383,1.92376113729551,0,0,0,6,4.98253023950383,1.92376113729551,0,0,0,6.5,4.98253023950383,1.92376113729551,0,0,0,7,4.98253023950383,1.92376113729551,"equal","equal","equal","equal","larger","larger","equal","equal","equal","larger","larger","larger","equal","equal","equal","larger","larger","larger","equal","equal","equal","larger","larger","larger","equal","equal","equal","larger","larger","larger","equal","equal","equal","larger","larger","larger","equal","equal","equal","larger","larger","larger","equal","equal","equal","larger","larger","larger","equal","equal","equal","larger","larger","larger","equal","equal","equal","larger","larger","larger","equal","equal","equal","equal","larger","larger","equal","equal","equal","equal","larger","larger","equal","equal","equal","equal","larger","larger","equal","equal","equal","equal","larger","larger","equal","equal","larger","larger","larger","larger","equal","equal","equal","larger","larger","larger","equal","equal","equal","larger","larger","larger","equal","equal","larger","larger","larger","larger","equal","equal","larger","larger","larger","larger","equal","equal","larger","larger","larger","larger","equal","equal","larger","larger","larger","larger","equal","equal","larger","larger","larger","larger","equal","equal","larger","larger","larger","larger","equal","larger","larger","larger","larger","larger","equal","larger","larger","larger","larger","larger","equal","larger","larger","larger","larger","larger","equal","larger","larger","larger","larger","larger","equal","larger","larger","larger","larger","larger"
6,"GG","reliable","exp1a_s6_GG_r","G","G",1,2,2,1.06910344271007,1.36848612477833,0.631434991379706,0,0,1,1,1,0.631434991379706,1,1,2,1.06910344271007,1.36848612477833,0.631434991379706,1,2,2,1.06910344271007,1.36848612477833,0.631434991379706,1,2,2,1.06910344271007,1.36848612477833,0.631434991379706,1,2,2,1.06910344271007,1.36848612477833,0.631434991379706,1,2,2,1.06910344271007,1.36848612477833,0.631434991379706,1,2,2,1.06910344271007,1.36848612477833,0.631434991379706,2,2,2,1.06910344271007,1.36848612477833,0.631434991379706,3,3,2,1.06910344271007,1.36848612477833,0.631434991379706,3,3,2,1.06910344271007,1.36848612477833,0.631434991379706,3,3,2,1.06910344271007,1.36848612477833,0.631434991379706,3,3,2,1.06910344271007,1.36848612477833,0.631434991379706,3,4,2,1.06910344271007,1.36848612477833,0.631434991379706,2,2,0,1.15440466729419,1.38552363197038,0.881122799823061,0,0,0,1,1,1,1,1,0,1.15440466729419,1.38552363197038,1.5,2,1,2,1.15440466729419,1.38552363197038,1.51255779120277,2,1,2,1.15440466729419,1.38552363197038,1.51255779120277,2,1,2,1.15440466729419,1.38552363197038,1.51255779120277,2,2,2,1.15440466729419,1.38552363197038,1.51255779120277,2,2,2,1.15440466729419,1.38552363197038,1.51255779120277,2,2,2,1.15440466729419,1.38552363197038,1.51255779120277,2,2,2,1.15440466729419,1.38552363197038,1.51255779120277,2,2,2,1.15440466729419,1.38552363197038,1.51255779120277,2,3,2,1.15440466729419,1.38552363197038,1.51255779120277,3,4,2,1.15440466729419,1.38552363197038,1.51255779120277,4,4,2,1.15440466729419,1.38552363197038,1.51255779120277,"equal","equal","larger","equal","equal","equal","equal","equal","equal","larger","larger","equal","equal","equal","equal","equal","equal","equal","equal","equal","equal","equal","equal","equal","equal","equal","equal","equal","equal","equal","equal","equal","equal","equal","equal","equal","equal","equal","larger","equal","equal","equal","equal","equal","larger","equal","equal","equal","equal","equal","larger","equal","equal","equal","equal","equal","larger","equal","equal","equal","equal","equal","larger","equal","equal","equal","equal","equal","larger","equal","equal","equal","equal","equal","larger","equal","equal","equal","equal","equal","larger","equal","equal","equal","equal","equal","equal","equal","equal","larger","equal","equal","equal","larger","larger","larger","equal","equal","equal","equal","equal","larger","equal","equal","equal","equal","equal","equal","equal","equal","equal","equal","equal","equal","equal","equal","equal","equal","equal","equal","equal","equal","equal","equal","equal","equal","equal","equal","larger","equal","equal","equal","equal","equal","larger","equal","equal","equal","equal","equal","larger","equal","equal","equal","equal","equal","larger","equal","equal","equal","equal","equal","larger","equal","equal","equal","equal","equal","larger","equal","equal","equal","equal","equal","larger","equal","equal","equal"
6,"GG","unreliable","exp1a_s6_GG_u","G","G",1,3,3,1.06910344271007,1.3311753482661,0.631434991379706,0,0,1,1,1,0.631434991379706,1,1,2,1.06910344271007,1.3311753482661,0.631434991379706,1,2,3,1.06910344271007,1.3311753482661,0.631434991379706,1,2,3,1.06910344271007,1.3311753482661,0.631434991379706,1,3,3,1.06910344271007,1.3311753482661,0.631434991379706,1,3,3,1.06910344271007,1.3311753482661,0.631434991379706,1,3,3,1.06910344271007,1.3311753482661,0.631434991379706,1,3,3,1.06910344271007,1.3311753482661,0.631434991379706,2,4,3,1.06910344271007,1.3311753482661,0.631434991379706,2,4,3,1.06910344271007,1.3311753482661,0.631434991379706,3,4,3,1.06910344271007,1.3311753482661,0.631434991379706,3,4,3,1.06910344271007,1.3311753482661,0.631434991379706,3,4,3,1.06910344271007,1.3311753482661,0.631434991379706,3,1,0,1.62336284270066,1.38552363197038,0.881122799823061,0,0,0,1,1,1,0,1,0,1.5,1.38552363197038,1.5,1,1,2,1.62336284270066,1.38552363197038,1.51255779120277,1,1,2,1.62336284270066,1.38552363197038,1.51255779120277,2,1,3,1.62336284270066,1.38552363197038,1.51255779120277,2,1,3,1.62336284270066,1.38552363197038,1.51255779120277,2,1,3,1.62336284270066,1.38552363197038,1.51255779120277,3,1,3,1.62336284270066,1.38552363197038,1.51255779120277,3,1,3,1.62336284270066,1.38552363197038,1.51255779120277,3,1,3,1.62336284270066,1.38552363197038,1.51255779120277,3,2,3,1.62336284270066,1.38552363197038,1.51255779120277,4,3,3,1.62336284270066,1.38552363197038,1.51255779120277,5,4,3,1.62336284270066,1.38552363197038,1.51255779120277,"equal","equal","larger","equal","equal","equal","equal","equal","equal","larger","larger","equal","equal","equal","equal","equal","equal","equal","equal","equal","equal","equal","equal","equal","equal","equal","equal","equal","equal","equal","equal","equal","equal","equal","equal","equal","equal","equal","larger","equal","equal","equal","equal","equal","larger","equal","equal","equal","equal","equal","larger","equal","equal","equal","equal","equal","larger","equal","equal","equal","equal","equal","larger","equal","equal","equal","equal","equal","larger","equal","equal","equal","equal","equal","larger","equal","equal","equal","equal","equal","larger","equal","equal","equal","equal","equal","equal","equal","equal","larger","equal","equal","equal","larger","larger","larger","equal","equal","equal","larger","equal","larger","equal","equal","equal","equal","equal","equal","equal","equal","equal","equal","equal","equal","equal","equal","equal","equal","equal","equal","equal","equal","equal","equal","equal","equal","equal","equal","larger","equal","equal","equal","equal","equal","larger","equal","equal","equal","equal","equal","larger","equal","equal","equal","equal","equal","larger","equal","equal","equal","equal","equal","larger","equal","equal","equal","equal","equal","larger","equal","equal","equal","equal","equal","larger","equal","equal","equal"
6,"GN","reliable","exp1a_s6_GN_r","G","N",1,2,1,1.06910344271007,1.36848612477833,1.10587252144318,0,0,0,1,1,1,1,1,1,1.06910344271007,1.36848612477833,1.10587252144318,1,2,1,1.06910344271007,1.36848612477833,1.10587252144318,1,2,1,1.06910344271007,1.36848612477833,1.10587252144318,1,2,1,1.06910344271007,1.36848612477833,1.10587252144318,1,2,1,1.06910344271007,1.36848612477833,1.10587252144318,1,2,1,1.06910344271007,1.36848612477833,1.10587252144318,2,2,1,1.06910344271007,1.36848612477833,1.10587252144318,2,2,1,1.06910344271007,1.36848612477833,1.10587252144318,2,2,1,1.06910344271007,1.36848612477833,1.10587252144318,2,2,1,1.06910344271007,1.36848612477833,1.10587252144318,2,2,1,1.06910344271007,1.36848612477833,1.10587252144318,2,3,1,1.06910344271007,1.36848612477833,1.10587252144318,1,1,0,1.15440466729419,3.36815279760031,0.881122799823061,0,0,0,1,1,1,1,0,0,1.15440466729419,1.5,1.5,1,0,1,1.15440466729419,2,1.98699532126624,1,0,1,1.15440466729419,2.5,1.98699532126624,1,0,1,1.15440466729419,3,1.98699532126624,1,1,1,1.15440466729419,3.36815279760031,1.98699532126624,1,1,1,1.15440466729419,3.36815279760031,1.98699532126624,1,1,1,1.15440466729419,3.36815279760031,1.98699532126624,1,1,1,1.15440466729419,3.36815279760031,1.98699532126624,1,1,1,1.15440466729419,3.36815279760031,1.98699532126624,1,1,1,1.15440466729419,3.36815279760031,1.98699532126624,2,2,1,1.15440466729419,3.36815279760031,1.98699532126624,3,2,1,1.15440466729419,3.36815279760031,1.98699532126624,"equal","equal","larger","equal","equal","equal","equal","equal","equal","larger","larger","larger","equal","equal","equal","equal","equal","equal","equal","equal","equal","equal","equal","equal","equal","equal","equal","equal","equal","equal","equal","equal","equal","equal","equal","equal","equal","equal","larger","equal","equal","equal","equal","equal","larger","equal","equal","equal","equal","equal","larger","equal","equal","equal","equal","equal","larger","equal","equal","equal","equal","equal","larger","equal","equal","equal","equal","equal","larger","equal","equal","equal","equal","equal","larger","equal","equal","equal","equal","equal","larger","equal","equal","equal","equal","equal","equal","equal","equal","larger","equal","equal","equal","larger","larger","larger","equal","equal","equal","equal","larger","larger","equal","equal","equal","equal","larger","equal","equal","equal","equal","equal","larger","equal","equal","equal","equal","equal","larger","equal","equal","equal","equal","equal","equal","equal","equal","equal","larger","equal","equal","equal","equal","equal","larger","equal","equal","equal","equal","equal","larger","equal","equal","equal","equal","equal","larger","equal","equal","equal","equal","equal","larger","equal","equal","equal","equal","equal","larger","equal","equal","equal","equal","equal","larger","equal","equal","equal"
6,"GN","unreliable","exp1a_s6_GN_u","G","N",1,3,2,1.06910344271007,1.3311753482661,1.10587252144318,0,0,0,1,1,1,1,1,1,1.06910344271007,1.3311753482661,1.10587252144318,1,2,2,1.06910344271007,1.3311753482661,1.10587252144318,1,2,2,1.06910344271007,1.3311753482661,1.10587252144318,1,3,2,1.06910344271007,1.3311753482661,1.10587252144318,1,3,2,1.06910344271007,1.3311753482661,1.10587252144318,1,3,2,1.06910344271007,1.3311753482661,1.10587252144318,1,3,2,1.06910344271007,1.3311753482661,1.10587252144318,1,3,2,1.06910344271007,1.3311753482661,1.10587252144318,1,3,2,1.06910344271007,1.3311753482661,1.10587252144318,2,3,2,1.06910344271007,1.3311753482661,1.10587252144318,2,3,2,1.06910344271007,1.3311753482661,1.10587252144318,2,3,2,1.06910344271007,1.3311753482661,1.10587252144318,2,0,0,2.68829452145505,4.06431609904394,0.881122799823061,0,0,0,1,1,1,0,0,0,1.5,1.5,1.5,0,0,1,2,2,1.98699532126624,0,0,1,2.5,2.5,1.98699532126624,1,0,2,2.68829452145505,3,1.98699532126624,1,0,2,2.68829452145505,3.5,1.98699532126624,1,0,2,2.68829452145505,4,1.98699532126624,2,0,2,2.68829452145505,4.5,1.98699532126624,2,0,2,2.68829452145505,5,1.98699532126624,2,0,2,2.68829452145505,5.5,1.98699532126624,2,0,2,2.68829452145505,6,1.98699532126624,3,1,2,2.68829452145505,6.05131142031017,1.98699532126624,4,2,2,2.68829452145505,6.05131142031017,1.98699532126624,"equal","equal","larger","equal","equal","equal","equal","equal","equal","larger","larger","larger","equal","equal","equal","equal","equal","equal","equal","equal","equal","equal","equal","equal","equal","equal","equal","equal","equal","equal","equal","equal","equal","equal","equal","equal","equal","equal","larger","equal","equal","equal","equal","equal","larger","equal","equal","equal","equal","equal","larger","equal","equal","equal","equal","equal","larger","equal","equal","equal","equal","equal","larger","equal","equal","equal","equal","equal","larger","equal","equal","equal","equal","equal","larger","equal","equal","equal","equal","equal","larger","equal","equal","equal","equal","equal","equal","equal","larger","larger","equal","equal","equal","larger","larger","larger","equal","equal","equal","larger","larger","larger","equal","equal","equal","larger","larger","equal","equal","equal","equal","larger","larger","equal","equal","equal","equal","equal","larger","equal","equal","equal","equal","equal","larger","equal","equal","equal","larger","equal","larger","equal","equal","equal","larger","equal","larger","equal","equal","equal","larger","equal","larger","equal","equal","equal","larger","equal","larger","equal","equal","equal","larger","equal","larger","equal","equal","equal","larger","equal","equal","equal","equal","equal","larger","equal","equal","equal"
6,"GP","reliable","exp1a_s6_GP_r","G","P",1,2,0,1.06910344271007,1.36848612477833,3.08957245224155,0,0,0,1,1,1,1,1,0,1.06910344271007,1.36848612477833,1.5,1,2,0,1.06910344271007,1.36848612477833,2,1,2,0,1.06910344271007,1.36848612477833,2.5,1,2,0,1.06910344271007,1.36848612477833,3,1,2,0,1.06910344271007,1.36848612477833,3.08957245224155,1,2,0,1.06910344271007,1.36848612477833,3.08957245224155,1,2,0,1.06910344271007,1.36848612477833,3.08957245224155,1,2,0,1.06910344271007,1.36848612477833,3.08957245224155,1,2,0,1.06910344271007,1.36848612477833,3.08957245224155,1,2,0,1.06910344271007,1.36848612477833,3.08957245224155,1,2,0,1.06910344271007,1.36848612477833,3.08957245224155,1,3,0,1.06910344271007,1.36848612477833,3.08957245224155,0,1,0,4.79542601923458,3.36815279760031,0.881122799823061,0,0,0,1,1,1,0,0,0,1.5,1.5,1.5,0,0,0,2,2,2,0,0,0,2.5,2.5,2.5,0,0,0,3,3,3,0,1,0,3.5,3.36815279760031,3.5,0,1,0,4,3.36815279760031,3.97069525206462,0,1,0,4.5,3.36815279760031,3.97069525206462,0,1,0,5,3.36815279760031,3.97069525206462,0,1,0,5.5,3.36815279760031,3.97069525206462,0,1,0,6,3.36815279760031,3.97069525206462,1,1,0,6.16391214401291,3.36815279760031,3.97069525206462,2,1,0,6.16391214401291,3.36815279760031,3.97069525206462,"equal","equal","larger","equal","equal","larger","equal","equal","equal","larger","larger","larger","equal","equal","equal","equal","equal","larger","equal","equal","equal","equal","equal","larger","equal","equal","equal","equal","equal","larger","equal","equal","equal","equal","equal","larger","equal","equal","larger","equal","equal","larger","equal","equal","larger","equal","equal","larger","equal","equal","larger","equal","equal","larger","equal","equal","larger","equal","equal","larger","equal","equal","larger","equal","equal","larger","equal","equal","larger","equal","equal","larger","equal","equal","larger","equal","equal","larger","equal","equal","larger","equal","equal","larger","equal","equal","equal","larger","equal","larger","equal","equal","equal","larger","larger","larger","equal","equal","equal","larger","larger","larger","equal","equal","equal","larger","larger","larger","equal","equal","equal","larger","larger","larger","equal","equal","equal","larger","larger","larger","equal","equal","equal","larger","equal","larger","equal","equal","larger","larger","equal","larger","equal","equal","larger","larger","equal","larger","equal","equal","larger","larger","equal","larger","equal","equal","larger","larger","equal","larger","equal","equal","larger","larger","equal","larger","equal","equal","larger","equal","equal","larger","equal","equal","larger","equal","equal","larger"
6,"GP","unreliable","exp1a_s6_GP_u","G","P",1,3,0,1.06910344271007,1.3311753482661,3.08957245224155,0,0,0,1,1,1,1,1,0,1.06910344271007,1.3311753482661,1.5,1,2,0,1.06910344271007,1.3311753482661,2,1,2,0,1.06910344271007,1.3311753482661,2.5,1,3,0,1.06910344271007,1.3311753482661,3,1,3,0,1.06910344271007,1.3311753482661,3.08957245224155,1,3,0,1.06910344271007,1.3311753482661,3.08957245224155,1,3,0,1.06910344271007,1.3311753482661,3.08957245224155,1,3,0,1.06910344271007,1.3311753482661,3.08957245224155,1,3,0,1.06910344271007,1.3311753482661,3.08957245224155,1,3,0,1.06910344271007,1.3311753482661,3.08957245224155,1,3,0,1.06910344271007,1.3311753482661,3.08957245224155,1,3,0,1.06910344271007,1.3311753482661,3.08957245224155,1,0,0,4.00815953051577,4.06431609904394,0.881122799823061,0,0,0,1,1,1,0,0,0,1.5,1.5,1.5,0,0,0,2,2,2,0,0,0,2.5,2.5,2.5,0,0,0,3,3,3,0,0,0,3.5,3.5,3.5,0,0,0,4,4,3.97069525206462,1,0,0,4.00815953051577,4.5,3.97069525206462,1,0,0,4.00815953051577,5,3.97069525206462,1,0,0,4.00815953051577,5.5,3.97069525206462,1,0,0,4.00815953051577,6,3.97069525206462,2,0,0,4.00815953051577,6.5,3.97069525206462,3,0,0,4.00815953051577,7,3.97069525206462,"equal","equal","larger","equal","equal","larger","equal","equal","equal","larger","larger","larger","equal","equal","equal","equal","equal","larger","equal","equal","equal","equal","equal","larger","equal","equal","equal","equal","equal","larger","equal","equal","equal","equal","equal","larger","equal","equal","larger","equal","equal","larger","equal","equal","larger","equal","equal","larger","equal","equal","larger","equal","equal","larger","equal","equal","larger","equal","equal","larger","equal","equal","larger","equal","equal","larger","equal","equal","larger","equal","equal","larger","equal","equal","larger","equal","equal","larger","equal","equal","larger","equal","equal","larger","equal","equal","equal","equal","larger","larger","equal","equal","equal","larger","larger","larger","equal","equal","equal","larger","larger","larger","equal","equal","equal","larger","larger","larger","equal","equal","equal","larger","larger","larger","equal","equal","equal","larger","larger","larger","equal","equal","equal","larger","larger","larger","equal","equal","larger","larger","larger","larger","equal","equal","larger","equal","larger","larger","equal","equal","larger","equal","larger","larger","equal","equal","larger","equal","larger","larger","equal","equal","larger","equal","larger","larger","equal","equal","larger","equal","larger","larger","equal","equal","larger","equal","larger","larger"
6,"NG","reliable","exp1a_s6_NG_r","N","G",0,1,1,3.28288614703342,1.36848612477833,0.631434991379706,0,0,1,1,1,0.631434991379706,0,1,1,1.5,1.36848612477833,0.631434991379706,0,1,1,2,1.36848612477833,0.631434991379706,0,1,1,2.5,1.36848612477833,0.631434991379706,0,1,1,3,1.36848612477833,0.631434991379706,0,1,1,3.5,1.36848612477833,0.631434991379706,0,1,1,4,1.36848612477833,0.631434991379706,1,1,1,4.43729081432761,1.36848612477833,0.631434991379706,2,2,1,4.43729081432761,1.36848612477833,0.631434991379706,2,2,1,4.43729081432761,1.36848612477833,0.631434991379706,2,2,1,4.43729081432761,1.36848612477833,0.631434991379706,2,2,1,4.43729081432761,1.36848612477833,0.631434991379706,2,3,1,4.43729081432761,1.36848612477833,0.631434991379706,2,2,0,1.15440466729419,1.38552363197038,0.881122799823061,0,0,0,1,1,1,1,1,0,1.15440466729419,1.38552363197038,1.5,2,1,1,1.15440466729419,1.38552363197038,1.51255779120277,2,1,1,1.15440466729419,1.38552363197038,1.51255779120277,2,1,1,1.15440466729419,1.38552363197038,1.51255779120277,2,2,1,1.15440466729419,1.38552363197038,1.51255779120277,2,2,1,1.15440466729419,1.38552363197038,1.51255779120277,2,2,1,1.15440466729419,1.38552363197038,1.51255779120277,2,2,1,1.15440466729419,1.38552363197038,1.51255779120277,2,2,1,1.15440466729419,1.38552363197038,1.51255779120277,2,3,1,1.15440466729419,1.38552363197038,1.51255779120277,3,3,1,1.15440466729419,1.38552363197038,1.51255779120277,3,3,1,1.15440466729419,1.38552363197038,1.51255779120277,"equal","equal","larger","larger","equal","equal","equal","equal","equal","larger","larger","equal","equal","equal","equal","larger","equal","equal","equal","equal","equal","larger","equal","equal","equal","equal","equal","larger","equal","equal","equal","equal","equal","larger","equal","equal","equal","equal","larger","larger","equal","equal","equal","equal","larger","larger","equal","equal","equal","equal","larger","equal","equal","equal","equal","equal","larger","equal","equal","equal","equal","equal","larger","equal","equal","equal","equal","equal","larger","equal","equal","equal","equal","equal","larger","equal","equal","equal","equal","equal","larger","equal","equal","equal","equal","equal","equal","equal","equal","larger","equal","equal","equal","larger","larger","larger","equal","equal","equal","equal","equal","larger","equal","equal","equal","equal","equal","equal","equal","equal","equal","equal","equal","equal","equal","equal","equal","equal","equal","equal","equal","equal","equal","equal","equal","equal","equal","equal","larger","equal","equal","equal","equal","equal","larger","equal","equal","equal","equal","equal","larger","equal","equal","equal","equal","equal","larger","equal","equal","equal","equal","equal","larger","equal","equal","equal","equal","equal","larger","equal","equal","equal","equal","equal","larger","equal","equal","equal"
6,"NG","unreliable","exp1a_s6_NG_u","N","G",0,2,2,3.28288614703342,1.3311753482661,0.631434991379706,0,0,1,1,1,0.631434991379706,0,1,1,1.5,1.3311753482661,0.631434991379706,0,1,2,2,1.3311753482661,0.631434991379706,0,1,2,2.5,1.3311753482661,0.631434991379706,0,2,2,3,1.3311753482661,0.631434991379706,0,2,2,3.5,1.3311753482661,0.631434991379706,0,2,2,4,1.3311753482661,0.631434991379706,0,2,2,4.5,1.3311753482661,0.631434991379706,1,3,2,4.90624898973409,1.3311753482661,0.631434991379706,1,3,2,4.90624898973409,1.3311753482661,0.631434991379706,2,3,2,4.90624898973409,1.3311753482661,0.631434991379706,2,3,2,4.90624898973409,1.3311753482661,0.631434991379706,2,3,2,4.90624898973409,1.3311753482661,0.631434991379706,3,1,0,1.62336284270066,1.38552363197038,0.881122799823061,0,0,0,1,1,1,0,1,0,1.5,1.38552363197038,1.5,1,1,1,1.62336284270066,1.38552363197038,1.51255779120277,1,1,1,1.62336284270066,1.38552363197038,1.51255779120277,2,1,2,1.62336284270066,1.38552363197038,1.51255779120277,2,1,2,1.62336284270066,1.38552363197038,1.51255779120277,2,1,2,1.62336284270066,1.38552363197038,1.51255779120277,3,1,2,1.62336284270066,1.38552363197038,1.51255779120277,3,1,2,1.62336284270066,1.38552363197038,1.51255779120277,3,1,2,1.62336284270066,1.38552363197038,1.51255779120277,3,2,2,1.62336284270066,1.38552363197038,1.51255779120277,4,2,2,1.62336284270066,1.38552363197038,1.51255779120277,4,3,2,1.62336284270066,1.38552363197038,1.51255779120277,"equal","equal","larger","larger","equal","equal","equal","equal","equal","larger","larger","equal","equal","equal","equal","larger","equal","equal","equal","equal","equal","larger","equal","equal","equal","equal","equal","larger","equal","equal","equal","equal","equal","larger","equal","equal","equal","equal","larger","larger","equal","equal","equal","equal","larger","larger","equal","equal","equal","equal","larger","larger","equal","equal","equal","equal","larger","equal","equal","equal","equal","equal","larger","equal","equal","equal","equal","equal","larger","equal","equal","equal","equal","equal","larger","equal","equal","equal","equal","equal","larger","equal","equal","equal","equal","equal","equal","equal","equal","larger","equal","equal","equal","larger","larger","larger","equal","equal","equal","larger","equal","larger","equal","equal","equal","equal","equal","equal","equal","equal","equal","equal","equal","equal","equal","equal","equal","equal","equal","equal","equal","equal","equal","equal","equal","equal","equal","equal","larger","equal","equal","equal","equal","equal","larger","equal","equal","equal","equal","equal","larger","equal","equal","equal","equal","equal","larger","equal","equal","equal","equal","equal","larger","equal","equal","equal","equal","equal","larger","equal","equal","equal","equal","equal","larger","equal","equal","equal"
6,"NN","reliable","exp1a_s6_NN_r","N","N",0,1,0,3.28288614703342,1.36848612477833,3.08957245224155,0,0,0,1,1,1,0,1,0,1.5,1.36848612477833,1.5,0,1,0,2,1.36848612477833,2,0,1,0,2.5,1.36848612477833,2.5,0,1,0,3,1.36848612477833,3,0,1,0,3.5,1.36848612477833,3.08957245224155,0,1,0,4,1.36848612477833,3.08957245224155,1,1,0,4.43729081432761,1.36848612477833,3.08957245224155,1,1,0,4.43729081432761,1.36848612477833,3.08957245224155,1,1,0,4.43729081432761,1.36848612477833,3.08957245224155,1,1,0,4.43729081432761,1.36848612477833,3.08957245224155,1,1,0,4.43729081432761,1.36848612477833,3.08957245224155,1,2,0,4.43729081432761,1.36848612477833,3.08957245224155,1,1,0,1.15440466729419,3.36815279760031,0.881122799823061,0,0,0,1,1,1,1,0,0,1.15440466729419,1.5,1.5,1,0,0,1.15440466729419,2,2,1,0,0,1.15440466729419,2.5,2.5,1,0,0,1.15440466729419,3,3,1,1,0,1.15440466729419,3.36815279760031,3.5,1,1,0,1.15440466729419,3.36815279760031,3.97069525206462,1,1,0,1.15440466729419,3.36815279760031,3.97069525206462,1,1,0,1.15440466729419,3.36815279760031,3.97069525206462,1,1,0,1.15440466729419,3.36815279760031,3.97069525206462,1,1,0,1.15440466729419,3.36815279760031,3.97069525206462,2,1,0,1.15440466729419,3.36815279760031,3.97069525206462,2,1,0,1.15440466729419,3.36815279760031,3.97069525206462,"equal","equal","larger","larger","equal","larger","equal","equal","equal","larger","larger","larger","equal","equal","equal","larger","equal","larger","equal","equal","equal","larger","equal","larger","equal","equal","equal","larger","equal","larger","equal","equal","equal","larger","equal","larger","equal","equal","larger","larger","equal","larger","equal","equal","larger","larger","equal","larger","equal","equal","larger","equal","equal","larger","equal","equal","larger","equal","equal","larger","equal","equal","larger","equal","equal","larger","equal","equal","larger","equal","equal","larger","equal","equal","larger","equal","equal","larger","equal","equal","larger","equal","equal","larger","equal","equal","equal","equal","equal","larger","equal","equal","equal","larger","larger","larger","equal","equal","equal","equal","larger","larger","equal","equal","equal","equal","larger","larger","equal","equal","equal","equal","larger","larger","equal","equal","equal","equal","larger","larger","equal","equal","equal","equal","equal","larger","equal","equal","larger","equal","equal","larger","equal","equal","larger","equal","equal","larger","equal","equal","larger","equal","equal","larger","equal","equal","larger","equal","equal","larger","equal","equal","larger","equal","equal","larger","equal","equal","larger","equal","equal","larger","equal","equal","larger","equal","equal","larger"
6,"NN","unreliable","exp1a_s6_NN_u","N","N",0,2,1,3.28288614703342,1.3311753482661,1.88999703273849,0,0,0,1,1,1,0,1,0,1.5,1.3311753482661,1.5,0,1,1,2,1.3311753482661,1.88999703273849,0,1,1,2.5,1.3311753482661,1.88999703273849,0,2,1,3,1.3311753482661,1.88999703273849,0,2,1,3.5,1.3311753482661,1.88999703273849,0,2,1,4,1.3311753482661,1.88999703273849,0,2,1,4.5,1.3311753482661,1.88999703273849,0,2,1,5,1.3311753482661,1.88999703273849,0,2,1,5.5,1.3311753482661,1.88999703273849,1,2,1,5.97118066848847,1.3311753482661,1.88999703273849,1,2,1,5.97118066848847,1.3311753482661,1.88999703273849,1,2,1,5.97118066848847,1.3311753482661,1.88999703273849,2,0,0,2.68829452145505,4.06431609904394,0.881122799823061,0,0,0,1,1,1,0,0,0,1.5,1.5,1.5,0,0,0,2,2,2,0,0,0,2.5,2.5,2.5,1,0,1,2.68829452145505,3,2.77111983256155,1,0,1,2.68829452145505,3.5,2.77111983256155,1,0,1,2.68829452145505,4,2.77111983256155,2,0,1,2.68829452145505,4.5,2.77111983256155,2,0,1,2.68829452145505,5,2.77111983256155,2,0,1,2.68829452145505,5.5,2.77111983256155,2,0,1,2.68829452145505,6,2.77111983256155,3,0,1,2.68829452145505,6.5,2.77111983256155,3,1,1,2.68829452145505,6.83543593160548,2.77111983256155,"equal","equal","larger","larger","equal","equal","equal","equal","equal","larger","larger","larger","equal","equal","equal","larger","equal","larger","equal","equal","equal","larger","equal","equal","equal","equal","equal","larger","equal","equal","equal","equal","equal","larger","equal","equal","equal","equal","larger","larger","equal","equal","equal","equal","larger","larger","equal","equal","equal","equal","larger","larger","equal","equal","equal","equal","larger","larger","equal","equal","equal","equal","larger","larger","equal","equal","equal","equal","larger","equal","equal","equal","equal","equal","larger","equal","equal","equal","equal","equal","larger","equal","equal","equal","equal","equal","equal","equal","larger","larger","equal","equal","equal","larger","larger","larger","equal","equal","equal","larger","larger","larger","equal","equal","equal","larger","larger","larger","equal","equal","equal","larger","larger","larger","equal","equal","equal","equal","larger","equal","equal","equal","equal","equal","larger","equal","equal","equal","larger","equal","larger","equal","equal","equal","larger","equal","larger","equal","equal","equal","larger","equal","larger","equal","equal","equal","larger","equal","larger","equal","equal","equal","larger","equal","larger","equal","equal","equal","larger","equal","larger","equal","equal","equal","larger","equal","equal","equal"
6,"NP","reliable","exp1a_s6_NP_r","N","P",0,1,0,3.28288614703342,1.36848612477833,3.08957245224155,0,0,0,1,1,1,0,1,0,1.5,1.36848612477833,1.5,0,1,0,2,1.36848612477833,2,0,1,0,2.5,1.36848612477833,2.5,0,1,0,3,1.36848612477833,3,0,1,0,3.5,1.36848612477833,3.08957245224155,0,1,0,4,1.36848612477833,3.08957245224155,0,1,0,4.5,1.36848612477833,3.08957245224155,0,1,0,5,1.36848612477833,3.08957245224155,0,1,0,5.5,1.36848612477833,3.08957245224155,0,1,0,6,1.36848612477833,3.08957245224155,0,1,0,6.5,1.36848612477833,3.08957245224155,0,2,0,7,1.36848612477833,3.08957245224155,0,1,0,4.79542601923458,3.36815279760031,0.881122799823061,0,0,0,1,1,1,0,0,0,1.5,1.5,1.5,0,0,0,2,2,2,0,0,0,2.5,2.5,2.5,0,0,0,3,3,3,0,1,0,3.5,3.36815279760031,3.5,0,1,0,4,3.36815279760031,3.97069525206462,0,1,0,4.5,3.36815279760031,3.97069525206462,0,1,0,5,3.36815279760031,3.97069525206462,0,1,0,5.5,3.36815279760031,3.97069525206462,0,1,0,6,3.36815279760031,3.97069525206462,1,1,0,6.16391214401291,3.36815279760031,3.97069525206462,1,1,0,6.16391214401291,3.36815279760031,3.97069525206462,"equal","equal","larger","larger","equal","larger","equal","equal","equal","larger","larger","larger","equal","equal","equal","larger","equal","larger","equal","equal","equal","larger","equal","larger","equal","equal","equal","larger","equal","larger","equal","equal","equal","larger","equal","larger","equal","equal","larger","larger","equal","larger","equal","equal","larger","larger","equal","larger","equal","equal","larger","larger","equal","larger","equal","equal","larger","larger","equal","larger","equal","equal","larger","larger","equal","larger","equal","equal","larger","larger","equal","larger","equal","equal","larger","larger","equal","larger","equal","equal","larger","larger","equal","larger","equal","equal","equal","larger","equal","larger","equal","equal","equal","larger","larger","larger","equal","equal","equal","larger","larger","larger","equal","equal","equal","larger","larger","larger","equal","equal","equal","larger","larger","larger","equal","equal","equal","larger","larger","larger","equal","equal","equal","larger","equal","larger","equal","equal","larger","larger","equal","larger","equal","equal","larger","larger","equal","larger","equal","equal","larger","larger","equal","larger","equal","equal","larger","larger","equal","larger","equal","equal","larger","larger","equal","larger","equal","equal","larger","equal","equal","larger","equal","equal","larger","equal","equal","larger"
6,"NP","unreliable","exp1a_s6_NP_u","N","P",0,2,0,3.28288614703342,1.3311753482661,3.08957245224155,0,0,0,1,1,1,0,1,0,1.5,1.3311753482661,1.5,0,1,0,2,1.3311753482661,2,0,1,0,2.5,1.3311753482661,2.5,0,2,0,3,1.3311753482661,3,0,2,0,3.5,1.3311753482661,3.08957245224155,0,2,0,4,1.3311753482661,3.08957245224155,0,2,0,4.5,1.3311753482661,3.08957245224155,0,2,0,5,1.3311753482661,3.08957245224155,0,2,0,5.5,1.3311753482661,3.08957245224155,0,2,0,6,1.3311753482661,3.08957245224155,0,2,0,6.5,1.3311753482661,3.08957245224155,0,2,0,7,1.3311753482661,3.08957245224155,1,0,0,4.00815953051577,4.06431609904394,0.881122799823061,0,0,0,1,1,1,0,0,0,1.5,1.5,1.5,0,0,0,2,2,2,0,0,0,2.5,2.5,2.5,0,0,0,3,3,3,0,0,0,3.5,3.5,3.5,0,0,0,4,4,3.97069525206462,1,0,0,4.00815953051577,4.5,3.97069525206462,1,0,0,4.00815953051577,5,3.97069525206462,1,0,0,4.00815953051577,5.5,3.97069525206462,1,0,0,4.00815953051577,6,3.97069525206462,2,0,0,4.00815953051577,6.5,3.97069525206462,2,0,0,4.00815953051577,7,3.97069525206462,"equal","equal","larger","larger","equal","larger","equal","equal","equal","larger","larger","larger","equal","equal","equal","larger","equal","larger","equal","equal","equal","larger","equal","larger","equal","equal","equal","larger","equal","larger","equal","equal","equal","larger","equal","larger","equal","equal","larger","larger","equal","larger","equal","equal","larger","larger","equal","larger","equal","equal","larger","larger","equal","larger","equal","equal","larger","larger","equal","larger","equal","equal","larger","larger","equal","larger","equal","equal","larger","larger","equal","larger","equal","equal","larger","larger","equal","larger","equal","equal","larger","larger","equal","larger","equal","equal","equal","equal","larger","larger","equal","equal","equal","larger","larger","larger","equal","equal","equal","larger","larger","larger","equal","equal","equal","larger","larger","larger","equal","equal","equal","larger","larger","larger","equal","equal","equal","larger","larger","larger","equal","equal","equal","larger","larger","larger","equal","equal","larger","larger","larger","larger","equal","equal","larger","equal","larger","larger","equal","equal","larger","equal","larger","larger","equal","equal","larger","equal","larger","larger","equal","equal","larger","equal","larger","larger","equal","equal","larger","equal","larger","larger","equal","equal","larger","equal","larger","larger"
6,"PG","reliable","exp1a_s6_PG_r","P","G",0,0,0,3.28288614703342,3.29908867413178,3.08957245224155,0,0,0,1,1,1,0,0,0,1.5,1.5,1.5,0,0,0,2,2,2,0,0,0,2.5,2.5,2.5,0,0,0,3,3,3,0,0,0,3.5,3.5,3.08957245224155,0,0,0,4,4,3.08957245224155,1,0,0,4.43729081432761,4.5,3.08957245224155,2,1,0,4.43729081432761,4.68461230610216,3.08957245224155,2,1,0,4.43729081432761,4.68461230610216,3.08957245224155,2,1,0,4.43729081432761,4.68461230610216,3.08957245224155,2,1,0,4.43729081432761,4.68461230610216,3.08957245224155,2,2,0,4.43729081432761,4.68461230610216,3.08957245224155,2,2,0,1.15440466729419,1.38552363197038,0.881122799823061,0,0,0,1,1,1,1,1,0,1.15440466729419,1.38552363197038,1.5,2,1,0,1.15440466729419,1.38552363197038,2,2,1,0,1.15440466729419,1.38552363197038,2.5,2,1,0,1.15440466729419,1.38552363197038,3,2,2,0,1.15440466729419,1.38552363197038,3.5,2,2,0,1.15440466729419,1.38552363197038,3.97069525206462,2,2,0,1.15440466729419,1.38552363197038,3.97069525206462,2,2,0,1.15440466729419,1.38552363197038,3.97069525206462,2,2,0,1.15440466729419,1.38552363197038,3.97069525206462,2,2,0,1.15440466729419,1.38552363197038,3.97069525206462,2,2,0,1.15440466729419,1.38552363197038,3.97069525206462,2,2,0,1.15440466729419,1.38552363197038,3.97069525206462,"equal","equal","larger","larger","larger","larger","equal","equal","equal","larger","larger","larger","equal","equal","equal","larger","larger","larger","equal","equal","equal","larger","larger","larger","equal","equal","equal","larger","larger","larger","equal","equal","equal","larger","larger","larger","equal","equal","larger","larger","larger","larger","equal","equal","larger","larger","larger","larger","equal","equal","larger","equal","larger","larger","equal","equal","larger","equal","equal","larger","equal","equal","larger","equal","equal","larger","equal","equal","larger","equal","equal","larger","equal","equal","larger","equal","equal","larger","equal","equal","larger","equal","equal","larger","equal","equal","equal","equal","equal","larger","equal","equal","equal","larger","larger","larger","equal","equal","equal","equal","equal","larger","equal","equal","equal","equal","equal","larger","equal","equal","equal","equal","equal","larger","equal","equal","equal","equal","equal","larger","equal","equal","equal","equal","equal","larger","equal","equal","larger","equal","equal","larger","equal","equal","larger","equal","equal","larger","equal","equal","larger","equal","equal","larger","equal","equal","larger","equal","equal","larger","equal","equal","larger","equal","equal","larger","equal","equal","larger","equal","equal","larger","equal","equal","larger","equal","equal","larger"
6,"PG","unreliable","exp1a_s6_PG_u","P","G",0,0,0,3.28288614703342,3.29908867413178,3.08957245224155,0,0,0,1,1,1,0,0,0,1.5,1.5,1.5,0,0,0,2,2,2,0,0,0,2.5,2.5,2.5,0,0,0,3,3,3,0,0,0,3.5,3.5,3.08957245224155,0,0,0,4,4,3.08957245224155,0,0,0,4.5,4.5,3.08957245224155,1,1,0,4.90624898973409,4.68461230610216,3.08957245224155,1,1,0,4.90624898973409,4.68461230610216,3.08957245224155,2,1,0,4.90624898973409,4.68461230610216,3.08957245224155,2,1,0,4.90624898973409,4.68461230610216,3.08957245224155,2,1,0,4.90624898973409,4.68461230610216,3.08957245224155,3,1,0,1.62336284270066,1.38552363197038,0.881122799823061,0,0,0,1,1,1,0,1,0,1.5,1.38552363197038,1.5,1,1,0,1.62336284270066,1.38552363197038,2,1,1,0,1.62336284270066,1.38552363197038,2.5,2,1,0,1.62336284270066,1.38552363197038,3,2,1,0,1.62336284270066,1.38552363197038,3.5,2,1,0,1.62336284270066,1.38552363197038,3.97069525206462,3,1,0,1.62336284270066,1.38552363197038,3.97069525206462,3,1,0,1.62336284270066,1.38552363197038,3.97069525206462,3,1,0,1.62336284270066,1.38552363197038,3.97069525206462,3,1,0,1.62336284270066,1.38552363197038,3.97069525206462,3,1,0,1.62336284270066,1.38552363197038,3.97069525206462,3,1,0,1.62336284270066,1.38552363197038,3.97069525206462,"equal","equal","larger","larger","larger","larger","equal","equal","equal","larger","larger","larger","equal","equal","equal","larger","larger","larger","equal","equal","equal","larger","larger","larger","equal","equal","equal","larger","larger","larger","equal","equal","equal","larger","larger","larger","equal","equal","larger","larger","larger","larger","equal","equal","larger","larger","larger","larger","equal","equal","larger","larger","larger","larger","equal","equal","larger","equal","equal","larger","equal","equal","larger","equal","equal","larger","equal","equal","larger","equal","equal","larger","equal","equal","larger","equal","equal","larger","equal","equal","larger","equal","equal","larger","equal","equal","equal","equal","equal","larger","equal","equal","equal","larger","larger","larger","equal","equal","equal","larger","equal","larger","equal","equal","equal","equal","equal","larger","equal","equal","equal","equal","equal","larger","equal","equal","equal","equal","equal","larger","equal","equal","equal","equal","equal","larger","equal","equal","larger","equal","equal","larger","equal","equal","larger","equal","equal","larger","equal","equal","larger","equal","equal","larger","equal","equal","larger","equal","equal","larger","equal","equal","larger","equal","equal","larger","equal","equal","larger","equal","equal","larger","equal","equal","larger","equal","equal","larger"
6,"PN","reliable","exp1a_s6_PN_r","P","N",0,0,0,3.28288614703342,3.29908867413178,3.08957245224155,0,0,0,1,1,1,0,0,0,1.5,1.5,1.5,0,0,0,2,2,2,0,0,0,2.5,2.5,2.5,0,0,0,3,3,3,0,0,0,3.5,3.5,3.08957245224155,0,0,0,4,4,3.08957245224155,1,0,0,4.43729081432761,4.5,3.08957245224155,1,0,0,4.43729081432761,5,3.08957245224155,1,0,0,4.43729081432761,5.5,3.08957245224155,1,0,0,4.43729081432761,6,3.08957245224155,1,0,0,4.43729081432761,6.5,3.08957245224155,1,1,0,4.43729081432761,6.66724147173209,3.08957245224155,1,1,0,1.15440466729419,3.36815279760031,0.881122799823061,0,0,0,1,1,1,1,0,0,1.15440466729419,1.5,1.5,1,0,0,1.15440466729419,2,2,1,0,0,1.15440466729419,2.5,2.5,1,0,0,1.15440466729419,3,3,1,1,0,1.15440466729419,3.36815279760031,3.5,1,1,0,1.15440466729419,3.36815279760031,3.97069525206462,1,1,0,1.15440466729419,3.36815279760031,3.97069525206462,1,1,0,1.15440466729419,3.36815279760031,3.97069525206462,1,1,0,1.15440466729419,3.36815279760031,3.97069525206462,1,1,0,1.15440466729419,3.36815279760031,3.97069525206462,1,1,0,1.15440466729419,3.36815279760031,3.97069525206462,1,1,0,1.15440466729419,3.36815279760031,3.97069525206462,"equal","equal","larger","larger","larger","larger","equal","equal","equal","larger","larger","larger","equal","equal","equal","larger","larger","larger","equal","equal","equal","larger","larger","larger","equal","equal","equal","larger","larger","larger","equal","equal","equal","larger","larger","larger","equal","equal","larger","larger","larger","larger","equal","equal","larger","larger","larger","larger","equal","equal","larger","equal","larger","larger","equal","equal","larger","equal","larger","larger","equal","equal","larger","equal","larger","larger","equal","equal","larger","equal","larger","larger","equal","equal","larger","equal","larger","larger","equal","equal","larger","equal","equal","larger","equal","equal","equal","equal","equal","larger","equal","equal","equal","larger","larger","larger","equal","equal","equal","equal","larger","larger","equal","equal","equal","equal","larger","larger","equal","equal","equal","equal","larger","larger","equal","equal","equal","equal","larger","larger","equal","equal","equal","equal","equal","larger","equal","equal","larger","equal","equal","larger","equal","equal","larger","equal","equal","larger","equal","equal","larger","equal","equal","larger","equal","equal","larger","equal","equal","larger","equal","equal","larger","equal","equal","larger","equal","equal","larger","equal","equal","larger","equal","equal","larger","equal","equal","larger"
6,"PN","unreliable","exp1a_s6_PN_u","P","N",0,0,0,3.28288614703342,3.29908867413178,3.08957245224155,0,0,0,1,1,1,0,0,0,1.5,1.5,1.5,0,0,0,2,2,2,0,0,0,2.5,2.5,2.5,0,0,0,3,3,3,0,0,0,3.5,3.5,3.08957245224155,0,0,0,4,4,3.08957245224155,0,0,0,4.5,4.5,3.08957245224155,0,0,0,5,5,3.08957245224155,0,0,0,5.5,5.5,3.08957245224155,1,0,0,5.97118066848847,6,3.08957245224155,1,0,0,5.97118066848847,6.5,3.08957245224155,1,0,0,5.97118066848847,7,3.08957245224155,2,0,0,2.68829452145505,4.06431609904394,0.881122799823061,0,0,0,1,1,1,0,0,0,1.5,1.5,1.5,0,0,0,2,2,2,0,0,0,2.5,2.5,2.5,1,0,0,2.68829452145505,3,3,1,0,0,2.68829452145505,3.5,3.5,1,0,0,2.68829452145505,4,3.97069525206462,2,0,0,2.68829452145505,4.5,3.97069525206462,2,0,0,2.68829452145505,5,3.97069525206462,2,0,0,2.68829452145505,5.5,3.97069525206462,2,0,0,2.68829452145505,6,3.97069525206462,2,0,0,2.68829452145505,6.5,3.97069525206462,2,0,0,2.68829452145505,7,3.97069525206462,"equal","equal","larger","larger","larger","larger","equal","equal","equal","larger","larger","larger","equal","equal","equal","larger","larger","larger","equal","equal","equal","larger","larger","larger","equal","equal","equal","larger","larger","larger","equal","equal","equal","larger","larger","larger","equal","equal","larger","larger","larger","larger","equal","equal","larger","larger","larger","larger","equal","equal","larger","larger","larger","larger","equal","equal","larger","larger","larger","larger","equal","equal","larger","larger","larger","larger","equal","equal","larger","equal","larger","larger","equal","equal","larger","equal","larger","larger","equal","equal","larger","equal","larger","larger","equal","equal","equal","equal","larger","larger","equal","equal","equal","larger","larger","larger","equal","equal","equal","larger","larger","larger","equal","equal","equal","larger","larger","larger","equal","equal","equal","larger","larger","larger","equal","equal","equal","equal","larger","larger","equal","equal","equal","equal","larger","larger","equal","equal","larger","equal","larger","larger","equal","equal","larger","equal","larger","larger","equal","equal","larger","equal","larger","larger","equal","equal","larger","equal","larger","larger","equal","equal","larger","equal","larger","larger","equal","equal","larger","equal","larger","larger","equal","equal","larger","equal","larger","larger"
6,"PP","reliable","exp1a_s6_PP_r","P","P",0,0,0,3.28288614703342,3.29908867413178,3.08957245224155,0,0,0,1,1,1,0,0,0,1.5,1.5,1.5,0,0,0,2,2,2,0,0,0,2.5,2.5,2.5,0,0,0,3,3,3,0,0,0,3.5,3.5,3.08957245224155,0,0,0,4,4,3.08957245224155,0,0,0,4.5,4.5,3.08957245224155,0,0,0,5,5,3.08957245224155,0,0,0,5.5,5.5,3.08957245224155,0,0,0,6,6,3.08957245224155,0,0,0,6.5,6.5,3.08957245224155,0,1,0,7,6.66724147173209,3.08957245224155,0,1,0,4.79542601923458,3.36815279760031,0.881122799823061,0,0,0,1,1,1,0,0,0,1.5,1.5,1.5,0,0,0,2,2,2,0,0,0,2.5,2.5,2.5,0,0,0,3,3,3,0,1,0,3.5,3.36815279760031,3.5,0,1,0,4,3.36815279760031,3.97069525206462,0,1,0,4.5,3.36815279760031,3.97069525206462,0,1,0,5,3.36815279760031,3.97069525206462,0,1,0,5.5,3.36815279760031,3.97069525206462,0,1,0,6,3.36815279760031,3.97069525206462,0,1,0,6.5,3.36815279760031,3.97069525206462,0,1,0,7,3.36815279760031,3.97069525206462,"equal","equal","larger","larger","larger","larger","equal","equal","equal","larger","larger","larger","equal","equal","equal","larger","larger","larger","equal","equal","equal","larger","larger","larger","equal","equal","equal","larger","larger","larger","equal","equal","equal","larger","larger","larger","equal","equal","larger","larger","larger","larger","equal","equal","larger","larger","larger","larger","equal","equal","larger","larger","larger","larger","equal","equal","larger","larger","larger","larger","equal","equal","larger","larger","larger","larger","equal","equal","larger","larger","larger","larger","equal","equal","larger","larger","larger","larger","equal","equal","larger","larger","equal","larger","equal","equal","equal","larger","equal","larger","equal","equal","equal","larger","larger","larger","equal","equal","equal","larger","larger","larger","equal","equal","equal","larger","larger","larger","equal","equal","equal","larger","larger","larger","equal","equal","equal","larger","larger","larger","equal","equal","equal","larger","equal","larger","equal","equal","larger","larger","equal","larger","equal","equal","larger","larger","equal","larger","equal","equal","larger","larger","equal","larger","equal","equal","larger","larger","equal","larger","equal","equal","larger","larger","equal","larger","equal","equal","larger","larger","equal","larger","equal","equal","larger","larger","equal","larger"
6,"PP","unreliable","exp1a_s6_PP_u","P","P",0,0,0,3.28288614703342,3.29908867413178,3.08957245224155,0,0,0,1,1,1,0,0,0,1.5,1.5,1.5,0,0,0,2,2,2,0,0,0,2.5,2.5,2.5,0,0,0,3,3,3,0,0,0,3.5,3.5,3.08957245224155,0,0,0,4,4,3.08957245224155,0,0,0,4.5,4.5,3.08957245224155,0,0,0,5,5,3.08957245224155,0,0,0,5.5,5.5,3.08957245224155,0,0,0,6,6,3.08957245224155,0,0,0,6.5,6.5,3.08957245224155,0,0,0,7,7,3.08957245224155,1,0,0,4.00815953051577,4.06431609904394,0.881122799823061,0,0,0,1,1,1,0,0,0,1.5,1.5,1.5,0,0,0,2,2,2,0,0,0,2.5,2.5,2.5,0,0,0,3,3,3,0,0,0,3.5,3.5,3.5,0,0,0,4,4,3.97069525206462,1,0,0,4.00815953051577,4.5,3.97069525206462,1,0,0,4.00815953051577,5,3.97069525206462,1,0,0,4.00815953051577,5.5,3.97069525206462,1,0,0,4.00815953051577,6,3.97069525206462,1,0,0,4.00815953051577,6.5,3.97069525206462,1,0,0,4.00815953051577,7,3.97069525206462,"equal","equal","larger","larger","larger","larger","equal","equal","equal","larger","larger","larger","equal","equal","equal","larger","larger","larger","equal","equal","equal","larger","larger","larger","equal","equal","equal","larger","larger","larger","equal","equal","equal","larger","larger","larger","equal","equal","larger","larger","larger","larger","equal","equal","larger","larger","larger","larger","equal","equal","larger","larger","larger","larger","equal","equal","larger","larger","larger","larger","equal","equal","larger","larger","larger","larger","equal","equal","larger","larger","larger","larger","equal","equal","larger","larger","larger","larger","equal","equal","larger","larger","larger","larger","equal","equal","equal","equal","larger","larger","equal","equal","equal","larger","larger","larger","equal","equal","equal","larger","larger","larger","equal","equal","equal","larger","larger","larger","equal","equal","equal","larger","larger","larger","equal","equal","equal","larger","larger","larger","equal","equal","equal","larger","larger","larger","equal","equal","larger","larger","larger","larger","equal","equal","larger","equal","larger","larger","equal","equal","larger","equal","larger","larger","equal","equal","larger","equal","larger","larger","equal","equal","larger","equal","larger","larger","equal","equal","larger","equal","larger","larger","equal","equal","larger","equal","larger","larger"
7,"GG","reliable","exp1a_s7_GG_r","G","G",1,2,1,0.960217559135459,1.35022301605941,1.26694280826529,1,0,0,0.960217559135459,1,1,1,1,1,0.960217559135459,1.35022301605941,1.26694280826529,1,2,1,0.960217559135459,1.35022301605941,1.26694280826529,1,2,1,0.960217559135459,1.35022301605941,1.26694280826529,1,2,1,0.960217559135459,1.35022301605941,1.26694280826529,1,2,2,0.960217559135459,1.35022301605941,1.26694280826529,2,2,2,0.960217559135459,1.35022301605941,1.26694280826529,3,2,2,0.960217559135459,1.35022301605941,1.26694280826529,3,3,2,0.960217559135459,1.35022301605941,1.26694280826529,3,3,2,0.960217559135459,1.35022301605941,1.26694280826529,3,3,2,0.960217559135459,1.35022301605941,1.26694280826529,3,3,2,0.960217559135459,1.35022301605941,1.26694280826529,4,4,2,0.960217559135459,1.35022301605941,1.26694280826529,2,2,1,1.07988046190591,1.5109796876204,0.472204385505794,0,0,1,1,1,0.472204385505794,1,0,1,1.07988046190591,1.5,0.472204385505794,2,1,1,1.07988046190591,1.5109796876204,0.472204385505794,2,1,1,1.07988046190591,1.5109796876204,0.472204385505794,2,1,1,1.07988046190591,1.5109796876204,0.472204385505794,2,1,1,1.07988046190591,1.5109796876204,0.472204385505794,2,2,1,1.07988046190591,1.5109796876204,0.472204385505794,3,2,1,1.07988046190591,1.5109796876204,0.472204385505794,3,2,1,1.07988046190591,1.5109796876204,0.472204385505794,3,2,1,1.07988046190591,1.5109796876204,0.472204385505794,3,2,1,1.07988046190591,1.5109796876204,0.472204385505794,4,2,1,1.07988046190591,1.5109796876204,0.472204385505794,4,2,1,1.07988046190591,1.5109796876204,0.472204385505794,"equal","equal","equal","equal","equal","equal","equal","equal","equal","equal","larger","larger","equal","equal","equal","equal","equal","equal","equal","equal","equal","equal","equal","equal","equal","equal","equal","equal","equal","equal","equal","equal","equal","equal","equal","equal","equal","equal","equal","equal","equal","equal","equal","equal","larger","equal","equal","equal","equal","equal","larger","equal","equal","equal","equal","equal","larger","equal","equal","equal","equal","equal","larger","equal","equal","equal","equal","equal","larger","equal","equal","equal","equal","equal","larger","equal","equal","equal","equal","equal","larger","equal","equal","equal","equal","equal","larger","equal","equal","equal","equal","equal","equal","larger","larger","equal","equal","equal","larger","equal","larger","equal","equal","equal","larger","equal","equal","equal","equal","equal","larger","equal","equal","equal","equal","equal","larger","equal","equal","equal","equal","equal","larger","equal","equal","equal","equal","equal","larger","equal","equal","equal","equal","equal","larger","equal","equal","equal","equal","equal","larger","equal","equal","equal","equal","equal","larger","equal","equal","equal","equal","equal","larger","equal","equal","equal","equal","equal","larger","equal","equal","equal","equal","equal","larger","equal","equal","equal"
7,"GG","unreliable","exp1a_s7_GG_u","G","G",1,2,1,0.960217559135459,1.35022301605941,1.26694280826529,1,0,0,0.960217559135459,1,1,1,1,1,0.960217559135459,1.35022301605941,1.26694280826529,1,1,1,0.960217559135459,1.35022301605941,1.26694280826529,1,1,1,0.960217559135459,1.35022301605941,1.26694280826529,1,2,1,0.960217559135459,1.35022301605941,1.26694280826529,2,2,1,0.960217559135459,1.35022301605941,1.26694280826529,2,2,1,0.960217559135459,1.35022301605941,1.26694280826529,3,2,1,0.960217559135459,1.35022301605941,1.26694280826529,3,3,1,0.960217559135459,1.35022301605941,1.26694280826529,3,3,1,0.960217559135459,1.35022301605941,1.26694280826529,3,3,1,0.960217559135459,1.35022301605941,1.26694280826529,3,3,1,0.960217559135459,1.35022301605941,1.26694280826529,4,3,1,0.960217559135459,1.35022301605941,1.26694280826529,2,2,0,0.754615533720277,1.5109796876204,1.10193789517507,1,0,0,0.754615533720277,1,1,1,0,0,0.754615533720277,1.5,1.10193789517507,2,1,0,0.754615533720277,1.5109796876204,1.10193789517507,2,2,0,0.754615533720277,1.5109796876204,1.10193789517507,2,2,0,0.754615533720277,1.5109796876204,1.10193789517507,2,2,0,0.754615533720277,1.5109796876204,1.10193789517507,2,2,0,0.754615533720277,1.5109796876204,1.10193789517507,3,2,0,0.754615533720277,1.5109796876204,1.10193789517507,3,2,0,0.754615533720277,1.5109796876204,1.10193789517507,4,2,0,0.754615533720277,1.5109796876204,1.10193789517507,4,2,0,0.754615533720277,1.5109796876204,1.10193789517507,4,2,0,0.754615533720277,1.5109796876204,1.10193789517507,4,2,0,0.754615533720277,1.5109796876204,1.10193789517507,"equal","equal","equal","equal","equal","equal","equal","equal","equal","equal","larger","larger","equal","equal","equal","equal","equal","equal","equal","equal","equal","equal","equal","equal","equal","equal","equal","equal","equal","equal","equal","equal","equal","equal","equal","equal","equal","equal","equal","equal","equal","equal","equal","equal","larger","equal","equal","equal","equal","equal","larger","equal","equal","equal","equal","equal","larger","equal","equal","equal","equal","equal","larger","equal","equal","equal","equal","equal","larger","equal","equal","equal","equal","equal","larger","equal","equal","equal","equal","equal","larger","equal","equal","equal","equal","equal","larger","equal","equal","larger","equal","equal","equal","equal","larger","larger","equal","equal","larger","equal","larger","larger","equal","equal","larger","equal","equal","larger","equal","equal","larger","equal","equal","larger","equal","equal","larger","equal","equal","larger","equal","equal","larger","equal","equal","larger","equal","equal","larger","equal","equal","larger","equal","equal","larger","equal","equal","larger","equal","equal","larger","equal","equal","larger","equal","equal","larger","equal","equal","larger","equal","equal","larger","equal","equal","larger","equal","equal","larger","equal","equal","larger","equal","equal","larger","equal","equal","larger"
7,"GN","reliable","exp1a_s7_GN_r","G","N",1,2,1,0.960217559135459,1.35022301605941,1.26694280826529,1,0,0,0.960217559135459,1,1,1,1,1,0.960217559135459,1.35022301605941,1.26694280826529,1,2,1,0.960217559135459,1.35022301605941,1.26694280826529,1,2,1,0.960217559135459,1.35022301605941,1.26694280826529,1,2,1,0.960217559135459,1.35022301605941,1.26694280826529,1,2,2,0.960217559135459,1.35022301605941,1.26694280826529,2,2,2,0.960217559135459,1.35022301605941,1.26694280826529,2,2,2,0.960217559135459,1.35022301605941,1.26694280826529,2,3,2,0.960217559135459,1.35022301605941,1.26694280826529,2,3,2,0.960217559135459,1.35022301605941,1.26694280826529,2,3,2,0.960217559135459,1.35022301605941,1.26694280826529,2,3,2,0.960217559135459,1.35022301605941,1.26694280826529,2,4,2,0.960217559135459,1.35022301605941,1.26694280826529,1,1,1,1.07988046190591,3.62506142481404,0.472204385505794,0,0,1,1,1,0.472204385505794,1,0,1,1.07988046190591,1.5,0.472204385505794,1,0,1,1.07988046190591,2,0.472204385505794,1,0,1,1.07988046190591,2.5,0.472204385505794,1,0,1,1.07988046190591,3,0.472204385505794,1,0,1,1.07988046190591,3.5,0.472204385505794,1,1,1,1.07988046190591,3.62506142481404,0.472204385505794,1,1,1,1.07988046190591,3.62506142481404,0.472204385505794,1,1,1,1.07988046190591,3.62506142481404,0.472204385505794,1,1,1,1.07988046190591,3.62506142481404,0.472204385505794,1,1,1,1.07988046190591,3.62506142481404,0.472204385505794,2,1,1,1.07988046190591,3.62506142481404,0.472204385505794,2,1,1,1.07988046190591,3.62506142481404,0.472204385505794,"equal","equal","equal","equal","equal","equal","equal","equal","equal","equal","larger","larger","equal","equal","equal","equal","equal","equal","equal","equal","equal","equal","equal","equal","equal","equal","equal","equal","equal","equal","equal","equal","equal","equal","equal","equal","equal","equal","equal","equal","equal","equal","equal","equal","larger","equal","equal","equal","equal","equal","larger","equal","equal","equal","equal","equal","larger","equal","equal","equal","equal","equal","larger","equal","equal","equal","equal","equal","larger","equal","equal","equal","equal","equal","larger","equal","equal","equal","equal","equal","larger","equal","equal","equal","equal","equal","larger","equal","equal","equal","equal","equal","equal","larger","larger","equal","equal","equal","larger","equal","larger","equal","equal","equal","larger","equal","larger","equal","equal","equal","larger","equal","larger","equal","equal","equal","larger","equal","larger","equal","equal","equal","larger","equal","larger","equal","equal","equal","larger","equal","equal","equal","equal","equal","larger","equal","equal","equal","equal","equal","larger","equal","equal","equal","equal","equal","larger","equal","equal","equal","equal","equal","larger","equal","equal","equal","equal","equal","larger","equal","equal","equal","equal","equal","larger","equal","equal","equal"
7,"GN","unreliable","exp1a_s7_GN_u","G","N",1,2,1,0.960217559135459,1.35022301605941,1.26694280826529,1,0,0,0.960217559135459,1,1,1,1,1,0.960217559135459,1.35022301605941,1.26694280826529,1,1,1,0.960217559135459,1.35022301605941,1.26694280826529,1,1,1,0.960217559135459,1.35022301605941,1.26694280826529,1,2,1,0.960217559135459,1.35022301605941,1.26694280826529,2,2,1,0.960217559135459,1.35022301605941,1.26694280826529,2,2,1,0.960217559135459,1.35022301605941,1.26694280826529,2,2,1,0.960217559135459,1.35022301605941,1.26694280826529,2,3,1,0.960217559135459,1.35022301605941,1.26694280826529,2,3,1,0.960217559135459,1.35022301605941,1.26694280826529,2,3,1,0.960217559135459,1.35022301605941,1.26694280826529,2,3,1,0.960217559135459,1.35022301605941,1.26694280826529,2,3,1,0.960217559135459,1.35022301605941,1.26694280826529,1,1,0,0.754615533720277,2.40619275519775,1.10193789517507,1,0,0,0.754615533720277,1,1,1,0,0,0.754615533720277,1.5,1.10193789517507,1,0,0,0.754615533720277,2,1.10193789517507,1,1,0,0.754615533720277,2.40619275519775,1.10193789517507,1,1,0,0.754615533720277,2.40619275519775,1.10193789517507,1,1,0,0.754615533720277,2.40619275519775,1.10193789517507,1,1,0,0.754615533720277,2.40619275519775,1.10193789517507,1,1,0,0.754615533720277,2.40619275519775,1.10193789517507,1,1,0,0.754615533720277,2.40619275519775,1.10193789517507,2,1,0,0.754615533720277,2.40619275519775,1.10193789517507,2,1,0,0.754615533720277,2.40619275519775,1.10193789517507,2,1,0,0.754615533720277,2.40619275519775,1.10193789517507,2,1,0,0.754615533720277,2.40619275519775,1.10193789517507,"equal","equal","equal","equal","equal","equal","equal","equal","equal","equal","larger","larger","equal","equal","equal","equal","equal","equal","equal","equal","equal","equal","equal","equal","equal","equal","equal","equal","equal","equal","equal","equal","equal","equal","equal","equal","equal","equal","equal","equal","equal","equal","equal","equal","larger","equal","equal","equal","equal","equal","larger","equal","equal","equal","equal","equal","larger","equal","equal","equal","equal","equal","larger","equal","equal","equal","equal","equal","larger","equal","equal","equal","equal","equal","larger","equal","equal","equal","equal","equal","larger","equal","equal","equal","equal","equal","larger","equal","equal","larger","equal","equal","equal","equal","larger","larger","equal","equal","larger","equal","larger","larger","equal","equal","larger","equal","larger","larger","equal","equal","larger","equal","equal","larger","equal","equal","larger","equal","equal","larger","equal","equal","larger","equal","equal","larger","equal","equal","larger","equal","equal","larger","equal","equal","larger","equal","equal","larger","equal","equal","larger","equal","equal","larger","equal","equal","larger","equal","equal","larger","equal","equal","larger","equal","equal","larger","equal","equal","larger","equal","equal","larger","equal","equal","larger","equal","equal","larger"
7,"GP","reliable","exp1a_s7_GP_r","G","P",1,2,1,0.960217559135459,1.35022301605941,1.26694280826529,1,0,0,0.960217559135459,1,1,1,1,1,0.960217559135459,1.35022301605941,1.26694280826529,1,2,1,0.960217559135459,1.35022301605941,1.26694280826529,1,2,1,0.960217559135459,1.35022301605941,1.26694280826529,1,2,1,0.960217559135459,1.35022301605941,1.26694280826529,1,2,1,0.960217559135459,1.35022301605941,1.26694280826529,1,2,1,0.960217559135459,1.35022301605941,1.26694280826529,1,2,1,0.960217559135459,1.35022301605941,1.26694280826529,1,3,1,0.960217559135459,1.35022301605941,1.26694280826529,1,3,1,0.960217559135459,1.35022301605941,1.26694280826529,1,3,1,0.960217559135459,1.35022301605941,1.26694280826529,1,3,1,0.960217559135459,1.35022301605941,1.26694280826529,1,3,1,0.960217559135459,1.35022301605941,1.26694280826529,0,1,0,2.68831386324018,3.62506142481404,1.10193789517507,0,0,0,1,1,1,0,0,0,1.5,1.5,1.10193789517507,0,0,0,2,2,1.10193789517507,0,0,0,2.5,2.5,1.10193789517507,0,0,0,3,3,1.10193789517507,0,0,0,3.5,3.5,1.10193789517507,0,1,0,4,3.62506142481404,1.10193789517507,0,1,0,4.5,3.62506142481404,1.10193789517507,0,1,0,5,3.62506142481404,1.10193789517507,0,1,0,5.5,3.62506142481404,1.10193789517507,0,1,0,6,3.62506142481404,1.10193789517507,1,1,0,6.31337528805422,3.62506142481404,1.10193789517507,1,1,0,6.31337528805422,3.62506142481404,1.10193789517507,"equal","equal","equal","equal","equal","equal","equal","equal","equal","equal","larger","larger","equal","equal","equal","equal","equal","equal","equal","equal","equal","equal","equal","equal","equal","equal","equal","equal","equal","equal","equal","equal","equal","equal","equal","equal","equal","equal","equal","equal","equal","equal","equal","equal","larger","equal","equal","equal","equal","equal","larger","equal","equal","equal","equal","equal","larger","equal","equal","equal","equal","equal","larger","equal","equal","equal","equal","equal","larger","equal","equal","equal","equal","equal","larger","equal","equal","equal","equal","equal","larger","equal","equal","equal","equal","equal","larger","larger","equal","larger","equal","equal","equal","larger","larger","larger","equal","equal","larger","larger","larger","larger","equal","equal","larger","larger","larger","larger","equal","equal","larger","larger","larger","larger","equal","equal","larger","larger","larger","larger","equal","equal","larger","larger","larger","larger","equal","equal","larger","larger","equal","larger","equal","equal","larger","larger","equal","larger","equal","equal","larger","larger","equal","larger","equal","equal","larger","larger","equal","larger","equal","equal","larger","larger","equal","larger","equal","equal","larger","equal","equal","larger","equal","equal","larger","equal","equal","larger"
7,"GP","unreliable","exp1a_s7_GP_u","G","P",1,2,1,0.960217559135459,1.35022301605941,1.26694280826529,1,0,0,0.960217559135459,1,1,1,1,1,0.960217559135459,1.35022301605941,1.26694280826529,1,1,1,0.960217559135459,1.35022301605941,1.26694280826529,1,1,1,0.960217559135459,1.35022301605941,1.26694280826529,1,2,1,0.960217559135459,1.35022301605941,1.26694280826529,1,2,1,0.960217559135459,1.35022301605941,1.26694280826529,1,2,1,0.960217559135459,1.35022301605941,1.26694280826529,1,2,1,0.960217559135459,1.35022301605941,1.26694280826529,1,3,1,0.960217559135459,1.35022301605941,1.26694280826529,1,3,1,0.960217559135459,1.35022301605941,1.26694280826529,1,3,1,0.960217559135459,1.35022301605941,1.26694280826529,1,3,1,0.960217559135459,1.35022301605941,1.26694280826529,1,3,1,0.960217559135459,1.35022301605941,1.26694280826529,0,0,0,2.68831386324018,6.71611594874412,1.10193789517507,0,0,0,1,1,1,0,0,0,1.5,1.5,1.10193789517507,0,0,0,2,2,1.10193789517507,0,0,0,2.5,2.5,1.10193789517507,0,0,0,3,3,1.10193789517507,0,0,0,3.5,3.5,1.10193789517507,0,0,0,4,4,1.10193789517507,0,0,0,4.5,4.5,1.10193789517507,0,0,0,5,5,1.10193789517507,0,0,0,5.5,5.5,1.10193789517507,0,0,0,6,6,1.10193789517507,0,0,0,6.5,6.5,1.10193789517507,0,0,0,7,7,1.10193789517507,"equal","equal","equal","equal","equal","equal","equal","equal","equal","equal","larger","larger","equal","equal","equal","equal","equal","equal","equal","equal","equal","equal","equal","equal","equal","equal","equal","equal","equal","equal","equal","equal","equal","equal","equal","equal","equal","equal","equal","equal","equal","equal","equal","equal","larger","equal","equal","equal","equal","equal","larger","equal","equal","equal","equal","equal","larger","equal","equal","equal","equal","equal","larger","equal","equal","equal","equal","equal","larger","equal","equal","equal","equal","equal","larger","equal","equal","equal","equal","equal","larger","equal","equal","equal","equal","equal","larger","larger","larger","larger","equal","equal","equal","larger","larger","larger","equal","equal","larger","larger","larger","larger","equal","equal","larger","larger","larger","larger","equal","equal","larger","larger","larger","larger","equal","equal","larger","larger","larger","larger","equal","equal","larger","larger","larger","larger","equal","equal","larger","larger","larger","larger","equal","equal","larger","larger","larger","larger","equal","equal","larger","larger","larger","larger","equal","equal","larger","larger","larger","larger","equal","equal","larger","larger","larger","larger","equal","equal","larger","larger","larger","larger","equal","equal","larger","larger","larger","larger"
7,"NG","reliable","exp1a_s7_NG_r","N","G",0,1,0,2.47180525050499,1.86108795321855,2.89714221493341,0,0,0,1,1,1,0,0,0,1.5,1.5,1.5,0,1,0,2,1.86108795321855,2,0,1,0,2.5,1.86108795321855,2.5,0,1,0,3,1.86108795321855,3,0,1,1,3.5,1.86108795321855,3.3693466004392,1,1,1,3.55168571241089,1.86108795321855,3.3693466004392,2,1,1,3.55168571241089,1.86108795321855,3.3693466004392,2,1,1,3.55168571241089,1.86108795321855,3.3693466004392,2,1,1,3.55168571241089,1.86108795321855,3.3693466004392,2,1,1,3.55168571241089,1.86108795321855,3.3693466004392,2,1,1,3.55168571241089,1.86108795321855,3.3693466004392,3,2,1,3.55168571241089,1.86108795321855,3.3693466004392,2,2,1,1.07988046190591,1.5109796876204,0.472204385505794,0,0,1,1,1,0.472204385505794,1,0,1,1.07988046190591,1.5,0.472204385505794,2,1,1,1.07988046190591,1.5109796876204,0.472204385505794,2,1,1,1.07988046190591,1.5109796876204,0.472204385505794,2,1,1,1.07988046190591,1.5109796876204,0.472204385505794,2,1,1,1.07988046190591,1.5109796876204,0.472204385505794,2,2,1,1.07988046190591,1.5109796876204,0.472204385505794,3,2,1,1.07988046190591,1.5109796876204,0.472204385505794,3,2,1,1.07988046190591,1.5109796876204,0.472204385505794,3,2,1,1.07988046190591,1.5109796876204,0.472204385505794,3,2,1,1.07988046190591,1.5109796876204,0.472204385505794,4,2,1,1.07988046190591,1.5109796876204,0.472204385505794,4,2,1,1.07988046190591,1.5109796876204,0.472204385505794,"equal","equal","equal","larger","equal","larger","equal","equal","equal","larger","larger","larger","equal","equal","equal","larger","larger","larger","equal","equal","equal","larger","equal","larger","equal","equal","equal","larger","equal","larger","equal","equal","equal","larger","equal","larger","equal","equal","equal","larger","equal","equal","equal","equal","larger","equal","equal","equal","equal","equal","larger","equal","equal","equal","equal","equal","larger","equal","equal","equal","equal","equal","larger","equal","equal","equal","equal","equal","larger","equal","equal","equal","equal","equal","larger","equal","equal","equal","equal","equal","larger","equal","equal","equal","equal","equal","larger","equal","equal","equal","equal","equal","equal","larger","larger","equal","equal","equal","larger","equal","larger","equal","equal","equal","larger","equal","equal","equal","equal","equal","larger","equal","equal","equal","equal","equal","larger","equal","equal","equal","equal","equal","larger","equal","equal","equal","equal","equal","larger","equal","equal","equal","equal","equal","larger","equal","equal","equal","equal","equal","larger","equal","equal","equal","equal","equal","larger","equal","equal","equal","equal","equal","larger","equal","equal","equal","equal","equal","larger","equal","equal","equal","equal","equal","larger","equal","equal","equal"
7,"NG","unreliable","exp1a_s7_NG_u","N","G",0,1,0,2.47180525050499,2.8286030052443,2.89714221493341,0,0,0,1,1,1,0,0,0,1.5,1.5,1.5,0,0,0,2,2,2,0,0,0,2.5,2.5,2.5,0,1,0,3,2.8286030052443,3,1,1,0,3.22642078422526,2.8286030052443,3.5,1,1,0,3.22642078422526,2.8286030052443,3.99908011010848,2,1,0,3.22642078422526,2.8286030052443,3.99908011010848,2,1,0,3.22642078422526,2.8286030052443,3.99908011010848,2,1,0,3.22642078422526,2.8286030052443,3.99908011010848,2,1,0,3.22642078422526,2.8286030052443,3.99908011010848,2,1,0,3.22642078422526,2.8286030052443,3.99908011010848,3,1,0,3.22642078422526,2.8286030052443,3.99908011010848,2,2,0,0.754615533720277,1.5109796876204,1.10193789517507,1,0,0,0.754615533720277,1,1,1,0,0,0.754615533720277,1.5,1.10193789517507,2,1,0,0.754615533720277,1.5109796876204,1.10193789517507,2,2,0,0.754615533720277,1.5109796876204,1.10193789517507,2,2,0,0.754615533720277,1.5109796876204,1.10193789517507,2,2,0,0.754615533720277,1.5109796876204,1.10193789517507,2,2,0,0.754615533720277,1.5109796876204,1.10193789517507,3,2,0,0.754615533720277,1.5109796876204,1.10193789517507,3,2,0,0.754615533720277,1.5109796876204,1.10193789517507,4,2,0,0.754615533720277,1.5109796876204,1.10193789517507,4,2,0,0.754615533720277,1.5109796876204,1.10193789517507,4,2,0,0.754615533720277,1.5109796876204,1.10193789517507,4,2,0,0.754615533720277,1.5109796876204,1.10193789517507,"equal","equal","equal","larger","equal","larger","equal","equal","equal","larger","larger","larger","equal","equal","equal","larger","larger","larger","equal","equal","equal","larger","larger","larger","equal","equal","equal","larger","larger","larger","equal","equal","equal","larger","equal","larger","equal","equal","equal","equal","equal","larger","equal","equal","larger","equal","equal","larger","equal","equal","larger","equal","equal","larger","equal","equal","larger","equal","equal","larger","equal","equal","larger","equal","equal","larger","equal","equal","larger","equal","equal","larger","equal","equal","larger","equal","equal","larger","equal","equal","larger","equal","equal","larger","equal","equal","larger","equal","equal","larger","equal","equal","equal","equal","larger","larger","equal","equal","larger","equal","larger","larger","equal","equal","larger","equal","equal","larger","equal","equal","larger","equal","equal","larger","equal","equal","larger","equal","equal","larger","equal","equal","larger","equal","equal","larger","equal","equal","larger","equal","equal","larger","equal","equal","larger","equal","equal","larger","equal","equal","larger","equal","equal","larger","equal","equal","larger","equal","equal","larger","equal","equal","larger","equal","equal","larger","equal","equal","larger","equal","equal","larger","equal","equal","larger","equal","equal","larger"
7,"NN","reliable","exp1a_s7_NN_r","N","N",0,1,0,2.47180525050499,1.86108795321855,2.89714221493341,0,0,0,1,1,1,0,0,0,1.5,1.5,1.5,0,1,0,2,1.86108795321855,2,0,1,0,2.5,1.86108795321855,2.5,0,1,0,3,1.86108795321855,3,0,1,1,3.5,1.86108795321855,3.3693466004392,1,1,1,3.55168571241089,1.86108795321855,3.3693466004392,1,1,1,3.55168571241089,1.86108795321855,3.3693466004392,1,1,1,3.55168571241089,1.86108795321855,3.3693466004392,1,1,1,3.55168571241089,1.86108795321855,3.3693466004392,1,1,1,3.55168571241089,1.86108795321855,3.3693466004392,1,1,1,3.55168571241089,1.86108795321855,3.3693466004392,1,2,1,3.55168571241089,1.86108795321855,3.3693466004392,1,1,1,1.07988046190591,3.62506142481404,0.472204385505794,0,0,1,1,1,0.472204385505794,1,0,1,1.07988046190591,1.5,0.472204385505794,1,0,1,1.07988046190591,2,0.472204385505794,1,0,1,1.07988046190591,2.5,0.472204385505794,1,0,1,1.07988046190591,3,0.472204385505794,1,0,1,1.07988046190591,3.5,0.472204385505794,1,1,1,1.07988046190591,3.62506142481404,0.472204385505794,1,1,1,1.07988046190591,3.62506142481404,0.472204385505794,1,1,1,1.07988046190591,3.62506142481404,0.472204385505794,1,1,1,1.07988046190591,3.62506142481404,0.472204385505794,1,1,1,1.07988046190591,3.62506142481404,0.472204385505794,2,1,1,1.07988046190591,3.62506142481404,0.472204385505794,2,1,1,1.07988046190591,3.62506142481404,0.472204385505794,"equal","equal","equal","larger","equal","larger","equal","equal","equal","larger","larger","larger","equal","equal","equal","larger","larger","larger","equal","equal","equal","larger","equal","larger","equal","equal","equal","larger","equal","larger","equal","equal","equal","larger","equal","larger","equal","equal","equal","larger","equal","equal","equal","equal","larger","equal","equal","equal","equal","equal","larger","equal","equal","equal","equal","equal","larger","equal","equal","equal","equal","equal","larger","equal","equal","equal","equal","equal","larger","equal","equal","equal","equal","equal","larger","equal","equal","equal","equal","equal","larger","equal","equal","equal","equal","equal","larger","equal","equal","equal","equal","equal","equal","larger","larger","equal","equal","equal","larger","equal","larger","equal","equal","equal","larger","equal","larger","equal","equal","equal","larger","equal","larger","equal","equal","equal","larger","equal","larger","equal","equal","equal","larger","equal","larger","equal","equal","equal","larger","equal","equal","equal","equal","equal","larger","equal","equal","equal","equal","equal","larger","equal","equal","equal","equal","equal","larger","equal","equal","equal","equal","equal","larger","equal","equal","equal","equal","equal","larger","equal","equal","equal","equal","equal","larger","equal","equal","equal"
7,"NN","unreliable","exp1a_s7_NN_u","N","N",0,1,0,2.47180525050499,2.8286030052443,2.89714221493341,0,0,0,1,1,1,0,0,0,1.5,1.5,1.5,0,0,0,2,2,2,0,0,0,2.5,2.5,2.5,0,1,0,3,2.8286030052443,3,1,1,0,3.22642078422526,2.8286030052443,3.5,1,1,0,3.22642078422526,2.8286030052443,3.99908011010848,1,1,0,3.22642078422526,2.8286030052443,3.99908011010848,1,1,0,3.22642078422526,2.8286030052443,3.99908011010848,1,1,0,3.22642078422526,2.8286030052443,3.99908011010848,1,1,0,3.22642078422526,2.8286030052443,3.99908011010848,1,1,0,3.22642078422526,2.8286030052443,3.99908011010848,1,1,0,3.22642078422526,2.8286030052443,3.99908011010848,1,1,0,0.754615533720277,2.40619275519775,1.10193789517507,1,0,0,0.754615533720277,1,1,1,0,0,0.754615533720277,1.5,1.10193789517507,1,0,0,0.754615533720277,2,1.10193789517507,1,1,0,0.754615533720277,2.40619275519775,1.10193789517507,1,1,0,0.754615533720277,2.40619275519775,1.10193789517507,1,1,0,0.754615533720277,2.40619275519775,1.10193789517507,1,1,0,0.754615533720277,2.40619275519775,1.10193789517507,1,1,0,0.754615533720277,2.40619275519775,1.10193789517507,1,1,0,0.754615533720277,2.40619275519775,1.10193789517507,2,1,0,0.754615533720277,2.40619275519775,1.10193789517507,2,1,0,0.754615533720277,2.40619275519775,1.10193789517507,2,1,0,0.754615533720277,2.40619275519775,1.10193789517507,2,1,0,0.754615533720277,2.40619275519775,1.10193789517507,"equal","equal","equal","larger","equal","larger","equal","equal","equal","larger","larger","larger","equal","equal","equal","larger","larger","larger","equal","equal","equal","larger","larger","larger","equal","equal","equal","larger","larger","larger","equal","equal","equal","larger","equal","larger","equal","equal","equal","equal","equal","larger","equal","equal","larger","equal","equal","larger","equal","equal","larger","equal","equal","larger","equal","equal","larger","equal","equal","larger","equal","equal","larger","equal","equal","larger","equal","equal","larger","equal","equal","larger","equal","equal","larger","equal","equal","larger","equal","equal","larger","equal","equal","larger","equal","equal","larger","equal","equal","larger","equal","equal","equal","equal","larger","larger","equal","equal","larger","equal","larger","larger","equal","equal","larger","equal","larger","larger","equal","equal","larger","equal","equal","larger","equal","equal","larger","equal","equal","larger","equal","equal","larger","equal","equal","larger","equal","equal","larger","equal","equal","larger","equal","equal","larger","equal","equal","larger","equal","equal","larger","equal","equal","larger","equal","equal","larger","equal","equal","larger","equal","equal","larger","equal","equal","larger","equal","equal","larger","equal","equal","larger","equal","equal","larger","equal","equal","larger"
7,"NP","reliable","exp1a_s7_NP_r","N","P",0,1,0,2.47180525050499,1.86108795321855,2.89714221493341,0,0,0,1,1,1,0,0,0,1.5,1.5,1.5,0,1,0,2,1.86108795321855,2,0,1,0,2.5,1.86108795321855,2.5,0,1,0,3,1.86108795321855,3,0,1,0,3.5,1.86108795321855,3.5,0,1,0,4,1.86108795321855,3.99908011010848,0,1,0,4.5,1.86108795321855,3.99908011010848,0,1,0,5,1.86108795321855,3.99908011010848,0,1,0,5.5,1.86108795321855,3.99908011010848,0,1,0,6,1.86108795321855,3.99908011010848,0,1,0,6.5,1.86108795321855,3.99908011010848,0,1,0,7,1.86108795321855,3.99908011010848,0,1,0,2.68831386324018,3.62506142481404,1.10193789517507,0,0,0,1,1,1,0,0,0,1.5,1.5,1.10193789517507,0,0,0,2,2,1.10193789517507,0,0,0,2.5,2.5,1.10193789517507,0,0,0,3,3,1.10193789517507,0,0,0,3.5,3.5,1.10193789517507,0,1,0,4,3.62506142481404,1.10193789517507,0,1,0,4.5,3.62506142481404,1.10193789517507,0,1,0,5,3.62506142481404,1.10193789517507,0,1,0,5.5,3.62506142481404,1.10193789517507,0,1,0,6,3.62506142481404,1.10193789517507,1,1,0,6.31337528805422,3.62506142481404,1.10193789517507,1,1,0,6.31337528805422,3.62506142481404,1.10193789517507,"equal","equal","equal","larger","equal","larger","equal","equal","equal","larger","larger","larger","equal","equal","equal","larger","larger","larger","equal","equal","equal","larger","equal","larger","equal","equal","equal","larger","equal","larger","equal","equal","equal","larger","equal","larger","equal","equal","equal","larger","equal","larger","equal","equal","larger","larger","equal","larger","equal","equal","larger","larger","equal","larger","equal","equal","larger","larger","equal","larger","equal","equal","larger","larger","equal","larger","equal","equal","larger","larger","equal","larger","equal","equal","larger","larger","equal","larger","equal","equal","larger","larger","equal","larger","equal","equal","larger","larger","equal","larger","equal","equal","equal","larger","larger","larger","equal","equal","larger","larger","larger","larger","equal","equal","larger","larger","larger","larger","equal","equal","larger","larger","larger","larger","equal","equal","larger","larger","larger","larger","equal","equal","larger","larger","larger","larger","equal","equal","larger","larger","equal","larger","equal","equal","larger","larger","equal","larger","equal","equal","larger","larger","equal","larger","equal","equal","larger","larger","equal","larger","equal","equal","larger","larger","equal","larger","equal","equal","larger","equal","equal","larger","equal","equal","larger","equal","equal","larger"
7,"NP","unreliable","exp1a_s7_NP_u","N","P",0,1,0,2.47180525050499,2.8286030052443,2.89714221493341,0,0,0,1,1,1,0,0,0,1.5,1.5,1.5,0,0,0,2,2,2,0,0,0,2.5,2.5,2.5,0,1,0,3,2.8286030052443,3,0,1,0,3.5,2.8286030052443,3.5,0,1,0,4,2.8286030052443,3.99908011010848,0,1,0,4.5,2.8286030052443,3.99908011010848,0,1,0,5,2.8286030052443,3.99908011010848,0,1,0,5.5,2.8286030052443,3.99908011010848,0,1,0,6,2.8286030052443,3.99908011010848,0,1,0,6.5,2.8286030052443,3.99908011010848,0,1,0,7,2.8286030052443,3.99908011010848,0,0,0,2.68831386324018,6.71611594874412,1.10193789517507,0,0,0,1,1,1,0,0,0,1.5,1.5,1.10193789517507,0,0,0,2,2,1.10193789517507,0,0,0,2.5,2.5,1.10193789517507,0,0,0,3,3,1.10193789517507,0,0,0,3.5,3.5,1.10193789517507,0,0,0,4,4,1.10193789517507,0,0,0,4.5,4.5,1.10193789517507,0,0,0,5,5,1.10193789517507,0,0,0,5.5,5.5,1.10193789517507,0,0,0,6,6,1.10193789517507,0,0,0,6.5,6.5,1.10193789517507,0,0,0,7,7,1.10193789517507,"equal","equal","equal","larger","equal","larger","equal","equal","equal","larger","larger","larger","equal","equal","equal","larger","larger","larger","equal","equal","equal","larger","larger","larger","equal","equal","equal","larger","larger","larger","equal","equal","equal","larger","equal","larger","equal","equal","equal","larger","equal","larger","equal","equal","larger","larger","equal","larger","equal","equal","larger","larger","equal","larger","equal","equal","larger","larger","equal","larger","equal","equal","larger","larger","equal","larger","equal","equal","larger","larger","equal","larger","equal","equal","larger","larger","equal","larger","equal","equal","larger","larger","equal","larger","equal","equal","larger","larger","larger","larger","equal","equal","equal","larger","larger","larger","equal","equal","larger","larger","larger","larger","equal","equal","larger","larger","larger","larger","equal","equal","larger","larger","larger","larger","equal","equal","larger","larger","larger","larger","equal","equal","larger","larger","larger","larger","equal","equal","larger","larger","larger","larger","equal","equal","larger","larger","larger","larger","equal","equal","larger","larger","larger","larger","equal","equal","larger","larger","larger","larger","equal","equal","larger","larger","larger","larger","equal","equal","larger","larger","larger","larger","equal","equal","larger","larger","larger","larger"
7,"PG","reliable","exp1a_s7_PG_r","P","G",0,0,0,2.47180525050499,3.41328101675026,2.89714221493341,0,0,0,1,1,1,0,0,0,1.5,1.5,1.5,0,0,0,2,2,2,0,0,0,2.5,2.5,2.5,0,0,0,3,3,3,0,0,1,3.5,3.5,3.3693466004392,1,0,1,3.55168571241089,4,3.3693466004392,2,0,1,3.55168571241089,4.5,3.3693466004392,2,0,1,3.55168571241089,5,3.3693466004392,2,0,1,3.55168571241089,5.5,3.3693466004392,2,0,1,3.55168571241089,6,3.3693466004392,2,0,1,3.55168571241089,6.5,3.3693466004392,3,1,1,3.55168571241089,6.78262761718947,3.3693466004392,2,2,1,1.07988046190591,1.5109796876204,0.472204385505794,0,0,1,1,1,0.472204385505794,1,0,1,1.07988046190591,1.5,0.472204385505794,2,1,1,1.07988046190591,1.5109796876204,0.472204385505794,2,1,1,1.07988046190591,1.5109796876204,0.472204385505794,2,1,1,1.07988046190591,1.5109796876204,0.472204385505794,2,1,1,1.07988046190591,1.5109796876204,0.472204385505794,2,2,1,1.07988046190591,1.5109796876204,0.472204385505794,3,2,1,1.07988046190591,1.5109796876204,0.472204385505794,3,2,1,1.07988046190591,1.5109796876204,0.472204385505794,3,2,1,1.07988046190591,1.5109796876204,0.472204385505794,3,2,1,1.07988046190591,1.5109796876204,0.472204385505794,4,2,1,1.07988046190591,1.5109796876204,0.472204385505794,4,2,1,1.07988046190591,1.5109796876204,0.472204385505794,"equal","equal","equal","larger","larger","larger","equal","equal","equal","larger","larger","larger","equal","equal","equal","larger","larger","larger","equal","equal","equal","larger","larger","larger","equal","equal","equal","larger","larger","larger","equal","equal","equal","larger","larger","larger","equal","equal","equal","larger","larger","equal","equal","equal","larger","equal","larger","equal","equal","equal","larger","equal","larger","equal","equal","equal","larger","equal","larger","equal","equal","equal","larger","equal","larger","equal","equal","equal","larger","equal","larger","equal","equal","equal","larger","equal","larger","equal","equal","equal","larger","equal","equal","equal","equal","equal","larger","equal","equal","equal","equal","equal","equal","larger","larger","equal","equal","equal","larger","equal","larger","equal","equal","equal","larger","equal","equal","equal","equal","equal","larger","equal","equal","equal","equal","equal","larger","equal","equal","equal","equal","equal","larger","equal","equal","equal","equal","equal","larger","equal","equal","equal","equal","equal","larger","equal","equal","equal","equal","equal","larger","equal","equal","equal","equal","equal","larger","equal","equal","equal","equal","equal","larger","equal","equal","equal","equal","equal","larger","equal","equal","equal","equal","equal","larger","equal","equal","equal"
7,"PG","unreliable","exp1a_s7_PG_u","P","G",0,0,0,2.47180525050499,3.41328101675026,2.89714221493341,0,0,0,1,1,1,0,0,0,1.5,1.5,1.5,0,0,0,2,2,2,0,0,0,2.5,2.5,2.5,0,0,0,3,3,3,0,0,0,3.5,3.5,3.5,0,0,0,4,4,3.99908011010848,1,0,0,4.06979779344002,4.5,3.99908011010848,1,0,0,4.06979779344002,5,3.99908011010848,1,0,0,4.06979779344002,5.5,3.99908011010848,1,0,0,4.06979779344002,6,3.99908011010848,1,0,0,4.06979779344002,6.5,3.99908011010848,2,0,0,4.06979779344002,7,3.99908011010848,1,2,0,1.59799254293503,1.5109796876204,1.10193789517507,0,0,0,1,1,1,0,0,0,1.5,1.5,1.10193789517507,1,1,0,1.59799254293503,1.5109796876204,1.10193789517507,1,2,0,1.59799254293503,1.5109796876204,1.10193789517507,1,2,0,1.59799254293503,1.5109796876204,1.10193789517507,1,2,0,1.59799254293503,1.5109796876204,1.10193789517507,1,2,0,1.59799254293503,1.5109796876204,1.10193789517507,2,2,0,1.59799254293503,1.5109796876204,1.10193789517507,2,2,0,1.59799254293503,1.5109796876204,1.10193789517507,3,2,0,1.59799254293503,1.5109796876204,1.10193789517507,3,2,0,1.59799254293503,1.5109796876204,1.10193789517507,3,2,0,1.59799254293503,1.5109796876204,1.10193789517507,3,2,0,1.59799254293503,1.5109796876204,1.10193789517507,"equal","equal","equal","larger","larger","larger","equal","equal","equal","larger","larger","larger","equal","equal","equal","larger","larger","larger","equal","equal","equal","larger","larger","larger","equal","equal","equal","larger","larger","larger","equal","equal","equal","larger","larger","larger","equal","equal","equal","larger","larger","larger","equal","equal","larger","larger","larger","larger","equal","equal","larger","equal","larger","larger","equal","equal","larger","equal","larger","larger","equal","equal","larger","equal","larger","larger","equal","equal","larger","equal","larger","larger","equal","equal","larger","equal","larger","larger","equal","equal","larger","equal","larger","larger","equal","equal","larger","equal","equal","larger","equal","equal","equal","larger","larger","larger","equal","equal","larger","larger","larger","larger","equal","equal","larger","equal","equal","larger","equal","equal","larger","equal","equal","larger","equal","equal","larger","equal","equal","larger","equal","equal","larger","equal","equal","larger","equal","equal","larger","equal","equal","larger","equal","equal","larger","equal","equal","larger","equal","equal","larger","equal","equal","larger","equal","equal","larger","equal","equal","larger","equal","equal","larger","equal","equal","larger","equal","equal","larger","equal","equal","larger","equal","equal","larger","equal","equal","larger"
7,"PN","reliable","exp1a_s7_PN_r","P","N",0,0,0,2.47180525050499,3.41328101675026,2.89714221493341,0,0,0,1,1,1,0,0,0,1.5,1.5,1.5,0,0,0,2,2,2,0,0,0,2.5,2.5,2.5,0,0,0,3,3,3,0,0,1,3.5,3.5,3.3693466004392,1,0,1,3.55168571241089,4,3.3693466004392,1,0,1,3.55168571241089,4.5,3.3693466004392,1,0,1,3.55168571241089,5,3.3693466004392,1,0,1,3.55168571241089,5.5,3.3693466004392,1,0,1,3.55168571241089,6,3.3693466004392,1,0,1,3.55168571241089,6.5,3.3693466004392,1,1,1,3.55168571241089,6.78262761718947,3.3693466004392,1,1,1,1.07988046190591,3.62506142481404,0.472204385505794,0,0,1,1,1,0.472204385505794,1,0,1,1.07988046190591,1.5,0.472204385505794,1,0,1,1.07988046190591,2,0.472204385505794,1,0,1,1.07988046190591,2.5,0.472204385505794,1,0,1,1.07988046190591,3,0.472204385505794,1,0,1,1.07988046190591,3.5,0.472204385505794,1,1,1,1.07988046190591,3.62506142481404,0.472204385505794,1,1,1,1.07988046190591,3.62506142481404,0.472204385505794,1,1,1,1.07988046190591,3.62506142481404,0.472204385505794,1,1,1,1.07988046190591,3.62506142481404,0.472204385505794,1,1,1,1.07988046190591,3.62506142481404,0.472204385505794,2,1,1,1.07988046190591,3.62506142481404,0.472204385505794,2,1,1,1.07988046190591,3.62506142481404,0.472204385505794,"equal","equal","equal","larger","larger","larger","equal","equal","equal","larger","larger","larger","equal","equal","equal","larger","larger","larger","equal","equal","equal","larger","larger","larger","equal","equal","equal","larger","larger","larger","equal","equal","equal","larger","larger","larger","equal","equal","equal","larger","larger","equal","equal","equal","larger","equal","larger","equal","equal","equal","larger","equal","larger","equal","equal","equal","larger","equal","larger","equal","equal","equal","larger","equal","larger","equal","equal","equal","larger","equal","larger","equal","equal","equal","larger","equal","larger","equal","equal","equal","larger","equal","equal","equal","equal","equal","larger","equal","equal","equal","equal","equal","equal","larger","larger","equal","equal","equal","larger","equal","larger","equal","equal","equal","larger","equal","larger","equal","equal","equal","larger","equal","larger","equal","equal","equal","larger","equal","larger","equal","equal","equal","larger","equal","larger","equal","equal","equal","larger","equal","equal","equal","equal","equal","larger","equal","equal","equal","equal","equal","larger","equal","equal","equal","equal","equal","larger","equal","equal","equal","equal","equal","larger","equal","equal","equal","equal","equal","larger","equal","equal","equal","equal","equal","larger","equal","equal","equal"
7,"PN","unreliable","exp1a_s7_PN_u","P","N",0,0,0,2.47180525050499,3.41328101675026,2.89714221493341,0,0,0,1,1,1,0,0,0,1.5,1.5,1.5,0,0,0,2,2,2,0,0,0,2.5,2.5,2.5,0,0,0,3,3,3,0,0,0,3.5,3.5,3.5,0,0,0,4,4,3.99908011010848,0,0,0,4.5,4.5,3.99908011010848,0,0,0,5,5,3.99908011010848,0,0,0,5.5,5.5,3.99908011010848,0,0,0,6,6,3.99908011010848,0,0,0,6.5,6.5,3.99908011010848,0,0,0,7,7,3.99908011010848,0,1,0,2.68831386324018,2.40619275519775,1.10193789517507,0,0,0,1,1,1,0,0,0,1.5,1.5,1.10193789517507,0,0,0,2,2,1.10193789517507,0,1,0,2.5,2.40619275519775,1.10193789517507,0,1,0,3,2.40619275519775,1.10193789517507,0,1,0,3.5,2.40619275519775,1.10193789517507,0,1,0,4,2.40619275519775,1.10193789517507,0,1,0,4.5,2.40619275519775,1.10193789517507,0,1,0,5,2.40619275519775,1.10193789517507,1,1,0,5.09450661843793,2.40619275519775,1.10193789517507,1,1,0,5.09450661843793,2.40619275519775,1.10193789517507,1,1,0,5.09450661843793,2.40619275519775,1.10193789517507,1,1,0,5.09450661843793,2.40619275519775,1.10193789517507,"equal","equal","equal","larger","larger","larger","equal","equal","equal","larger","larger","larger","equal","equal","equal","larger","larger","larger","equal","equal","equal","larger","larger","larger","equal","equal","equal","larger","larger","larger","equal","equal","equal","larger","larger","larger","equal","equal","equal","larger","larger","larger","equal","equal","larger","larger","larger","larger","equal","equal","larger","larger","larger","larger","equal","equal","larger","larger","larger","larger","equal","equal","larger","larger","larger","larger","equal","equal","larger","larger","larger","larger","equal","equal","larger","larger","larger","larger","equal","equal","larger","larger","larger","larger","equal","equal","larger","larger","equal","larger","equal","equal","equal","larger","larger","larger","equal","equal","larger","larger","larger","larger","equal","equal","larger","larger","larger","larger","equal","equal","larger","larger","equal","larger","equal","equal","larger","larger","equal","larger","equal","equal","larger","larger","equal","larger","equal","equal","larger","larger","equal","larger","equal","equal","larger","larger","equal","larger","equal","equal","larger","larger","equal","larger","equal","equal","larger","equal","equal","larger","equal","equal","larger","equal","equal","larger","equal","equal","larger","equal","equal","larger","equal","equal","larger","equal","equal","larger"
7,"PP","reliable","exp1a_s7_PP_r","P","P",0,0,0,2.47180525050499,3.41328101675026,2.89714221493341,0,0,0,1,1,1,0,0,0,1.5,1.5,1.5,0,0,0,2,2,2,0,0,0,2.5,2.5,2.5,0,0,0,3,3,3,0,0,0,3.5,3.5,3.5,0,0,0,4,4,3.99908011010848,0,0,0,4.5,4.5,3.99908011010848,0,0,0,5,5,3.99908011010848,0,0,0,5.5,5.5,3.99908011010848,0,0,0,6,6,3.99908011010848,0,0,0,6.5,6.5,3.99908011010848,0,0,0,7,7,3.99908011010848,0,1,0,2.68831386324018,3.62506142481404,1.10193789517507,0,0,0,1,1,1,0,0,0,1.5,1.5,1.10193789517507,0,0,0,2,2,1.10193789517507,0,0,0,2.5,2.5,1.10193789517507,0,0,0,3,3,1.10193789517507,0,0,0,3.5,3.5,1.10193789517507,0,1,0,4,3.62506142481404,1.10193789517507,0,1,0,4.5,3.62506142481404,1.10193789517507,0,1,0,5,3.62506142481404,1.10193789517507,0,1,0,5.5,3.62506142481404,1.10193789517507,0,1,0,6,3.62506142481404,1.10193789517507,1,1,0,6.31337528805422,3.62506142481404,1.10193789517507,1,1,0,6.31337528805422,3.62506142481404,1.10193789517507,"equal","equal","equal","larger","larger","larger","equal","equal","equal","larger","larger","larger","equal","equal","equal","larger","larger","larger","equal","equal","equal","larger","larger","larger","equal","equal","equal","larger","larger","larger","equal","equal","equal","larger","larger","larger","equal","equal","equal","larger","larger","larger","equal","equal","larger","larger","larger","larger","equal","equal","larger","larger","larger","larger","equal","equal","larger","larger","larger","larger","equal","equal","larger","larger","larger","larger","equal","equal","larger","larger","larger","larger","equal","equal","larger","larger","larger","larger","equal","equal","larger","larger","larger","larger","equal","equal","larger","larger","equal","larger","equal","equal","equal","larger","larger","larger","equal","equal","larger","larger","larger","larger","equal","equal","larger","larger","larger","larger","equal","equal","larger","larger","larger","larger","equal","equal","larger","larger","larger","larger","equal","equal","larger","larger","larger","larger","equal","equal","larger","larger","equal","larger","equal","equal","larger","larger","equal","larger","equal","equal","larger","larger","equal","larger","equal","equal","larger","larger","equal","larger","equal","equal","larger","larger","equal","larger","equal","equal","larger","equal","equal","larger","equal","equal","larger","equal","equal","larger"
7,"PP","unreliable","exp1a_s7_PP_u","P","P",0,0,0,2.47180525050499,3.41328101675026,2.89714221493341,0,0,0,1,1,1,0,0,0,1.5,1.5,1.5,0,0,0,2,2,2,0,0,0,2.5,2.5,2.5,0,0,0,3,3,3,0,0,0,3.5,3.5,3.5,0,0,0,4,4,3.99908011010848,0,0,0,4.5,4.5,3.99908011010848,0,0,0,5,5,3.99908011010848,0,0,0,5.5,5.5,3.99908011010848,0,0,0,6,6,3.99908011010848,0,0,0,6.5,6.5,3.99908011010848,0,0,0,7,7,3.99908011010848,0,0,0,2.68831386324018,6.71611594874412,1.10193789517507,0,0,0,1,1,1,0,0,0,1.5,1.5,1.10193789517507,0,0,0,2,2,1.10193789517507,0,0,0,2.5,2.5,1.10193789517507,0,0,0,3,3,1.10193789517507,0,0,0,3.5,3.5,1.10193789517507,0,0,0,4,4,1.10193789517507,0,0,0,4.5,4.5,1.10193789517507,0,0,0,5,5,1.10193789517507,0,0,0,5.5,5.5,1.10193789517507,0,0,0,6,6,1.10193789517507,0,0,0,6.5,6.5,1.10193789517507,0,0,0,7,7,1.10193789517507,"equal","equal","equal","larger","larger","larger","equal","equal","equal","larger","larger","larger","equal","equal","equal","larger","larger","larger","equal","equal","equal","larger","larger","larger","equal","equal","equal","larger","larger","larger","equal","equal","equal","larger","larger","larger","equal","equal","equal","larger","larger","larger","equal","equal","larger","larger","larger","larger","equal","equal","larger","larger","larger","larger","equal","equal","larger","larger","larger","larger","equal","equal","larger","larger","larger","larger","equal","equal","larger","larger","larger","larger","equal","equal","larger","larger","larger","larger","equal","equal","larger","larger","larger","larger","equal","equal","larger","larger","larger","larger","equal","equal","equal","larger","larger","larger","equal","equal","larger","larger","larger","larger","equal","equal","larger","larger","larger","larger","equal","equal","larger","larger","larger","larger","equal","equal","larger","larger","larger","larger","equal","equal","larger","larger","larger","larger","equal","equal","larger","larger","larger","larger","equal","equal","larger","larger","larger","larger","equal","equal","larger","larger","larger","larger","equal","equal","larger","larger","larger","larger","equal","equal","larger","larger","larger","larger","equal","equal","larger","larger","larger","larger","equal","equal","larger","larger","larger","larger"
8,"GG","reliable","exp1a_s8_GG_r","G","G",2,3,2,0.831879248229876,1.0601750440184,1.50784627415705,1,0,0,0.831879248229876,1,1,1,1,0,0.831879248229876,1.0601750440184,1.5,1,1,1,0.831879248229876,1.0601750440184,1.50784627415705,1,2,1,0.831879248229876,1.0601750440184,1.50784627415705,1,3,1,0.831879248229876,1.0601750440184,1.50784627415705,1,3,2,0.831879248229876,1.0601750440184,1.50784627415705,1,3,2,0.831879248229876,1.0601750440184,1.50784627415705,2,3,2,0.831879248229876,1.0601750440184,1.50784627415705,2,3,2,0.831879248229876,1.0601750440184,1.50784627415705,2,3,2,0.831879248229876,1.0601750440184,1.50784627415705,2,3,2,0.831879248229876,1.0601750440184,1.50784627415705,2,4,2,0.831879248229876,1.0601750440184,1.50784627415705,3,4,3,0.831879248229876,1.0601750440184,1.50784627415705,0,1,1,1.12464900338091,1.21411601760615,0.82400626839194,0,0,1,1,1,0.82400626839194,0,1,1,1.5,1.21411601760615,0.82400626839194,0,1,1,2,1.21411601760615,0.82400626839194,1,1,1,2.18482404739931,1.21411601760615,0.82400626839194,1,2,1,2.18482404739931,1.21411601760615,0.82400626839194,2,2,1,2.18482404739931,1.21411601760615,0.82400626839194,3,2,1,2.18482404739931,1.21411601760615,0.82400626839194,3,2,1,2.18482404739931,1.21411601760615,0.82400626839194,3,2,1,2.18482404739931,1.21411601760615,0.82400626839194,3,2,1,2.18482404739931,1.21411601760615,0.82400626839194,3,2,1,2.18482404739931,1.21411601760615,0.82400626839194,3,2,1,2.18482404739931,1.21411601760615,0.82400626839194,3,2,1,2.18482404739931,1.21411601760615,0.82400626839194,"equal","equal","equal","equal","equal","equal","equal","equal","equal","equal","larger","larger","equal","equal","equal","equal","equal","larger","equal","equal","equal","equal","equal","equal","equal","equal","equal","equal","equal","equal","equal","equal","equal","equal","equal","equal","equal","equal","equal","equal","equal","equal","equal","equal","equal","equal","equal","equal","equal","equal","equal","equal","equal","equal","equal","equal","equal","equal","equal","equal","equal","equal","equal","equal","equal","equal","equal","equal","equal","equal","equal","equal","equal","equal","equal","equal","equal","equal","equal","equal","equal","equal","equal","equal","equal","equal","larger","larger","equal","equal","equal","equal","equal","larger","larger","equal","equal","equal","larger","larger","equal","equal","equal","equal","larger","larger","equal","equal","equal","equal","larger","equal","equal","equal","equal","equal","larger","equal","equal","equal","equal","larger","larger","equal","equal","equal","equal","larger","larger","equal","equal","equal","equal","larger","larger","equal","equal","equal","equal","larger","larger","equal","equal","equal","equal","larger","larger","equal","equal","equal","equal","larger","larger","equal","equal","equal","equal","larger","larger","equal","equal","equal","equal","larger","larger","equal","equal","equal"
8,"GG","unreliable","exp1a_s8_GG_u","G","G",2,3,2,0.831879248229876,1.0601750440184,1.50784627415705,1,0,0,0.831879248229876,1,1,1,1,0,0.831879248229876,1.0601750440184,1.5,1,1,1,0.831879248229876,1.0601750440184,1.50784627415705,1,2,2,0.831879248229876,1.0601750440184,1.50784627415705,1,3,2,0.831879248229876,1.0601750440184,1.50784627415705,2,3,2,0.831879248229876,1.0601750440184,1.50784627415705,2,3,2,0.831879248229876,1.0601750440184,1.50784627415705,2,3,2,0.831879248229876,1.0601750440184,1.50784627415705,2,3,2,0.831879248229876,1.0601750440184,1.50784627415705,2,3,2,0.831879248229876,1.0601750440184,1.50784627415705,2,3,2,0.831879248229876,1.0601750440184,1.50784627415705,2,4,2,0.831879248229876,1.0601750440184,1.50784627415705,3,5,3,0.831879248229876,1.0601750440184,1.50784627415705,0,1,1,1.12464900338091,1.21411601760615,0.62363199626844,0,0,1,1,1,0.62363199626844,0,1,1,1.5,1.21411601760615,0.62363199626844,0,1,1,2,1.21411601760615,0.62363199626844,1,1,1,2.18482404739931,1.21411601760615,0.62363199626844,1,2,1,2.18482404739931,1.21411601760615,0.62363199626844,2,2,1,2.18482404739931,1.21411601760615,0.62363199626844,2,2,1,2.18482404739931,1.21411601760615,0.62363199626844,3,2,1,2.18482404739931,1.21411601760615,0.62363199626844,3,2,1,2.18482404739931,1.21411601760615,0.62363199626844,3,2,1,2.18482404739931,1.21411601760615,0.62363199626844,3,2,1,2.18482404739931,1.21411601760615,0.62363199626844,3,2,1,2.18482404739931,1.21411601760615,0.62363199626844,3,2,1,2.18482404739931,1.21411601760615,0.62363199626844,"equal","equal","equal","equal","equal","equal","equal","equal","equal","equal","larger","larger","equal","equal","equal","equal","equal","larger","equal","equal","equal","equal","equal","equal","equal","equal","equal","equal","equal","equal","equal","equal","equal","equal","equal","equal","equal","equal","equal","equal","equal","equal","equal","equal","equal","equal","equal","equal","equal","equal","equal","equal","equal","equal","equal","equal","equal","equal","equal","equal","equal","equal","equal","equal","equal","equal","equal","equal","equal","equal","equal","equal","equal","equal","equal","equal","equal","equal","equal","equal","equal","equal","equal","equal","equal","equal","larger","larger","equal","equal","equal","equal","equal","larger","larger","equal","equal","equal","larger","larger","equal","equal","equal","equal","larger","larger","equal","equal","equal","equal","larger","equal","equal","equal","equal","equal","larger","equal","equal","equal","equal","larger","larger","equal","equal","equal","equal","larger","larger","equal","equal","equal","equal","larger","larger","equal","equal","equal","equal","larger","larger","equal","equal","equal","equal","larger","larger","equal","equal","equal","equal","larger","larger","equal","equal","equal","equal","larger","larger","equal","equal","equal","equal","larger","larger","equal","equal","equal"
8,"GN","reliable","exp1a_s8_GN_r","G","N",2,2,2,0.831879248229876,2.01270541826829,1.50784627415705,1,0,0,0.831879248229876,1,1,1,0,0,0.831879248229876,1.5,1.5,1,0,1,0.831879248229876,2,1.50784627415705,1,1,1,0.831879248229876,2.01270541826829,1.50784627415705,1,2,1,0.831879248229876,2.01270541826829,1.50784627415705,1,2,2,0.831879248229876,2.01270541826829,1.50784627415705,1,2,2,0.831879248229876,2.01270541826829,1.50784627415705,2,2,2,0.831879248229876,2.01270541826829,1.50784627415705,2,2,2,0.831879248229876,2.01270541826829,1.50784627415705,2,2,2,0.831879248229876,2.01270541826829,1.50784627415705,2,2,2,0.831879248229876,2.01270541826829,1.50784627415705,2,3,2,0.831879248229876,2.01270541826829,1.50784627415705,2,3,2,0.831879248229876,2.01270541826829,1.50784627415705,0,0,1,1.12464900338091,1.95201410772279,0.82400626839194,0,0,1,1,1,0.82400626839194,0,0,1,1.5,1.5,0.82400626839194,0,0,1,2,2,0.82400626839194,0,0,1,2.5,2.5,0.82400626839194,0,1,1,3,2.77602037611473,0.82400626839194,1,1,1,3.1373544216492,2.77602037611473,0.82400626839194,2,1,1,3.1373544216492,2.77602037611473,0.82400626839194,2,1,1,3.1373544216492,2.77602037611473,0.82400626839194,2,1,1,3.1373544216492,2.77602037611473,0.82400626839194,2,1,1,3.1373544216492,2.77602037611473,0.82400626839194,2,1,1,3.1373544216492,2.77602037611473,0.82400626839194,2,1,1,3.1373544216492,2.77602037611473,0.82400626839194,2,1,1,3.1373544216492,2.77602037611473,0.82400626839194,"equal","equal","equal","equal","equal","equal","equal","equal","equal","equal","larger","larger","equal","equal","equal","equal","larger","larger","equal","equal","equal","equal","larger","equal","equal","equal","equal","equal","equal","equal","equal","equal","equal","equal","equal","equal","equal","equal","equal","equal","equal","equal","equal","equal","equal","equal","equal","equal","equal","equal","equal","equal","equal","equal","equal","equal","equal","equal","equal","equal","equal","equal","equal","equal","equal","equal","equal","equal","equal","equal","equal","equal","equal","equal","equal","equal","equal","equal","equal","equal","equal","equal","equal","equal","equal","equal","larger","larger","larger","equal","equal","equal","equal","larger","larger","equal","equal","equal","larger","larger","larger","equal","equal","equal","larger","larger","larger","equal","equal","equal","larger","larger","larger","equal","equal","equal","larger","larger","equal","equal","equal","larger","larger","equal","equal","equal","equal","larger","larger","equal","equal","equal","equal","larger","larger","equal","equal","equal","equal","larger","larger","equal","equal","equal","equal","larger","larger","equal","equal","equal","equal","larger","larger","equal","equal","equal","equal","larger","larger","equal","equal","equal","equal","larger","larger","equal","equal","equal"
8,"GN","unreliable","exp1a_s8_GN_u","G","N",2,2,2,0.831879248229876,2.01270541826829,1.50784627415705,1,0,0,0.831879248229876,1,1,1,0,0,0.831879248229876,1.5,1.5,1,0,1,0.831879248229876,2,1.50784627415705,1,1,2,0.831879248229876,2.01270541826829,1.50784627415705,1,2,2,0.831879248229876,2.01270541826829,1.50784627415705,2,2,2,0.831879248229876,2.01270541826829,1.50784627415705,2,2,2,0.831879248229876,2.01270541826829,1.50784627415705,2,2,2,0.831879248229876,2.01270541826829,1.50784627415705,2,2,2,0.831879248229876,2.01270541826829,1.50784627415705,2,2,2,0.831879248229876,2.01270541826829,1.50784627415705,2,2,2,0.831879248229876,2.01270541826829,1.50784627415705,2,3,2,0.831879248229876,2.01270541826829,1.50784627415705,2,4,2,0.831879248229876,2.01270541826829,1.50784627415705,0,0,1,1.12464900338091,1.95201410772279,0.62363199626844,0,0,1,1,1,0.62363199626844,0,0,1,1.5,1.5,0.62363199626844,0,0,1,2,2,0.62363199626844,0,0,1,2.5,2.5,0.62363199626844,0,1,1,3,2.57564610399123,0.62363199626844,1,1,1,3.1373544216492,2.57564610399123,0.62363199626844,1,1,1,3.1373544216492,2.57564610399123,0.62363199626844,2,1,1,3.1373544216492,2.57564610399123,0.62363199626844,2,1,1,3.1373544216492,2.57564610399123,0.62363199626844,2,1,1,3.1373544216492,2.57564610399123,0.62363199626844,2,1,1,3.1373544216492,2.57564610399123,0.62363199626844,2,1,1,3.1373544216492,2.57564610399123,0.62363199626844,2,1,1,3.1373544216492,2.57564610399123,0.62363199626844,"equal","equal","equal","equal","equal","equal","equal","equal","equal","equal","larger","larger","equal","equal","equal","equal","larger","larger","equal","equal","equal","equal","larger","equal","equal","equal","equal","equal","equal","equal","equal","equal","equal","equal","equal","equal","equal","equal","equal","equal","equal","equal","equal","equal","equal","equal","equal","equal","equal","equal","equal","equal","equal","equal","equal","equal","equal","equal","equal","equal","equal","equal","equal","equal","equal","equal","equal","equal","equal","equal","equal","equal","equal","equal","equal","equal","equal","equal","equal","equal","equal","equal","equal","equal","equal","equal","larger","larger","larger","equal","equal","equal","equal","larger","larger","equal","equal","equal","larger","larger","larger","equal","equal","equal","larger","larger","larger","equal","equal","equal","larger","larger","larger","equal","equal","equal","larger","larger","equal","equal","equal","larger","larger","equal","equal","equal","equal","larger","larger","equal","equal","equal","equal","larger","larger","equal","equal","equal","equal","larger","larger","equal","equal","equal","equal","larger","larger","equal","equal","equal","equal","larger","larger","equal","equal","equal","equal","larger","larger","equal","equal","equal","equal","larger","larger","equal","equal","equal"
8,"GP","reliable","exp1a_s8_GP_r","G","P",2,1,2,0.831879248229876,2.8222520861677,1.50784627415705,1,0,0,0.831879248229876,1,1,1,0,0,0.831879248229876,1.5,1.5,1,0,1,0.831879248229876,2,1.50784627415705,1,0,1,0.831879248229876,2.5,1.50784627415705,1,1,1,0.831879248229876,2.8222520861677,1.50784627415705,1,1,2,0.831879248229876,2.8222520861677,1.50784627415705,1,1,2,0.831879248229876,2.8222520861677,1.50784627415705,2,1,2,0.831879248229876,2.8222520861677,1.50784627415705,2,1,2,0.831879248229876,2.8222520861677,1.50784627415705,2,1,2,0.831879248229876,2.8222520861677,1.50784627415705,2,1,2,0.831879248229876,2.8222520861677,1.50784627415705,2,2,2,0.831879248229876,2.8222520861677,1.50784627415705,2,2,2,0.831879248229876,2.8222520861677,1.50784627415705,0,0,0,1.12464900338091,1.95201410772279,1.43855078867637,0,0,0,1,1,1,0,0,0,1.5,1.5,1.43855078867637,0,0,0,2,2,1.43855078867637,0,0,0,2.5,2.5,1.43855078867637,0,0,0,3,3,1.43855078867637,0,0,0,3.5,3.39056489639916,1.43855078867637,1,0,0,3.94690108954861,3.39056489639916,1.43855078867637,1,0,0,3.94690108954861,3.39056489639916,1.43855078867637,1,0,0,3.94690108954861,3.39056489639916,1.43855078867637,1,0,0,3.94690108954861,3.39056489639916,1.43855078867637,1,0,0,3.94690108954861,3.39056489639916,1.43855078867637,1,0,0,3.94690108954861,3.39056489639916,1.43855078867637,1,0,0,3.94690108954861,3.39056489639916,1.43855078867637,"equal","equal","equal","equal","equal","equal","equal","equal","equal","equal","larger","larger","equal","equal","equal","equal","larger","larger","equal","equal","equal","equal","larger","equal","equal","equal","equal","equal","larger","equal","equal","equal","equal","equal","equal","equal","equal","equal","equal","equal","equal","equal","equal","equal","equal","equal","equal","equal","equal","equal","equal","equal","equal","equal","equal","equal","equal","equal","equal","equal","equal","equal","equal","equal","equal","equal","equal","equal","equal","equal","equal","equal","equal","equal","equal","equal","equal","equal","equal","equal","equal","equal","equal","equal","equal","equal","larger","larger","larger","larger","equal","equal","equal","larger","larger","larger","equal","equal","larger","larger","larger","larger","equal","equal","larger","larger","larger","larger","equal","equal","larger","larger","larger","larger","equal","equal","larger","larger","larger","larger","equal","larger","larger","larger","larger","larger","equal","larger","larger","equal","larger","larger","equal","larger","larger","equal","larger","larger","equal","larger","larger","equal","larger","larger","equal","larger","larger","equal","larger","larger","equal","larger","larger","equal","larger","larger","equal","larger","larger","equal","larger","larger","equal","larger","larger","equal","larger","larger"
8,"GP","unreliable","exp1a_s8_GP_u","G","P",2,1,2,0.831879248229876,2.98547355037084,1.50784627415705,1,0,0,0.831879248229876,1,1,1,0,0,0.831879248229876,1.5,1.5,1,0,1,0.831879248229876,2,1.50784627415705,1,0,2,0.831879248229876,2.5,1.50784627415705,1,1,2,0.831879248229876,2.98547355037084,1.50784627415705,2,1,2,0.831879248229876,2.98547355037084,1.50784627415705,2,1,2,0.831879248229876,2.98547355037084,1.50784627415705,2,1,2,0.831879248229876,2.98547355037084,1.50784627415705,2,1,2,0.831879248229876,2.98547355037084,1.50784627415705,2,1,2,0.831879248229876,2.98547355037084,1.50784627415705,2,1,2,0.831879248229876,2.98547355037084,1.50784627415705,2,2,2,0.831879248229876,2.98547355037084,1.50784627415705,2,3,2,0.831879248229876,2.98547355037084,1.50784627415705,0,0,0,1.12464900338091,1.95201410772279,1.43855078867637,0,0,0,1,1,1,0,0,0,1.5,1.5,1.43855078867637,0,0,0,2,2,1.43855078867637,0,0,0,2.5,2.5,1.43855078867637,0,0,0,3,3,1.43855078867637,0,0,0,3.5,3.39056489639916,1.43855078867637,0,0,0,4,3.39056489639916,1.43855078867637,1,0,0,4.11012255375175,3.39056489639916,1.43855078867637,1,0,0,4.11012255375175,3.39056489639916,1.43855078867637,1,0,0,4.11012255375175,3.39056489639916,1.43855078867637,1,0,0,4.11012255375175,3.39056489639916,1.43855078867637,1,0,0,4.11012255375175,3.39056489639916,1.43855078867637,1,0,0,4.11012255375175,3.39056489639916,1.43855078867637,"equal","equal","equal","equal","equal","equal","equal","equal","equal","equal","larger","larger","equal","equal","equal","equal","larger","larger","equal","equal","equal","equal","larger","equal","equal","equal","equal","equal","larger","equal","equal","equal","equal","equal","equal","equal","equal","equal","equal","equal","equal","equal","equal","equal","equal","equal","equal","equal","equal","equal","equal","equal","equal","equal","equal","equal","equal","equal","equal","equal","equal","equal","equal","equal","equal","equal","equal","equal","equal","equal","equal","equal","equal","equal","equal","equal","equal","equal","equal","equal","equal","equal","equal","equal","equal","equal","larger","larger","larger","larger","equal","equal","equal","larger","larger","larger","equal","equal","larger","larger","larger","larger","equal","equal","larger","larger","larger","larger","equal","equal","larger","larger","larger","larger","equal","equal","larger","larger","larger","larger","equal","larger","larger","larger","larger","larger","equal","larger","larger","larger","larger","larger","equal","larger","larger","equal","larger","larger","equal","larger","larger","equal","larger","larger","equal","larger","larger","equal","larger","larger","equal","larger","larger","equal","larger","larger","equal","larger","larger","equal","larger","larger","equal","larger","larger","equal","larger","larger"
8,"NG","reliable","exp1a_s8_NG_r","N","G",1,2,1,4.21287649617816,1.0601750440184,3.28982165853772,0,0,0,1,1,1,0,1,0,1.5,1.0601750440184,1.5,0,1,0,2,1.0601750440184,2,0,1,0,2.5,1.0601750440184,2.5,0,2,0,3,1.0601750440184,3,0,2,1,3.5,1.0601750440184,3.28982165853772,0,2,1,4,1.0601750440184,3.28982165853772,1,2,1,4.21287649617816,1.0601750440184,3.28982165853772,1,2,1,4.21287649617816,1.0601750440184,3.28982165853772,1,2,1,4.21287649617816,1.0601750440184,3.28982165853772,1,2,1,4.21287649617816,1.0601750440184,3.28982165853772,1,2,1,4.21287649617816,1.0601750440184,3.28982165853772,2,2,2,4.21287649617816,1.0601750440184,3.28982165853772,0,1,1,1.12464900338091,1.21411601760615,0.82400626839194,0,0,1,1,1,0.82400626839194,0,1,1,1.5,1.21411601760615,0.82400626839194,0,1,1,2,1.21411601760615,0.82400626839194,1,1,1,2.18482404739931,1.21411601760615,0.82400626839194,1,2,1,2.18482404739931,1.21411601760615,0.82400626839194,1,2,1,2.18482404739931,1.21411601760615,0.82400626839194,2,2,1,2.18482404739931,1.21411601760615,0.82400626839194,2,2,1,2.18482404739931,1.21411601760615,0.82400626839194,2,2,1,2.18482404739931,1.21411601760615,0.82400626839194,2,2,1,2.18482404739931,1.21411601760615,0.82400626839194,2,2,1,2.18482404739931,1.21411601760615,0.82400626839194,2,2,1,2.18482404739931,1.21411601760615,0.82400626839194,2,2,1,2.18482404739931,1.21411601760615,0.82400626839194,"equal","equal","equal","equal","equal","equal","equal","equal","equal","larger","larger","larger","equal","equal","equal","larger","equal","larger","equal","equal","equal","larger","equal","larger","equal","equal","equal","larger","equal","larger","equal","equal","equal","larger","equal","larger","equal","equal","equal","larger","equal","equal","equal","equal","equal","larger","equal","equal","equal","equal","equal","equal","equal","equal","equal","equal","equal","equal","equal","equal","equal","equal","equal","equal","equal","equal","equal","equal","equal","equal","equal","equal","equal","equal","equal","equal","equal","equal","equal","equal","equal","equal","equal","equal","equal","equal","larger","larger","equal","equal","equal","equal","equal","larger","larger","equal","equal","equal","larger","larger","equal","equal","equal","equal","larger","larger","equal","equal","equal","equal","larger","equal","equal","equal","equal","equal","larger","equal","equal","equal","equal","larger","larger","equal","equal","equal","equal","larger","larger","equal","equal","equal","equal","larger","larger","equal","equal","equal","equal","larger","larger","equal","equal","equal","equal","larger","larger","equal","equal","equal","equal","larger","larger","equal","equal","equal","equal","larger","larger","equal","equal","equal","equal","larger","larger","equal","equal","equal"
8,"NG","unreliable","exp1a_s8_NG_u","N","G",1,2,1,3.3256079237053,1.0601750440184,2.06880547329057,0,0,0,1,1,1,0,1,0,1.5,1.0601750440184,1.5,0,1,0,2,1.0601750440184,2,0,1,1,2.5,1.0601750440184,2.06880547329057,0,2,1,3,1.0601750440184,2.06880547329057,1,2,1,3.3256079237053,1.0601750440184,2.06880547329057,1,2,1,3.3256079237053,1.0601750440184,2.06880547329057,1,2,1,3.3256079237053,1.0601750440184,2.06880547329057,1,2,1,3.3256079237053,1.0601750440184,2.06880547329057,1,2,1,3.3256079237053,1.0601750440184,2.06880547329057,1,2,1,3.3256079237053,1.0601750440184,2.06880547329057,1,2,1,3.3256079237053,1.0601750440184,2.06880547329057,2,3,2,3.3256079237053,1.0601750440184,2.06880547329057,0,1,1,1.12464900338091,1.21411601760615,0.62363199626844,0,0,1,1,1,0.62363199626844,0,1,1,1.5,1.21411601760615,0.62363199626844,0,1,1,2,1.21411601760615,0.62363199626844,1,1,1,2.18482404739931,1.21411601760615,0.62363199626844,1,2,1,2.18482404739931,1.21411601760615,0.62363199626844,1,2,1,2.18482404739931,1.21411601760615,0.62363199626844,1,2,1,2.18482404739931,1.21411601760615,0.62363199626844,2,2,1,2.18482404739931,1.21411601760615,0.62363199626844,2,2,1,2.18482404739931,1.21411601760615,0.62363199626844,2,2,1,2.18482404739931,1.21411601760615,0.62363199626844,2,2,1,2.18482404739931,1.21411601760615,0.62363199626844,2,2,1,2.18482404739931,1.21411601760615,0.62363199626844,2,2,1,2.18482404739931,1.21411601760615,0.62363199626844,"equal","equal","equal","equal","equal","equal","equal","equal","equal","larger","larger","larger","equal","equal","equal","larger","equal","larger","equal","equal","equal","larger","equal","larger","equal","equal","equal","larger","equal","equal","equal","equal","equal","larger","equal","equal","equal","equal","equal","equal","equal","equal","equal","equal","equal","equal","equal","equal","equal","equal","equal","equal","equal","equal","equal","equal","equal","equal","equal","equal","equal","equal","equal","equal","equal","equal","equal","equal","equal","equal","equal","equal","equal","equal","equal","equal","equal","equal","equal","equal","equal","equal","equal","equal","equal","equal","larger","larger","equal","equal","equal","equal","equal","larger","larger","equal","equal","equal","larger","larger","equal","equal","equal","equal","larger","larger","equal","equal","equal","equal","larger","equal","equal","equal","equal","equal","larger","equal","equal","equal","equal","larger","larger","equal","equal","equal","equal","larger","larger","equal","equal","equal","equal","larger","larger","equal","equal","equal","equal","larger","larger","equal","equal","equal","equal","larger","larger","equal","equal","equal","equal","larger","larger","equal","equal","equal","equal","larger","larger","equal","equal","equal","equal","larger","larger","equal","equal","equal"
8,"NN","reliable","exp1a_s8_NN_r","N","N",1,1,1,4.21287649617816,2.8222520861677,3.28982165853772,0,0,0,1,1,1,0,0,0,1.5,1.5,1.5,0,0,0,2,2,2,0,0,0,2.5,2.5,2.5,0,1,0,3,2.8222520861677,3,0,1,1,3.5,2.8222520861677,3.28982165853772,0,1,1,4,2.8222520861677,3.28982165853772,1,1,1,4.21287649617816,2.8222520861677,3.28982165853772,1,1,1,4.21287649617816,2.8222520861677,3.28982165853772,1,1,1,4.21287649617816,2.8222520861677,3.28982165853772,1,1,1,4.21287649617816,2.8222520861677,3.28982165853772,1,1,1,4.21287649617816,2.8222520861677,3.28982165853772,1,1,1,4.21287649617816,2.8222520861677,3.28982165853772,0,0,1,1.12464900338091,1.95201410772279,0.82400626839194,0,0,1,1,1,0.82400626839194,0,0,1,1.5,1.5,0.82400626839194,0,0,1,2,2,0.82400626839194,0,0,1,2.5,2.5,0.82400626839194,0,1,1,3,2.77602037611473,0.82400626839194,0,1,1,3.5,2.77602037611473,0.82400626839194,1,1,1,3.94690108954861,2.77602037611473,0.82400626839194,1,1,1,3.94690108954861,2.77602037611473,0.82400626839194,1,1,1,3.94690108954861,2.77602037611473,0.82400626839194,1,1,1,3.94690108954861,2.77602037611473,0.82400626839194,1,1,1,3.94690108954861,2.77602037611473,0.82400626839194,1,1,1,3.94690108954861,2.77602037611473,0.82400626839194,1,1,1,3.94690108954861,2.77602037611473,0.82400626839194,"equal","equal","equal","equal","equal","equal","equal","equal","equal","larger","larger","larger","equal","equal","equal","larger","larger","larger","equal","equal","equal","larger","larger","larger","equal","equal","equal","larger","larger","larger","equal","equal","equal","larger","equal","larger","equal","equal","equal","larger","equal","equal","equal","equal","equal","larger","equal","equal","equal","equal","equal","equal","equal","equal","equal","equal","equal","equal","equal","equal","equal","equal","equal","equal","equal","equal","equal","equal","equal","equal","equal","equal","equal","equal","equal","equal","equal","equal","equal","equal","equal","equal","equal","equal","equal","equal","larger","larger","larger","equal","equal","equal","equal","larger","larger","equal","equal","equal","larger","larger","larger","equal","equal","equal","larger","larger","larger","equal","equal","equal","larger","larger","larger","equal","equal","equal","larger","larger","equal","equal","equal","larger","larger","larger","equal","equal","equal","larger","larger","equal","equal","equal","equal","larger","larger","equal","equal","equal","equal","larger","larger","equal","equal","equal","equal","larger","larger","equal","equal","equal","equal","larger","larger","equal","equal","equal","equal","larger","larger","equal","equal","equal","equal","larger","larger","equal","equal","equal"
8,"NN","unreliable","exp1a_s8_NN_u","N","N",1,1,1,3.3256079237053,2.98547355037084,2.06880547329057,0,0,0,1,1,1,0,0,0,1.5,1.5,1.5,0,0,0,2,2,2,0,0,1,2.5,2.5,2.06880547329057,0,1,1,3,2.98547355037084,2.06880547329057,1,1,1,3.3256079237053,2.98547355037084,2.06880547329057,1,1,1,3.3256079237053,2.98547355037084,2.06880547329057,1,1,1,3.3256079237053,2.98547355037084,2.06880547329057,1,1,1,3.3256079237053,2.98547355037084,2.06880547329057,1,1,1,3.3256079237053,2.98547355037084,2.06880547329057,1,1,1,3.3256079237053,2.98547355037084,2.06880547329057,1,1,1,3.3256079237053,2.98547355037084,2.06880547329057,1,2,1,3.3256079237053,2.98547355037084,2.06880547329057,0,0,1,1.12464900338091,1.95201410772279,0.62363199626844,0,0,1,1,1,0.62363199626844,0,0,1,1.5,1.5,0.62363199626844,0,0,1,2,2,0.62363199626844,0,0,1,2.5,2.5,0.62363199626844,0,1,1,3,2.57564610399123,0.62363199626844,0,1,1,3.5,2.57564610399123,0.62363199626844,0,1,1,4,2.57564610399123,0.62363199626844,1,1,1,4.11012255375175,2.57564610399123,0.62363199626844,1,1,1,4.11012255375175,2.57564610399123,0.62363199626844,1,1,1,4.11012255375175,2.57564610399123,0.62363199626844,1,1,1,4.11012255375175,2.57564610399123,0.62363199626844,1,1,1,4.11012255375175,2.57564610399123,0.62363199626844,1,1,1,4.11012255375175,2.57564610399123,0.62363199626844,"equal","equal","equal","equal","equal","equal","equal","equal","equal","larger","larger","larger","equal","equal","equal","larger","larger","larger","equal","equal","equal","larger","larger","larger","equal","equal","equal","larger","larger","equal","equal","equal","equal","larger","equal","equal","equal","equal","equal","equal","equal","equal","equal","equal","equal","equal","equal","equal","equal","equal","equal","equal","equal","equal","equal","equal","equal","equal","equal","equal","equal","equal","equal","equal","equal","equal","equal","equal","equal","equal","equal","equal","equal","equal","equal","equal","equal","equal","equal","equal","equal","equal","equal","equal","equal","equal","larger","larger","larger","equal","equal","equal","equal","larger","larger","equal","equal","equal","larger","larger","larger","equal","equal","equal","larger","larger","larger","equal","equal","equal","larger","larger","larger","equal","equal","equal","larger","larger","equal","equal","equal","larger","larger","larger","equal","equal","equal","larger","larger","larger","equal","equal","equal","larger","larger","equal","equal","equal","equal","larger","larger","equal","equal","equal","equal","larger","larger","equal","equal","equal","equal","larger","larger","equal","equal","equal","equal","larger","larger","equal","equal","equal","equal","larger","larger","equal","equal","equal"
8,"NP","reliable","exp1a_s8_NP_r","N","P",1,1,1,4.21287649617816,2.8222520861677,3.28982165853772,0,0,0,1,1,1,0,0,0,1.5,1.5,1.5,0,0,0,2,2,2,0,0,0,2.5,2.5,2.5,0,1,0,3,2.8222520861677,3,0,1,1,3.5,2.8222520861677,3.28982165853772,0,1,1,4,2.8222520861677,3.28982165853772,1,1,1,4.21287649617816,2.8222520861677,3.28982165853772,1,1,1,4.21287649617816,2.8222520861677,3.28982165853772,1,1,1,4.21287649617816,2.8222520861677,3.28982165853772,1,1,1,4.21287649617816,2.8222520861677,3.28982165853772,1,1,1,4.21287649617816,2.8222520861677,3.28982165853772,1,1,1,4.21287649617816,2.8222520861677,3.28982165853772,0,0,0,1.12464900338091,1.95201410772279,1.43855078867637,0,0,0,1,1,1,0,0,0,1.5,1.5,1.43855078867637,0,0,0,2,2,1.43855078867637,0,0,0,2.5,2.5,1.43855078867637,0,0,0,3,3,1.43855078867637,0,0,0,3.5,3.39056489639916,1.43855078867637,1,0,0,3.94690108954861,3.39056489639916,1.43855078867637,1,0,0,3.94690108954861,3.39056489639916,1.43855078867637,1,0,0,3.94690108954861,3.39056489639916,1.43855078867637,1,0,0,3.94690108954861,3.39056489639916,1.43855078867637,1,0,0,3.94690108954861,3.39056489639916,1.43855078867637,1,0,0,3.94690108954861,3.39056489639916,1.43855078867637,1,0,0,3.94690108954861,3.39056489639916,1.43855078867637,"equal","equal","equal","equal","equal","equal","equal","equal","equal","larger","larger","larger","equal","equal","equal","larger","larger","larger","equal","equal","equal","larger","larger","larger","equal","equal","equal","larger","larger","larger","equal","equal","equal","larger","equal","larger","equal","equal","equal","larger","equal","equal","equal","equal","equal","larger","equal","equal","equal","equal","equal","equal","equal","equal","equal","equal","equal","equal","equal","equal","equal","equal","equal","equal","equal","equal","equal","equal","equal","equal","equal","equal","equal","equal","equal","equal","equal","equal","equal","equal","equal","equal","equal","equal","equal","equal","larger","larger","larger","larger","equal","equal","equal","larger","larger","larger","equal","equal","larger","larger","larger","larger","equal","equal","larger","larger","larger","larger","equal","equal","larger","larger","larger","larger","equal","equal","larger","larger","larger","larger","equal","larger","larger","larger","larger","larger","equal","larger","larger","equal","larger","larger","equal","larger","larger","equal","larger","larger","equal","larger","larger","equal","larger","larger","equal","larger","larger","equal","larger","larger","equal","larger","larger","equal","larger","larger","equal","larger","larger","equal","larger","larger","equal","larger","larger","equal","larger","larger"
8,"NP","unreliable","exp1a_s8_NP_u","N","P",1,1,1,3.3256079237053,2.98547355037084,2.06880547329057,0,0,0,1,1,1,0,0,0,1.5,1.5,1.5,0,0,0,2,2,2,0,0,1,2.5,2.5,2.06880547329057,0,1,1,3,2.98547355037084,2.06880547329057,1,1,1,3.3256079237053,2.98547355037084,2.06880547329057,1,1,1,3.3256079237053,2.98547355037084,2.06880547329057,1,1,1,3.3256079237053,2.98547355037084,2.06880547329057,1,1,1,3.3256079237053,2.98547355037084,2.06880547329057,1,1,1,3.3256079237053,2.98547355037084,2.06880547329057,1,1,1,3.3256079237053,2.98547355037084,2.06880547329057,1,1,1,3.3256079237053,2.98547355037084,2.06880547329057,1,2,1,3.3256079237053,2.98547355037084,2.06880547329057,0,0,0,1.12464900338091,1.95201410772279,1.43855078867637,0,0,0,1,1,1,0,0,0,1.5,1.5,1.43855078867637,0,0,0,2,2,1.43855078867637,0,0,0,2.5,2.5,1.43855078867637,0,0,0,3,3,1.43855078867637,0,0,0,3.5,3.39056489639916,1.43855078867637,0,0,0,4,3.39056489639916,1.43855078867637,1,0,0,4.11012255375175,3.39056489639916,1.43855078867637,1,0,0,4.11012255375175,3.39056489639916,1.43855078867637,1,0,0,4.11012255375175,3.39056489639916,1.43855078867637,1,0,0,4.11012255375175,3.39056489639916,1.43855078867637,1,0,0,4.11012255375175,3.39056489639916,1.43855078867637,1,0,0,4.11012255375175,3.39056489639916,1.43855078867637,"equal","equal","equal","equal","equal","equal","equal","equal","equal","larger","larger","larger","equal","equal","equal","larger","larger","larger","equal","equal","equal","larger","larger","larger","equal","equal","equal","larger","larger","equal","equal","equal","equal","larger","equal","equal","equal","equal","equal","equal","equal","equal","equal","equal","equal","equal","equal","equal","equal","equal","equal","equal","equal","equal","equal","equal","equal","equal","equal","equal","equal","equal","equal","equal","equal","equal","equal","equal","equal","equal","equal","equal","equal","equal","equal","equal","equal","equal","equal","equal","equal","equal","equal","equal","equal","equal","larger","larger","larger","larger","equal","equal","equal","larger","larger","larger","equal","equal","larger","larger","larger","larger","equal","equal","larger","larger","larger","larger","equal","equal","larger","larger","larger","larger","equal","equal","larger","larger","larger","larger","equal","larger","larger","larger","larger","larger","equal","larger","larger","larger","larger","larger","equal","larger","larger","equal","larger","larger","equal","larger","larger","equal","larger","larger","equal","larger","larger","equal","larger","larger","equal","larger","larger","equal","larger","larger","equal","larger","larger","equal","larger","larger","equal","larger","larger","equal","larger","larger"
8,"PG","reliable","exp1a_s8_PG_r","P","G",1,1,0,4.21287649617816,2.8222520861677,5.53643015748821,0,0,0,1,1,1,0,0,0,1.5,1.5,1.5,0,0,0,2,2,2,0,0,0,2.5,2.5,2.5,0,1,0,3,2.8222520861677,3,0,1,0,3.5,2.8222520861677,3.5,0,1,0,4,2.8222520861677,4,1,1,0,4.21287649617816,2.8222520861677,4.5,1,1,0,4.21287649617816,2.8222520861677,5,1,1,0,4.21287649617816,2.8222520861677,5.5,1,1,0,4.21287649617816,2.8222520861677,6,1,1,0,4.21287649617816,2.8222520861677,6.5,1,1,1,4.21287649617816,2.8222520861677,6.75054617509436,0,1,1,1.12464900338091,1.21411601760615,0.82400626839194,0,0,1,1,1,0.82400626839194,0,1,1,1.5,1.21411601760615,0.82400626839194,0,1,1,2,1.21411601760615,0.82400626839194,0,1,1,2.5,1.21411601760615,0.82400626839194,0,2,1,3,1.21411601760615,0.82400626839194,0,2,1,3.5,1.21411601760615,0.82400626839194,1,2,1,3.94690108954861,1.21411601760615,0.82400626839194,1,2,1,3.94690108954861,1.21411601760615,0.82400626839194,1,2,1,3.94690108954861,1.21411601760615,0.82400626839194,1,2,1,3.94690108954861,1.21411601760615,0.82400626839194,1,2,1,3.94690108954861,1.21411601760615,0.82400626839194,1,2,1,3.94690108954861,1.21411601760615,0.82400626839194,1,2,1,3.94690108954861,1.21411601760615,0.82400626839194,"equal","equal","equal","equal","equal","larger","equal","equal","equal","larger","larger","larger","equal","equal","equal","larger","larger","larger","equal","equal","equal","larger","larger","larger","equal","equal","equal","larger","larger","larger","equal","equal","equal","larger","equal","larger","equal","equal","equal","larger","equal","larger","equal","equal","equal","larger","equal","larger","equal","equal","equal","equal","equal","larger","equal","equal","equal","equal","equal","larger","equal","equal","equal","equal","equal","larger","equal","equal","equal","equal","equal","larger","equal","equal","equal","equal","equal","larger","equal","equal","equal","equal","equal","equal","equal","equal","larger","larger","equal","equal","equal","equal","equal","larger","larger","equal","equal","equal","larger","larger","equal","equal","equal","equal","larger","larger","equal","equal","equal","equal","larger","larger","equal","equal","equal","equal","larger","larger","equal","equal","equal","larger","larger","larger","equal","equal","equal","larger","larger","equal","equal","equal","equal","larger","larger","equal","equal","equal","equal","larger","larger","equal","equal","equal","equal","larger","larger","equal","equal","equal","equal","larger","larger","equal","equal","equal","equal","larger","larger","equal","equal","equal","equal","larger","larger","equal","equal","equal"
8,"PG","unreliable","exp1a_s8_PG_u","P","G",1,1,0,3.3256079237053,2.98547355037084,5.53643015748821,0,0,0,1,1,1,0,0,0,1.5,1.5,1.5,0,0,0,2,2,2,0,0,0,2.5,2.5,2.5,0,1,0,3,2.98547355037084,3,1,1,0,3.3256079237053,2.98547355037084,3.5,1,1,0,3.3256079237053,2.98547355037084,4,1,1,0,3.3256079237053,2.98547355037084,4.5,1,1,0,3.3256079237053,2.98547355037084,5,1,1,0,3.3256079237053,2.98547355037084,5.5,1,1,0,3.3256079237053,2.98547355037084,6,1,1,0,3.3256079237053,2.98547355037084,6.5,1,1,1,3.3256079237053,2.98547355037084,6.75054617509436,0,1,1,1.12464900338091,1.21411601760615,0.62363199626844,0,0,1,1,1,0.62363199626844,0,1,1,1.5,1.21411601760615,0.62363199626844,0,1,1,2,1.21411601760615,0.62363199626844,0,1,1,2.5,1.21411601760615,0.62363199626844,0,2,1,3,1.21411601760615,0.62363199626844,0,2,1,3.5,1.21411601760615,0.62363199626844,0,2,1,4,1.21411601760615,0.62363199626844,1,2,1,4.11012255375175,1.21411601760615,0.62363199626844,1,2,1,4.11012255375175,1.21411601760615,0.62363199626844,1,2,1,4.11012255375175,1.21411601760615,0.62363199626844,1,2,1,4.11012255375175,1.21411601760615,0.62363199626844,1,2,1,4.11012255375175,1.21411601760615,0.62363199626844,1,2,1,4.11012255375175,1.21411601760615,0.62363199626844,"equal","equal","equal","equal","equal","larger","equal","equal","equal","larger","larger","larger","equal","equal","equal","larger","larger","larger","equal","equal","equal","larger","larger","larger","equal","equal","equal","larger","larger","larger","equal","equal","equal","larger","equal","larger","equal","equal","equal","equal","equal","larger","equal","equal","equal","equal","equal","larger","equal","equal","equal","equal","equal","larger","equal","equal","equal","equal","equal","larger","equal","equal","equal","equal","equal","larger","equal","equal","equal","equal","equal","larger","equal","equal","equal","equal","equal","larger","equal","equal","equal","equal","equal","equal","equal","equal","larger","larger","equal","equal","equal","equal","equal","larger","larger","equal","equal","equal","larger","larger","equal","equal","equal","equal","larger","larger","equal","equal","equal","equal","larger","larger","equal","equal","equal","equal","larger","larger","equal","equal","equal","larger","larger","larger","equal","equal","equal","larger","larger","larger","equal","equal","equal","larger","larger","equal","equal","equal","equal","larger","larger","equal","equal","equal","equal","larger","larger","equal","equal","equal","equal","larger","larger","equal","equal","equal","equal","larger","larger","equal","equal","equal","equal","larger","larger","equal","equal","equal"
8,"PN","reliable","exp1a_s8_PN_r","P","N",1,1,0,4.21287649617816,2.8222520861677,5.53643015748821,0,0,0,1,1,1,0,0,0,1.5,1.5,1.5,0,0,0,2,2,2,0,0,0,2.5,2.5,2.5,0,1,0,3,2.8222520861677,3,0,1,0,3.5,2.8222520861677,3.5,0,1,0,4,2.8222520861677,4,1,1,0,4.21287649617816,2.8222520861677,4.5,1,1,0,4.21287649617816,2.8222520861677,5,1,1,0,4.21287649617816,2.8222520861677,5.5,1,1,0,4.21287649617816,2.8222520861677,6,1,1,0,4.21287649617816,2.8222520861677,6.5,1,1,0,4.21287649617816,2.8222520861677,7,0,0,1,1.12464900338091,1.95201410772279,0.82400626839194,0,0,1,1,1,0.82400626839194,0,0,1,1.5,1.5,0.82400626839194,0,0,1,2,2,0.82400626839194,0,0,1,2.5,2.5,0.82400626839194,0,1,1,3,2.77602037611473,0.82400626839194,0,1,1,3.5,2.77602037611473,0.82400626839194,1,1,1,3.94690108954861,2.77602037611473,0.82400626839194,1,1,1,3.94690108954861,2.77602037611473,0.82400626839194,1,1,1,3.94690108954861,2.77602037611473,0.82400626839194,1,1,1,3.94690108954861,2.77602037611473,0.82400626839194,1,1,1,3.94690108954861,2.77602037611473,0.82400626839194,1,1,1,3.94690108954861,2.77602037611473,0.82400626839194,1,1,1,3.94690108954861,2.77602037611473,0.82400626839194,"equal","equal","equal","equal","equal","larger","equal","equal","equal","larger","larger","larger","equal","equal","equal","larger","larger","larger","equal","equal","equal","larger","larger","larger","equal","equal","equal","larger","larger","larger","equal","equal","equal","larger","equal","larger","equal","equal","equal","larger","equal","larger","equal","equal","equal","larger","equal","larger","equal","equal","equal","equal","equal","larger","equal","equal","equal","equal","equal","larger","equal","equal","equal","equal","equal","larger","equal","equal","equal","equal","equal","larger","equal","equal","equal","equal","equal","larger","equal","equal","equal","equal","equal","larger","equal","equal","larger","larger","larger","equal","equal","equal","equal","larger","larger","equal","equal","equal","larger","larger","larger","equal","equal","equal","larger","larger","larger","equal","equal","equal","larger","larger","larger","equal","equal","equal","larger","larger","equal","equal","equal","larger","larger","larger","equal","equal","equal","larger","larger","equal","equal","equal","equal","larger","larger","equal","equal","equal","equal","larger","larger","equal","equal","equal","equal","larger","larger","equal","equal","equal","equal","larger","larger","equal","equal","equal","equal","larger","larger","equal","equal","equal","equal","larger","larger","equal","equal","equal"
8,"PN","unreliable","exp1a_s8_PN_u","P","N",1,1,0,3.3256079237053,2.98547355037084,5.53643015748821,0,0,0,1,1,1,0,0,0,1.5,1.5,1.5,0,0,0,2,2,2,0,0,0,2.5,2.5,2.5,0,1,0,3,2.98547355037084,3,1,1,0,3.3256079237053,2.98547355037084,3.5,1,1,0,3.3256079237053,2.98547355037084,4,1,1,0,3.3256079237053,2.98547355037084,4.5,1,1,0,3.3256079237053,2.98547355037084,5,1,1,0,3.3256079237053,2.98547355037084,5.5,1,1,0,3.3256079237053,2.98547355037084,6,1,1,0,3.3256079237053,2.98547355037084,6.5,1,1,0,3.3256079237053,2.98547355037084,7,0,0,1,1.12464900338091,1.95201410772279,0.62363199626844,0,0,1,1,1,0.62363199626844,0,0,1,1.5,1.5,0.62363199626844,0,0,1,2,2,0.62363199626844,0,0,1,2.5,2.5,0.62363199626844,0,1,1,3,2.57564610399123,0.62363199626844,0,1,1,3.5,2.57564610399123,0.62363199626844,0,1,1,4,2.57564610399123,0.62363199626844,1,1,1,4.11012255375175,2.57564610399123,0.62363199626844,1,1,1,4.11012255375175,2.57564610399123,0.62363199626844,1,1,1,4.11012255375175,2.57564610399123,0.62363199626844,1,1,1,4.11012255375175,2.57564610399123,0.62363199626844,1,1,1,4.11012255375175,2.57564610399123,0.62363199626844,1,1,1,4.11012255375175,2.57564610399123,0.62363199626844,"equal","equal","equal","equal","equal","larger","equal","equal","equal","larger","larger","larger","equal","equal","equal","larger","larger","larger","equal","equal","equal","larger","larger","larger","equal","equal","equal","larger","larger","larger","equal","equal","equal","larger","equal","larger","equal","equal","equal","equal","equal","larger","equal","equal","equal","equal","equal","larger","equal","equal","equal","equal","equal","larger","equal","equal","equal","equal","equal","larger","equal","equal","equal","equal","equal","larger","equal","equal","equal","equal","equal","larger","equal","equal","equal","equal","equal","larger","equal","equal","equal","equal","equal","larger","equal","equal","larger","larger","larger","equal","equal","equal","equal","larger","larger","equal","equal","equal","larger","larger","larger","equal","equal","equal","larger","larger","larger","equal","equal","equal","larger","larger","larger","equal","equal","equal","larger","larger","equal","equal","equal","larger","larger","larger","equal","equal","equal","larger","larger","larger","equal","equal","equal","larger","larger","equal","equal","equal","equal","larger","larger","equal","equal","equal","equal","larger","larger","equal","equal","equal","equal","larger","larger","equal","equal","equal","equal","larger","larger","equal","equal","equal","equal","larger","larger","equal","equal","equal"
8,"PP","reliable","exp1a_s8_PP_r","P","P",1,1,0,4.21287649617816,2.8222520861677,5.53643015748821,0,0,0,1,1,1,0,0,0,1.5,1.5,1.5,0,0,0,2,2,2,0,0,0,2.5,2.5,2.5,0,1,0,3,2.8222520861677,3,0,1,0,3.5,2.8222520861677,3.5,0,1,0,4,2.8222520861677,4,1,1,0,4.21287649617816,2.8222520861677,4.5,1,1,0,4.21287649617816,2.8222520861677,5,1,1,0,4.21287649617816,2.8222520861677,5.5,1,1,0,4.21287649617816,2.8222520861677,6,1,1,0,4.21287649617816,2.8222520861677,6.5,1,1,0,4.21287649617816,2.8222520861677,7,0,0,0,1.12464900338091,1.95201410772279,1.43855078867637,0,0,0,1,1,1,0,0,0,1.5,1.5,1.43855078867637,0,0,0,2,2,1.43855078867637,0,0,0,2.5,2.5,1.43855078867637,0,0,0,3,3,1.43855078867637,0,0,0,3.5,3.39056489639916,1.43855078867637,1,0,0,3.94690108954861,3.39056489639916,1.43855078867637,1,0,0,3.94690108954861,3.39056489639916,1.43855078867637,1,0,0,3.94690108954861,3.39056489639916,1.43855078867637,1,0,0,3.94690108954861,3.39056489639916,1.43855078867637,1,0,0,3.94690108954861,3.39056489639916,1.43855078867637,1,0,0,3.94690108954861,3.39056489639916,1.43855078867637,1,0,0,3.94690108954861,3.39056489639916,1.43855078867637,"equal","equal","equal","equal","equal","larger","equal","equal","equal","larger","larger","larger","equal","equal","equal","larger","larger","larger","equal","equal","equal","larger","larger","larger","equal","equal","equal","larger","larger","larger","equal","equal","equal","larger","equal","larger","equal","equal","equal","larger","equal","larger","equal","equal","equal","larger","equal","larger","equal","equal","equal","equal","equal","larger","equal","equal","equal","equal","equal","larger","equal","equal","equal","equal","equal","larger","equal","equal","equal","equal","equal","larger","equal","equal","equal","equal","equal","larger","equal","equal","equal","equal","equal","larger","equal","equal","larger","larger","larger","larger","equal","equal","equal","larger","larger","larger","equal","equal","larger","larger","larger","larger","equal","equal","larger","larger","larger","larger","equal","equal","larger","larger","larger","larger","equal","equal","larger","larger","larger","larger","equal","larger","larger","larger","larger","larger","equal","larger","larger","equal","larger","larger","equal","larger","larger","equal","larger","larger","equal","larger","larger","equal","larger","larger","equal","larger","larger","equal","larger","larger","equal","larger","larger","equal","larger","larger","equal","larger","larger","equal","larger","larger","equal","larger","larger","equal","larger","larger"
8,"PP","unreliable","exp1a_s8_PP_u","P","P",1,1,0,3.3256079237053,2.98547355037084,5.53643015748821,0,0,0,1,1,1,0,0,0,1.5,1.5,1.5,0,0,0,2,2,2,0,0,0,2.5,2.5,2.5,0,1,0,3,2.98547355037084,3,1,1,0,3.3256079237053,2.98547355037084,3.5,1,1,0,3.3256079237053,2.98547355037084,4,1,1,0,3.3256079237053,2.98547355037084,4.5,1,1,0,3.3256079237053,2.98547355037084,5,1,1,0,3.3256079237053,2.98547355037084,5.5,1,1,0,3.3256079237053,2.98547355037084,6,1,1,0,3.3256079237053,2.98547355037084,6.5,1,1,0,3.3256079237053,2.98547355037084,7,0,0,0,1.12464900338091,1.95201410772279,1.43855078867637,0,0,0,1,1,1,0,0,0,1.5,1.5,1.43855078867637,0,0,0,2,2,1.43855078867637,0,0,0,2.5,2.5,1.43855078867637,0,0,0,3,3,1.43855078867637,0,0,0,3.5,3.39056489639916,1.43855078867637,0,0,0,4,3.39056489639916,1.43855078867637,1,0,0,4.11012255375175,3.39056489639916,1.43855078867637,1,0,0,4.11012255375175,3.39056489639916,1.43855078867637,1,0,0,4.11012255375175,3.39056489639916,1.43855078867637,1,0,0,4.11012255375175,3.39056489639916,1.43855078867637,1,0,0,4.11012255375175,3.39056489639916,1.43855078867637,1,0,0,4.11012255375175,3.39056489639916,1.43855078867637,"equal","equal","equal","equal","equal","larger","equal","equal","equal","larger","larger","larger","equal","equal","equal","larger","larger","larger","equal","equal","equal","larger","larger","larger","equal","equal","equal","larger","larger","larger","equal","equal","equal","larger","equal","larger","equal","equal","equal","equal","equal","larger","equal","equal","equal","equal","equal","larger","equal","equal","equal","equal","equal","larger","equal","equal","equal","equal","equal","larger","equal","equal","equal","equal","equal","larger","equal","equal","equal","equal","equal","larger","equal","equal","equal","equal","equal","larger","equal","equal","equal","equal","equal","larger","equal","equal","larger","larger","larger","larger","equal","equal","equal","larger","larger","larger","equal","equal","larger","larger","larger","larger","equal","equal","larger","larger","larger","larger","equal","equal","larger","larger","larger","larger","equal","equal","larger","larger","larger","larger","equal","larger","larger","larger","larger","larger","equal","larger","larger","larger","larger","larger","equal","larger","larger","equal","larger","larger","equal","larger","larger","equal","larger","larger","equal","larger","larger","equal","larger","larger","equal","larger","larger","equal","larger","larger","equal","larger","larger","equal","larger","larger","equal","larger","larger","equal","larger","larger"
9,"GG","reliable","exp1a_s9_GG_r","G","G",2,1,2,2.09760662158477,0.878457196911228,0.711307265131456,0,1,1,1,0.878457196911228,0.711307265131456,0,1,2,1.5,0.878457196911228,0.711307265131456,0,1,2,2,0.878457196911228,0.711307265131456,1,2,2,2.09760662158477,0.878457196911228,0.711307265131456,2,2,2,2.09760662158477,0.878457196911228,0.711307265131456,2,3,2,2.09760662158477,0.878457196911228,0.711307265131456,2,3,2,2.09760662158477,0.878457196911228,0.711307265131456,2,3,2,2.09760662158477,0.878457196911228,0.711307265131456,2,3,2,2.09760662158477,0.878457196911228,0.711307265131456,2,3,2,2.09760662158477,0.878457196911228,0.711307265131456,2,3,2,2.09760662158477,0.878457196911228,0.711307265131456,3,3,2,2.09760662158477,0.878457196911228,0.711307265131456,3,3,2,2.09760662158477,0.878457196911228,0.711307265131456,2,2,0,1.18774019943111,1.6033053708815,0.741914096986875,0,0,0,1,1,1,1,0,0,1.18774019943111,1.5,1.5,1,1,1,1.18774019943111,1.6033053708815,1.6203712938981,1,1,1,1.18774019943111,1.6033053708815,1.6203712938981,2,1,1,1.18774019943111,1.6033053708815,1.6203712938981,2,1,2,1.18774019943111,1.6033053708815,1.6203712938981,2,1,3,1.18774019943111,1.6033053708815,1.6203712938981,2,2,3,1.18774019943111,1.6033053708815,1.6203712938981,2,2,3,1.18774019943111,1.6033053708815,1.6203712938981,3,2,3,1.18774019943111,1.6033053708815,1.6203712938981,3,2,3,1.18774019943111,1.6033053708815,1.6203712938981,3,3,3,1.18774019943111,1.6033053708815,1.6203712938981,3,3,3,1.18774019943111,1.6033053708815,1.6203712938981,"equal","equal","larger","equal","equal","equal","equal","equal","equal","larger","equal","equal","equal","equal","equal","larger","equal","equal","equal","equal","larger","larger","equal","equal","equal","equal","larger","equal","equal","equal","equal","equal","larger","equal","equal","equal","equal","equal","larger","equal","equal","equal","equal","larger","larger","equal","equal","equal","equal","larger","larger","equal","equal","equal","equal","larger","larger","equal","equal","equal","equal","larger","larger","equal","equal","equal","equal","larger","larger","equal","equal","equal","equal","larger","larger","equal","equal","equal","equal","larger","larger","equal","equal","equal","equal","equal","equal","equal","equal","larger","equal","equal","equal","larger","larger","larger","equal","equal","equal","equal","larger","larger","equal","equal","equal","equal","equal","equal","equal","equal","equal","equal","equal","equal","equal","equal","equal","equal","equal","equal","equal","equal","equal","equal","equal","equal","equal","equal","equal","equal","equal","equal","equal","equal","larger","equal","equal","equal","equal","equal","larger","equal","equal","equal","equal","equal","larger","equal","equal","equal","equal","equal","larger","equal","equal","equal","equal","equal","larger","equal","equal","equal","equal","equal","larger","equal","equal","equal"
9,"GG","unreliable","exp1a_s9_GG_u","G","G",2,1,2,1.53377043818096,0.878457196911228,0.711307265131456,0,1,1,1,0.878457196911228,0.711307265131456,0,1,2,1.5,0.878457196911228,0.711307265131456,1,1,2,1.53377043818096,0.878457196911228,0.711307265131456,2,2,2,1.53377043818096,0.878457196911228,0.711307265131456,2,2,2,1.53377043818096,0.878457196911228,0.711307265131456,2,3,2,1.53377043818096,0.878457196911228,0.711307265131456,2,3,2,1.53377043818096,0.878457196911228,0.711307265131456,2,3,2,1.53377043818096,0.878457196911228,0.711307265131456,2,3,2,1.53377043818096,0.878457196911228,0.711307265131456,2,3,2,1.53377043818096,0.878457196911228,0.711307265131456,2,3,2,1.53377043818096,0.878457196911228,0.711307265131456,3,3,2,1.53377043818096,0.878457196911228,0.711307265131456,4,3,2,1.53377043818096,0.878457196911228,0.711307265131456,2,2,0,1.18774019943111,1.6033053708815,0.741914096986875,0,0,0,1,1,1,1,0,0,1.18774019943111,1.5,1.5,2,1,1,1.18774019943111,1.6033053708815,1.6203712938981,2,1,1,1.18774019943111,1.6033053708815,1.6203712938981,2,1,1,1.18774019943111,1.6033053708815,1.6203712938981,2,1,2,1.18774019943111,1.6033053708815,1.6203712938981,2,2,3,1.18774019943111,1.6033053708815,1.6203712938981,2,2,3,1.18774019943111,1.6033053708815,1.6203712938981,2,2,3,1.18774019943111,1.6033053708815,1.6203712938981,3,2,3,1.18774019943111,1.6033053708815,1.6203712938981,3,2,3,1.18774019943111,1.6033053708815,1.6203712938981,3,3,3,1.18774019943111,1.6033053708815,1.6203712938981,3,3,3,1.18774019943111,1.6033053708815,1.6203712938981,"equal","equal","larger","equal","equal","equal","equal","equal","equal","larger","equal","equal","equal","equal","equal","larger","equal","equal","equal","equal","larger","equal","equal","equal","equal","equal","larger","equal","equal","equal","equal","equal","larger","equal","equal","equal","equal","equal","larger","equal","equal","equal","equal","larger","larger","equal","equal","equal","equal","larger","larger","equal","equal","equal","equal","larger","larger","equal","equal","equal","equal","larger","larger","equal","equal","equal","equal","larger","larger","equal","equal","equal","equal","larger","larger","equal","equal","equal","equal","larger","larger","equal","equal","equal","equal","equal","equal","equal","equal","larger","equal","equal","equal","larger","larger","larger","equal","equal","equal","equal","larger","larger","equal","equal","equal","equal","equal","equal","equal","equal","equal","equal","equal","equal","equal","equal","equal","equal","equal","equal","equal","equal","equal","equal","equal","equal","equal","equal","equal","equal","equal","equal","equal","equal","larger","equal","equal","equal","equal","equal","larger","equal","equal","equal","equal","equal","larger","equal","equal","equal","equal","equal","larger","equal","equal","equal","equal","equal","larger","equal","equal","equal","equal","equal","larger","equal","equal","equal"
9,"GN","reliable","exp1a_s9_GN_r","G","N",2,0,2,2.09760662158477,1.720763647696,0.711307265131456,0,0,1,1,1,0.711307265131456,0,0,2,1.5,1.5,0.711307265131456,0,0,2,2,2,0.711307265131456,1,1,2,2.09760662158477,2.43207091282746,0.711307265131456,2,1,2,2.09760662158477,2.43207091282746,0.711307265131456,2,2,2,2.09760662158477,2.43207091282746,0.711307265131456,2,2,2,2.09760662158477,2.43207091282746,0.711307265131456,2,2,2,2.09760662158477,2.43207091282746,0.711307265131456,2,2,2,2.09760662158477,2.43207091282746,0.711307265131456,2,2,2,2.09760662158477,2.43207091282746,0.711307265131456,2,2,2,2.09760662158477,2.43207091282746,0.711307265131456,2,2,2,2.09760662158477,2.43207091282746,0.711307265131456,2,2,2,2.09760662158477,2.43207091282746,0.711307265131456,1,1,0,2.7468164808914,4.04930273255771,0.741914096986875,0,0,0,1,1,1,0,0,0,1.5,1.5,1.5,0,0,0,2,2,2,0,0,0,2.5,2.5,2.5,1,0,0,2.7468164808914,3,3,1,0,1,2.7468164808914,3.5,3.17398500981433,1,0,2,2.7468164808914,4,3.17398500981433,1,1,2,2.7468164808914,4.04930273255771,3.17398500981433,1,1,2,2.7468164808914,4.04930273255771,3.17398500981433,1,1,2,2.7468164808914,4.04930273255771,3.17398500981433,1,1,2,2.7468164808914,4.04930273255771,3.17398500981433,1,1,2,2.7468164808914,4.04930273255771,3.17398500981433,1,1,2,2.7468164808914,4.04930273255771,3.17398500981433,"equal","equal","larger","equal","larger","equal","equal","equal","equal","larger","larger","equal","equal","equal","equal","larger","larger","equal","equal","equal","larger","larger","larger","equal","equal","equal","larger","equal","equal","equal","equal","equal","larger","equal","equal","equal","equal","equal","larger","equal","equal","equal","equal","larger","larger","equal","equal","equal","equal","larger","larger","equal","equal","equal","equal","larger","larger","equal","equal","equal","equal","larger","larger","equal","equal","equal","equal","larger","larger","equal","equal","equal","equal","larger","larger","equal","equal","equal","equal","larger","larger","equal","equal","equal","equal","equal","equal","equal","equal","larger","equal","equal","equal","larger","larger","larger","equal","equal","equal","larger","larger","larger","equal","equal","equal","larger","larger","larger","equal","equal","equal","larger","larger","larger","equal","equal","equal","equal","larger","larger","equal","equal","equal","equal","larger","equal","equal","equal","equal","equal","larger","equal","equal","equal","larger","equal","equal","equal","equal","equal","larger","equal","equal","equal","equal","equal","larger","equal","equal","equal","equal","equal","larger","equal","equal","equal","equal","equal","larger","equal","equal","equal","equal","equal","larger","equal","equal","equal"
9,"GN","unreliable","exp1a_s9_GN_u","G","N",2,0,2,1.53377043818096,1.720763647696,0.711307265131456,0,0,1,1,1,0.711307265131456,0,0,2,1.5,1.5,0.711307265131456,1,0,2,1.53377043818096,2,0.711307265131456,2,1,2,1.53377043818096,2.43207091282746,0.711307265131456,2,1,2,1.53377043818096,2.43207091282746,0.711307265131456,2,2,2,1.53377043818096,2.43207091282746,0.711307265131456,2,2,2,1.53377043818096,2.43207091282746,0.711307265131456,2,2,2,1.53377043818096,2.43207091282746,0.711307265131456,2,2,2,1.53377043818096,2.43207091282746,0.711307265131456,2,2,2,1.53377043818096,2.43207091282746,0.711307265131456,2,2,2,1.53377043818096,2.43207091282746,0.711307265131456,2,2,2,1.53377043818096,2.43207091282746,0.711307265131456,3,2,2,1.53377043818096,2.43207091282746,0.711307265131456,1,1,0,1.78808794837422,3.87095778975291,0.741914096986875,0,0,0,1,1,1,0,0,0,1.5,1.5,1.5,1,0,0,1.78808794837422,2,2,1,0,0,1.78808794837422,2.5,2.5,1,0,0,1.78808794837422,3,3,1,0,1,1.78808794837422,3.5,3.17398500981433,1,1,2,1.78808794837422,3.87095778975291,3.17398500981433,1,1,2,1.78808794837422,3.87095778975291,3.17398500981433,1,1,2,1.78808794837422,3.87095778975291,3.17398500981433,1,1,2,1.78808794837422,3.87095778975291,3.17398500981433,1,1,2,1.78808794837422,3.87095778975291,3.17398500981433,1,1,2,1.78808794837422,3.87095778975291,3.17398500981433,1,1,2,1.78808794837422,3.87095778975291,3.17398500981433,"equal","equal","larger","equal","larger","equal","equal","equal","equal","larger","larger","equal","equal","equal","equal","larger","larger","equal","equal","equal","larger","equal","larger","equal","equal","equal","larger","equal","equal","equal","equal","equal","larger","equal","equal","equal","equal","equal","larger","equal","equal","equal","equal","larger","larger","equal","equal","equal","equal","larger","larger","equal","equal","equal","equal","larger","larger","equal","equal","equal","equal","larger","larger","equal","equal","equal","equal","larger","larger","equal","equal","equal","equal","larger","larger","equal","equal","equal","equal","larger","larger","equal","equal","equal","equal","equal","equal","equal","equal","larger","equal","equal","equal","larger","larger","larger","equal","equal","equal","larger","larger","larger","equal","equal","equal","equal","larger","larger","equal","equal","equal","equal","larger","larger","equal","equal","equal","equal","larger","larger","equal","equal","equal","equal","larger","equal","equal","equal","equal","equal","equal","equal","equal","equal","larger","equal","equal","equal","equal","equal","larger","equal","equal","equal","equal","equal","larger","equal","equal","equal","equal","equal","larger","equal","equal","equal","equal","equal","larger","equal","equal","equal","equal","equal","larger","equal","equal","equal"
9,"GP","reliable","exp1a_s9_GP_r","G","P",2,0,2,2.09760662158477,1.720763647696,0.711307265131456,0,0,1,1,1,0.711307265131456,0,0,2,1.5,1.5,0.711307265131456,0,0,2,2,2,0.711307265131456,1,1,2,2.09760662158477,2.43207091282746,0.711307265131456,2,1,2,2.09760662158477,2.43207091282746,0.711307265131456,2,2,2,2.09760662158477,2.43207091282746,0.711307265131456,2,2,2,2.09760662158477,2.43207091282746,0.711307265131456,2,2,2,2.09760662158477,2.43207091282746,0.711307265131456,2,2,2,2.09760662158477,2.43207091282746,0.711307265131456,2,2,2,2.09760662158477,2.43207091282746,0.711307265131456,2,2,2,2.09760662158477,2.43207091282746,0.711307265131456,2,2,2,2.09760662158477,2.43207091282746,0.711307265131456,2,2,2,2.09760662158477,2.43207091282746,0.711307265131456,0,1,0,3.77764599490911,4.04930273255771,0.741914096986875,0,0,0,1,1,1,0,0,0,1.5,1.5,1.5,0,0,0,2,2,2,0,0,0,2.5,2.5,2.5,0,0,0,3,3,3,0,0,1,3.5,3.5,3.17398500981433,0,0,2,4,4,3.17398500981433,0,1,2,4.5,4.04930273255771,3.17398500981433,0,1,2,5,4.04930273255771,3.17398500981433,0,1,2,5.5,4.04930273255771,3.17398500981433,0,1,2,6,4.04930273255771,3.17398500981433,0,1,2,6.5,4.04930273255771,3.17398500981433,0,1,2,7,4.04930273255771,3.17398500981433,"equal","equal","larger","equal","larger","equal","equal","equal","equal","larger","larger","equal","equal","equal","equal","larger","larger","equal","equal","equal","larger","larger","larger","equal","equal","equal","larger","equal","equal","equal","equal","equal","larger","equal","equal","equal","equal","equal","larger","equal","equal","equal","equal","larger","larger","equal","equal","equal","equal","larger","larger","equal","equal","equal","equal","larger","larger","equal","equal","equal","equal","larger","larger","equal","equal","equal","equal","larger","larger","equal","equal","equal","equal","larger","larger","equal","equal","equal","equal","larger","larger","equal","equal","equal","equal","equal","equal","larger","equal","larger","equal","equal","equal","larger","larger","larger","equal","equal","equal","larger","larger","larger","equal","equal","equal","larger","larger","larger","equal","equal","equal","larger","larger","larger","equal","equal","equal","larger","larger","larger","equal","equal","equal","larger","larger","equal","equal","equal","equal","larger","larger","equal","equal","equal","larger","larger","equal","equal","equal","equal","larger","larger","equal","equal","equal","equal","larger","larger","equal","equal","equal","equal","larger","larger","equal","equal","equal","equal","larger","larger","equal","equal","equal","equal","larger","larger","equal","equal"
9,"GP","unreliable","exp1a_s9_GP_u","G","P",2,0,2,1.53377043818096,1.720763647696,0.711307265131456,0,0,1,1,1,0.711307265131456,0,0,2,1.5,1.5,0.711307265131456,1,0,2,1.53377043818096,2,0.711307265131456,2,1,2,1.53377043818096,2.43207091282746,0.711307265131456,2,1,2,1.53377043818096,2.43207091282746,0.711307265131456,2,2,2,1.53377043818096,2.43207091282746,0.711307265131456,2,2,2,1.53377043818096,2.43207091282746,0.711307265131456,2,2,2,1.53377043818096,2.43207091282746,0.711307265131456,2,2,2,1.53377043818096,2.43207091282746,0.711307265131456,2,2,2,1.53377043818096,2.43207091282746,0.711307265131456,2,2,2,1.53377043818096,2.43207091282746,0.711307265131456,2,2,2,1.53377043818096,2.43207091282746,0.711307265131456,2,2,2,1.53377043818096,2.43207091282746,0.711307265131456,0,1,0,3.77764599490911,3.87095778975291,0.741914096986875,0,0,0,1,1,1,0,0,0,1.5,1.5,1.5,0,0,0,2,2,2,0,0,0,2.5,2.5,2.5,0,0,0,3,3,3,0,0,1,3.5,3.5,3.17398500981433,0,1,2,4,3.87095778975291,3.17398500981433,0,1,2,4.5,3.87095778975291,3.17398500981433,0,1,2,5,3.87095778975291,3.17398500981433,0,1,2,5.5,3.87095778975291,3.17398500981433,0,1,2,6,3.87095778975291,3.17398500981433,0,1,2,6.5,3.87095778975291,3.17398500981433,0,1,2,7,3.87095778975291,3.17398500981433,"equal","equal","larger","equal","larger","equal","equal","equal","equal","larger","larger","equal","equal","equal","equal","larger","larger","equal","equal","equal","larger","equal","larger","equal","equal","equal","larger","equal","equal","equal","equal","equal","larger","equal","equal","equal","equal","equal","larger","equal","equal","equal","equal","larger","larger","equal","equal","equal","equal","larger","larger","equal","equal","equal","equal","larger","larger","equal","equal","equal","equal","larger","larger","equal","equal","equal","equal","larger","larger","equal","equal","equal","equal","larger","larger","equal","equal","equal","equal","larger","larger","equal","equal","equal","equal","equal","equal","larger","equal","larger","equal","equal","equal","larger","larger","larger","equal","equal","equal","larger","larger","larger","equal","equal","equal","larger","larger","larger","equal","equal","equal","larger","larger","larger","equal","equal","equal","larger","larger","larger","equal","equal","equal","larger","larger","equal","equal","equal","equal","larger","equal","equal","equal","equal","larger","larger","equal","equal","equal","equal","larger","larger","equal","equal","equal","equal","larger","larger","equal","equal","equal","equal","larger","larger","equal","equal","equal","equal","larger","larger","equal","equal","equal","equal","larger","larger","equal","equal"
9,"NG","reliable","exp1a_s9_NG_r","N","G",1,1,0,2.85956909139656,0.878457196911228,1.88357887486927,0,1,0,1,0.878457196911228,1,0,1,0,1.5,0.878457196911228,1.5,0,1,0,2,0.878457196911228,1.88357887486927,0,1,0,2.5,0.878457196911228,1.88357887486927,1,1,0,2.85956909139656,0.878457196911228,1.88357887486927,1,1,0,2.85956909139656,0.878457196911228,1.88357887486927,1,1,0,2.85956909139656,0.878457196911228,1.88357887486927,1,1,0,2.85956909139656,0.878457196911228,1.88357887486927,1,1,0,2.85956909139656,0.878457196911228,1.88357887486927,1,1,0,2.85956909139656,0.878457196911228,1.88357887486927,1,1,0,2.85956909139656,0.878457196911228,1.88357887486927,2,1,0,2.85956909139656,0.878457196911228,1.88357887486927,2,1,0,2.85956909139656,0.878457196911228,1.88357887486927,2,2,0,1.18774019943111,1.6033053708815,0.741914096986875,0,0,0,1,1,1,1,0,0,1.18774019943111,1.5,1.5,1,1,1,1.18774019943111,1.6033053708815,1.6203712938981,1,1,1,1.18774019943111,1.6033053708815,1.6203712938981,2,1,1,1.18774019943111,1.6033053708815,1.6203712938981,2,1,1,1.18774019943111,1.6033053708815,1.6203712938981,2,1,1,1.18774019943111,1.6033053708815,1.6203712938981,2,2,1,1.18774019943111,1.6033053708815,1.6203712938981,2,2,1,1.18774019943111,1.6033053708815,1.6203712938981,3,2,1,1.18774019943111,1.6033053708815,1.6203712938981,3,2,1,1.18774019943111,1.6033053708815,1.6203712938981,3,3,1,1.18774019943111,1.6033053708815,1.6203712938981,3,3,1,1.18774019943111,1.6033053708815,1.6203712938981,"equal","equal","larger","equal","equal","larger","equal","equal","equal","larger","equal","larger","equal","equal","equal","larger","equal","larger","equal","equal","larger","larger","equal","larger","equal","equal","larger","larger","equal","larger","equal","equal","larger","equal","equal","larger","equal","equal","larger","equal","equal","larger","equal","larger","larger","equal","equal","larger","equal","larger","larger","equal","equal","larger","equal","larger","larger","equal","equal","larger","equal","larger","larger","equal","equal","larger","equal","larger","larger","equal","equal","larger","equal","larger","larger","equal","equal","larger","equal","larger","larger","equal","equal","larger","equal","equal","equal","equal","equal","larger","equal","equal","equal","larger","larger","larger","equal","equal","equal","equal","larger","larger","equal","equal","equal","equal","equal","equal","equal","equal","equal","equal","equal","equal","equal","equal","equal","equal","equal","equal","equal","equal","equal","equal","equal","equal","equal","equal","equal","equal","equal","equal","equal","equal","larger","equal","equal","equal","equal","equal","larger","equal","equal","equal","equal","equal","larger","equal","equal","equal","equal","equal","larger","equal","equal","equal","equal","equal","larger","equal","equal","equal","equal","equal","larger","equal","equal","equal"
9,"NG","unreliable","exp1a_s9_NG_u","N","G",1,1,0,1.53377043818096,0.878457196911228,1.88357887486927,0,1,0,1,0.878457196911228,1,0,1,0,1.5,0.878457196911228,1.5,1,1,0,1.53377043818096,0.878457196911228,1.88357887486927,1,1,0,1.53377043818096,0.878457196911228,1.88357887486927,1,1,0,1.53377043818096,0.878457196911228,1.88357887486927,1,1,0,1.53377043818096,0.878457196911228,1.88357887486927,1,1,0,1.53377043818096,0.878457196911228,1.88357887486927,1,1,0,1.53377043818096,0.878457196911228,1.88357887486927,1,1,0,1.53377043818096,0.878457196911228,1.88357887486927,1,1,0,1.53377043818096,0.878457196911228,1.88357887486927,1,1,0,1.53377043818096,0.878457196911228,1.88357887486927,2,1,0,1.53377043818096,0.878457196911228,1.88357887486927,3,1,0,1.53377043818096,0.878457196911228,1.88357887486927,2,2,0,1.18774019943111,1.6033053708815,0.741914096986875,0,0,0,1,1,1,1,0,0,1.18774019943111,1.5,1.5,2,1,1,1.18774019943111,1.6033053708815,1.6203712938981,2,1,1,1.18774019943111,1.6033053708815,1.6203712938981,2,1,1,1.18774019943111,1.6033053708815,1.6203712938981,2,1,1,1.18774019943111,1.6033053708815,1.6203712938981,2,2,1,1.18774019943111,1.6033053708815,1.6203712938981,2,2,1,1.18774019943111,1.6033053708815,1.6203712938981,2,2,1,1.18774019943111,1.6033053708815,1.6203712938981,3,2,1,1.18774019943111,1.6033053708815,1.6203712938981,3,2,1,1.18774019943111,1.6033053708815,1.6203712938981,3,3,1,1.18774019943111,1.6033053708815,1.6203712938981,3,3,1,1.18774019943111,1.6033053708815,1.6203712938981,"equal","equal","larger","equal","equal","larger","equal","equal","equal","larger","equal","larger","equal","equal","equal","larger","equal","larger","equal","equal","larger","equal","equal","larger","equal","equal","larger","equal","equal","larger","equal","equal","larger","equal","equal","larger","equal","equal","larger","equal","equal","larger","equal","larger","larger","equal","equal","larger","equal","larger","larger","equal","equal","larger","equal","larger","larger","equal","equal","larger","equal","larger","larger","equal","equal","larger","equal","larger","larger","equal","equal","larger","equal","larger","larger","equal","equal","larger","equal","larger","larger","equal","equal","larger","equal","equal","equal","equal","equal","larger","equal","equal","equal","larger","larger","larger","equal","equal","equal","equal","larger","larger","equal","equal","equal","equal","equal","equal","equal","equal","equal","equal","equal","equal","equal","equal","equal","equal","equal","equal","equal","equal","equal","equal","equal","equal","equal","equal","equal","equal","equal","equal","equal","equal","larger","equal","equal","equal","equal","equal","larger","equal","equal","equal","equal","equal","larger","equal","equal","equal","equal","equal","larger","equal","equal","equal","equal","equal","larger","equal","equal","equal","equal","equal","larger","equal","equal","equal"
9,"NN","reliable","exp1a_s9_NN_r","N","N",1,0,0,2.85956909139656,1.720763647696,1.88357887486927,0,0,0,1,1,1,0,0,0,1.5,1.5,1.5,0,0,0,2,2,1.88357887486927,0,0,0,2.5,2.5,1.88357887486927,1,0,0,2.85956909139656,3,1.88357887486927,1,0,0,2.85956909139656,3.5,1.88357887486927,1,0,0,2.85956909139656,3.60434252256528,1.88357887486927,1,0,0,2.85956909139656,3.60434252256528,1.88357887486927,1,0,0,2.85956909139656,3.60434252256528,1.88357887486927,1,0,0,2.85956909139656,3.60434252256528,1.88357887486927,1,0,0,2.85956909139656,3.60434252256528,1.88357887486927,1,0,0,2.85956909139656,3.60434252256528,1.88357887486927,1,0,0,2.85956909139656,3.60434252256528,1.88357887486927,1,1,0,2.7468164808914,4.04930273255771,0.741914096986875,0,0,0,1,1,1,0,0,0,1.5,1.5,1.5,0,0,0,2,2,2,0,0,0,2.5,2.5,2.5,1,0,0,2.7468164808914,3,3,1,0,0,2.7468164808914,3.5,3.5,1,0,0,2.7468164808914,4,4,1,1,0,2.7468164808914,4.04930273255771,4.34625661955215,1,1,0,2.7468164808914,4.04930273255771,4.34625661955215,1,1,0,2.7468164808914,4.04930273255771,4.34625661955215,1,1,0,2.7468164808914,4.04930273255771,4.34625661955215,1,1,0,2.7468164808914,4.04930273255771,4.34625661955215,1,1,0,2.7468164808914,4.04930273255771,4.34625661955215,"equal","equal","larger","equal","larger","larger","equal","equal","equal","larger","larger","larger","equal","equal","equal","larger","larger","larger","equal","equal","larger","larger","larger","larger","equal","equal","larger","larger","larger","larger","equal","equal","larger","equal","larger","larger","equal","equal","larger","equal","larger","larger","equal","larger","larger","equal","larger","larger","equal","larger","larger","equal","larger","larger","equal","larger","larger","equal","larger","larger","equal","larger","larger","equal","larger","larger","equal","larger","larger","equal","larger","larger","equal","larger","larger","equal","larger","larger","equal","larger","larger","equal","larger","larger","equal","equal","equal","equal","equal","larger","equal","equal","equal","larger","larger","larger","equal","equal","equal","larger","larger","larger","equal","equal","equal","larger","larger","larger","equal","equal","equal","larger","larger","larger","equal","equal","equal","equal","larger","larger","equal","equal","equal","equal","larger","larger","equal","equal","equal","equal","larger","larger","equal","equal","larger","equal","equal","larger","equal","equal","larger","equal","equal","larger","equal","equal","larger","equal","equal","larger","equal","equal","larger","equal","equal","larger","equal","equal","larger","equal","equal","larger","equal","equal","larger","equal","equal","larger"
9,"NN","unreliable","exp1a_s9_NN_u","N","N",1,0,0,1.53377043818096,1.720763647696,1.88357887486927,0,0,0,1,1,1,0,0,0,1.5,1.5,1.5,1,0,0,1.53377043818096,2,1.88357887486927,1,0,0,1.53377043818096,2.5,1.88357887486927,1,0,0,1.53377043818096,3,1.88357887486927,1,0,0,1.53377043818096,3.5,1.88357887486927,1,0,0,1.53377043818096,3.60434252256528,1.88357887486927,1,0,0,1.53377043818096,3.60434252256528,1.88357887486927,1,0,0,1.53377043818096,3.60434252256528,1.88357887486927,1,0,0,1.53377043818096,3.60434252256528,1.88357887486927,1,0,0,1.53377043818096,3.60434252256528,1.88357887486927,1,0,0,1.53377043818096,3.60434252256528,1.88357887486927,2,0,0,1.53377043818096,3.60434252256528,1.88357887486927,1,1,0,1.78808794837422,3.87095778975291,0.741914096986875,0,0,0,1,1,1,0,0,0,1.5,1.5,1.5,1,0,0,1.78808794837422,2,2,1,0,0,1.78808794837422,2.5,2.5,1,0,0,1.78808794837422,3,3,1,0,0,1.78808794837422,3.5,3.5,1,1,0,1.78808794837422,3.87095778975291,4,1,1,0,1.78808794837422,3.87095778975291,4.34625661955215,1,1,0,1.78808794837422,3.87095778975291,4.34625661955215,1,1,0,1.78808794837422,3.87095778975291,4.34625661955215,1,1,0,1.78808794837422,3.87095778975291,4.34625661955215,1,1,0,1.78808794837422,3.87095778975291,4.34625661955215,1,1,0,1.78808794837422,3.87095778975291,4.34625661955215,"equal","equal","larger","equal","larger","larger","equal","equal","equal","larger","larger","larger","equal","equal","equal","larger","larger","larger","equal","equal","larger","equal","larger","larger","equal","equal","larger","equal","larger","larger","equal","equal","larger","equal","larger","larger","equal","equal","larger","equal","larger","larger","equal","larger","larger","equal","larger","larger","equal","larger","larger","equal","larger","larger","equal","larger","larger","equal","larger","larger","equal","larger","larger","equal","larger","larger","equal","larger","larger","equal","larger","larger","equal","larger","larger","equal","larger","larger","equal","larger","larger","equal","larger","larger","equal","equal","equal","equal","equal","larger","equal","equal","equal","larger","larger","larger","equal","equal","equal","larger","larger","larger","equal","equal","equal","equal","larger","larger","equal","equal","equal","equal","larger","larger","equal","equal","equal","equal","larger","larger","equal","equal","equal","equal","larger","larger","equal","equal","equal","equal","equal","larger","equal","equal","larger","equal","equal","larger","equal","equal","larger","equal","equal","larger","equal","equal","larger","equal","equal","larger","equal","equal","larger","equal","equal","larger","equal","equal","larger","equal","equal","larger","equal","equal","larger","equal","equal","larger"
9,"NP","reliable","exp1a_s9_NP_r","N","P",1,0,0,2.85956909139656,1.720763647696,1.88357887486927,0,0,0,1,1,1,0,0,0,1.5,1.5,1.5,0,0,0,2,2,1.88357887486927,0,0,0,2.5,2.5,1.88357887486927,1,0,0,2.85956909139656,3,1.88357887486927,1,0,0,2.85956909139656,3.5,1.88357887486927,1,0,0,2.85956909139656,3.60434252256528,1.88357887486927,1,0,0,2.85956909139656,3.60434252256528,1.88357887486927,1,0,0,2.85956909139656,3.60434252256528,1.88357887486927,1,0,0,2.85956909139656,3.60434252256528,1.88357887486927,1,0,0,2.85956909139656,3.60434252256528,1.88357887486927,1,0,0,2.85956909139656,3.60434252256528,1.88357887486927,1,0,0,2.85956909139656,3.60434252256528,1.88357887486927,0,1,0,3.77764599490911,4.04930273255771,0.741914096986875,0,0,0,1,1,1,0,0,0,1.5,1.5,1.5,0,0,0,2,2,2,0,0,0,2.5,2.5,2.5,0,0,0,3,3,3,0,0,0,3.5,3.5,3.5,0,0,0,4,4,4,0,1,0,4.5,4.04930273255771,4.34625661955215,0,1,0,5,4.04930273255771,4.34625661955215,0,1,0,5.5,4.04930273255771,4.34625661955215,0,1,0,6,4.04930273255771,4.34625661955215,0,1,0,6.5,4.04930273255771,4.34625661955215,0,1,0,7,4.04930273255771,4.34625661955215,"equal","equal","larger","equal","larger","larger","equal","equal","equal","larger","larger","larger","equal","equal","equal","larger","larger","larger","equal","equal","larger","larger","larger","larger","equal","equal","larger","larger","larger","larger","equal","equal","larger","equal","larger","larger","equal","equal","larger","equal","larger","larger","equal","larger","larger","equal","larger","larger","equal","larger","larger","equal","larger","larger","equal","larger","larger","equal","larger","larger","equal","larger","larger","equal","larger","larger","equal","larger","larger","equal","larger","larger","equal","larger","larger","equal","larger","larger","equal","larger","larger","equal","larger","larger","equal","equal","equal","larger","equal","larger","equal","equal","equal","larger","larger","larger","equal","equal","equal","larger","larger","larger","equal","equal","equal","larger","larger","larger","equal","equal","equal","larger","larger","larger","equal","equal","equal","larger","larger","larger","equal","equal","equal","larger","larger","larger","equal","equal","equal","larger","larger","larger","equal","equal","larger","larger","equal","larger","equal","equal","larger","larger","equal","larger","equal","equal","larger","larger","equal","larger","equal","equal","larger","larger","equal","larger","equal","equal","larger","larger","equal","larger","equal","equal","larger","larger","equal","larger"
9,"NP","unreliable","exp1a_s9_NP_u","N","P",1,0,0,1.53377043818096,1.720763647696,1.88357887486927,0,0,0,1,1,1,0,0,0,1.5,1.5,1.5,1,0,0,1.53377043818096,2,1.88357887486927,1,0,0,1.53377043818096,2.5,1.88357887486927,1,0,0,1.53377043818096,3,1.88357887486927,1,0,0,1.53377043818096,3.5,1.88357887486927,1,0,0,1.53377043818096,3.60434252256528,1.88357887486927,1,0,0,1.53377043818096,3.60434252256528,1.88357887486927,1,0,0,1.53377043818096,3.60434252256528,1.88357887486927,1,0,0,1.53377043818096,3.60434252256528,1.88357887486927,1,0,0,1.53377043818096,3.60434252256528,1.88357887486927,1,0,0,1.53377043818096,3.60434252256528,1.88357887486927,1,0,0,1.53377043818096,3.60434252256528,1.88357887486927,0,1,0,3.77764599490911,3.87095778975291,0.741914096986875,0,0,0,1,1,1,0,0,0,1.5,1.5,1.5,0,0,0,2,2,2,0,0,0,2.5,2.5,2.5,0,0,0,3,3,3,0,0,0,3.5,3.5,3.5,0,1,0,4,3.87095778975291,4,0,1,0,4.5,3.87095778975291,4.34625661955215,0,1,0,5,3.87095778975291,4.34625661955215,0,1,0,5.5,3.87095778975291,4.34625661955215,0,1,0,6,3.87095778975291,4.34625661955215,0,1,0,6.5,3.87095778975291,4.34625661955215,0,1,0,7,3.87095778975291,4.34625661955215,"equal","equal","larger","equal","larger","larger","equal","equal","equal","larger","larger","larger","equal","equal","equal","larger","larger","larger","equal","equal","larger","equal","larger","larger","equal","equal","larger","equal","larger","larger","equal","equal","larger","equal","larger","larger","equal","equal","larger","equal","larger","larger","equal","larger","larger","equal","larger","larger","equal","larger","larger","equal","larger","larger","equal","larger","larger","equal","larger","larger","equal","larger","larger","equal","larger","larger","equal","larger","larger","equal","larger","larger","equal","larger","larger","equal","larger","larger","equal","larger","larger","equal","larger","larger","equal","equal","equal","larger","equal","larger","equal","equal","equal","larger","larger","larger","equal","equal","equal","larger","larger","larger","equal","equal","equal","larger","larger","larger","equal","equal","equal","larger","larger","larger","equal","equal","equal","larger","larger","larger","equal","equal","equal","larger","larger","larger","equal","equal","equal","larger","equal","larger","equal","equal","larger","larger","equal","larger","equal","equal","larger","larger","equal","larger","equal","equal","larger","larger","equal","larger","equal","equal","larger","larger","equal","larger","equal","equal","larger","larger","equal","larger","equal","equal","larger","larger","equal","larger"
9,"PG","reliable","exp1a_s9_PG_r","P","G",0,0,0,5.13743896619417,1.720763647696,1.88357887486927,0,0,0,1,1,1,0,0,0,1.5,1.5,1.5,0,0,0,2,2,1.88357887486927,0,0,0,2.5,2.5,1.88357887486927,0,0,0,3,3,1.88357887486927,0,0,0,3.5,3.5,1.88357887486927,0,0,0,4,3.60434252256528,1.88357887486927,0,0,0,4.5,3.60434252256528,1.88357887486927,0,0,0,5,3.60434252256528,1.88357887486927,0,0,0,5.5,3.60434252256528,1.88357887486927,0,0,0,6,3.60434252256528,1.88357887486927,1,0,0,6.32517916562528,3.60434252256528,1.88357887486927,1,0,0,6.32517916562528,3.60434252256528,1.88357887486927,2,2,0,1.18774019943111,1.6033053708815,0.741914096986875,0,0,0,1,1,1,1,0,0,1.18774019943111,1.5,1.5,1,1,0,1.18774019943111,1.6033053708815,2,1,1,0,1.18774019943111,1.6033053708815,2.5,2,1,0,1.18774019943111,1.6033053708815,3,2,1,0,1.18774019943111,1.6033053708815,3.5,2,1,0,1.18774019943111,1.6033053708815,4,2,2,0,1.18774019943111,1.6033053708815,4.34625661955215,2,2,0,1.18774019943111,1.6033053708815,4.34625661955215,3,2,0,1.18774019943111,1.6033053708815,4.34625661955215,3,2,0,1.18774019943111,1.6033053708815,4.34625661955215,3,2,0,1.18774019943111,1.6033053708815,4.34625661955215,3,2,0,1.18774019943111,1.6033053708815,4.34625661955215,"equal","equal","larger","larger","larger","larger","equal","equal","equal","larger","larger","larger","equal","equal","equal","larger","larger","larger","equal","equal","larger","larger","larger","larger","equal","equal","larger","larger","larger","larger","equal","equal","larger","larger","larger","larger","equal","equal","larger","larger","larger","larger","equal","larger","larger","larger","larger","larger","equal","larger","larger","larger","larger","larger","equal","larger","larger","larger","larger","larger","equal","larger","larger","larger","larger","larger","equal","larger","larger","larger","larger","larger","equal","larger","larger","equal","larger","larger","equal","larger","larger","equal","larger","larger","equal","equal","equal","equal","equal","larger","equal","equal","equal","larger","larger","larger","equal","equal","equal","equal","larger","larger","equal","equal","equal","equal","equal","larger","equal","equal","equal","equal","equal","larger","equal","equal","equal","equal","equal","larger","equal","equal","equal","equal","equal","larger","equal","equal","equal","equal","equal","larger","equal","equal","larger","equal","equal","larger","equal","equal","larger","equal","equal","larger","equal","equal","larger","equal","equal","larger","equal","equal","larger","equal","equal","larger","equal","equal","larger","equal","equal","larger","equal","equal","larger","equal","equal","larger"
9,"PG","unreliable","exp1a_s9_PG_u","P","G",0,0,0,5.13743896619417,1.720763647696,1.88357887486927,0,0,0,1,1,1,0,0,0,1.5,1.5,1.5,0,0,0,2,2,1.88357887486927,0,0,0,2.5,2.5,1.88357887486927,0,0,0,3,3,1.88357887486927,0,0,0,3.5,3.5,1.88357887486927,0,0,0,4,3.60434252256528,1.88357887486927,0,0,0,4.5,3.60434252256528,1.88357887486927,0,0,0,5,3.60434252256528,1.88357887486927,0,0,0,5.5,3.60434252256528,1.88357887486927,0,0,0,6,3.60434252256528,1.88357887486927,1,0,0,6.32517916562528,3.60434252256528,1.88357887486927,2,0,0,6.32517916562528,3.60434252256528,1.88357887486927,2,2,0,1.18774019943111,1.6033053708815,0.741914096986875,0,0,0,1,1,1,1,0,0,1.18774019943111,1.5,1.5,2,1,0,1.18774019943111,1.6033053708815,2,2,1,0,1.18774019943111,1.6033053708815,2.5,2,1,0,1.18774019943111,1.6033053708815,3,2,1,0,1.18774019943111,1.6033053708815,3.5,2,2,0,1.18774019943111,1.6033053708815,4,2,2,0,1.18774019943111,1.6033053708815,4.34625661955215,2,2,0,1.18774019943111,1.6033053708815,4.34625661955215,3,2,0,1.18774019943111,1.6033053708815,4.34625661955215,3,2,0,1.18774019943111,1.6033053708815,4.34625661955215,3,2,0,1.18774019943111,1.6033053708815,4.34625661955215,3,2,0,1.18774019943111,1.6033053708815,4.34625661955215,"equal","equal","larger","larger","larger","larger","equal","equal","equal","larger","larger","larger","equal","equal","equal","larger","larger","larger","equal","equal","larger","larger","larger","larger","equal","equal","larger","larger","larger","larger","equal","equal","larger","larger","larger","larger","equal","equal","larger","larger","larger","larger","equal","larger","larger","larger","larger","larger","equal","larger","larger","larger","larger","larger","equal","larger","larger","larger","larger","larger","equal","larger","larger","larger","larger","larger","equal","larger","larger","larger","larger","larger","equal","larger","larger","equal","larger","larger","equal","larger","larger","equal","larger","larger","equal","equal","equal","equal","equal","larger","equal","equal","equal","larger","larger","larger","equal","equal","equal","equal","larger","larger","equal","equal","equal","equal","equal","larger","equal","equal","equal","equal","equal","larger","equal","equal","equal","equal","equal","larger","equal","equal","equal","equal","equal","larger","equal","equal","equal","equal","equal","larger","equal","equal","larger","equal","equal","larger","equal","equal","larger","equal","equal","larger","equal","equal","larger","equal","equal","larger","equal","equal","larger","equal","equal","larger","equal","equal","larger","equal","equal","larger","equal","equal","larger","equal","equal","larger"
9,"PN","reliable","exp1a_s9_PN_r","P","N",0,0,0,5.13743896619417,1.720763647696,1.88357887486927,0,0,0,1,1,1,0,0,0,1.5,1.5,1.5,0,0,0,2,2,1.88357887486927,0,0,0,2.5,2.5,1.88357887486927,0,0,0,3,3,1.88357887486927,0,0,0,3.5,3.5,1.88357887486927,0,0,0,4,3.60434252256528,1.88357887486927,0,0,0,4.5,3.60434252256528,1.88357887486927,0,0,0,5,3.60434252256528,1.88357887486927,0,0,0,5.5,3.60434252256528,1.88357887486927,0,0,0,6,3.60434252256528,1.88357887486927,0,0,0,6.5,3.60434252256528,1.88357887486927,0,0,0,7,3.60434252256528,1.88357887486927,1,1,0,2.7468164808914,4.04930273255771,0.741914096986875,0,0,0,1,1,1,0,0,0,1.5,1.5,1.5,0,0,0,2,2,2,0,0,0,2.5,2.5,2.5,1,0,0,2.7468164808914,3,3,1,0,0,2.7468164808914,3.5,3.5,1,0,0,2.7468164808914,4,4,1,1,0,2.7468164808914,4.04930273255771,4.34625661955215,1,1,0,2.7468164808914,4.04930273255771,4.34625661955215,1,1,0,2.7468164808914,4.04930273255771,4.34625661955215,1,1,0,2.7468164808914,4.04930273255771,4.34625661955215,1,1,0,2.7468164808914,4.04930273255771,4.34625661955215,1,1,0,2.7468164808914,4.04930273255771,4.34625661955215,"equal","equal","larger","larger","larger","larger","equal","equal","equal","larger","larger","larger","equal","equal","equal","larger","larger","larger","equal","equal","larger","larger","larger","larger","equal","equal","larger","larger","larger","larger","equal","equal","larger","larger","larger","larger","equal","equal","larger","larger","larger","larger","equal","larger","larger","larger","larger","larger","equal","larger","larger","larger","larger","larger","equal","larger","larger","larger","larger","larger","equal","larger","larger","larger","larger","larger","equal","larger","larger","larger","larger","larger","equal","larger","larger","larger","larger","larger","equal","larger","larger","larger","larger","larger","equal","equal","equal","equal","equal","larger","equal","equal","equal","larger","larger","larger","equal","equal","equal","larger","larger","larger","equal","equal","equal","larger","larger","larger","equal","equal","equal","larger","larger","larger","equal","equal","equal","equal","larger","larger","equal","equal","equal","equal","larger","larger","equal","equal","equal","equal","larger","larger","equal","equal","larger","equal","equal","larger","equal","equal","larger","equal","equal","larger","equal","equal","larger","equal","equal","larger","equal","equal","larger","equal","equal","larger","equal","equal","larger","equal","equal","larger","equal","equal","larger","equal","equal","larger"
9,"PN","unreliable","exp1a_s9_PN_u","P","N",0,0,0,5.13743896619417,1.720763647696,1.88357887486927,0,0,0,1,1,1,0,0,0,1.5,1.5,1.5,0,0,0,2,2,1.88357887486927,0,0,0,2.5,2.5,1.88357887486927,0,0,0,3,3,1.88357887486927,0,0,0,3.5,3.5,1.88357887486927,0,0,0,4,3.60434252256528,1.88357887486927,0,0,0,4.5,3.60434252256528,1.88357887486927,0,0,0,5,3.60434252256528,1.88357887486927,0,0,0,5.5,3.60434252256528,1.88357887486927,0,0,0,6,3.60434252256528,1.88357887486927,0,0,0,6.5,3.60434252256528,1.88357887486927,1,0,0,6.92552691456838,3.60434252256528,1.88357887486927,1,1,0,1.78808794837422,3.87095778975291,0.741914096986875,0,0,0,1,1,1,0,0,0,1.5,1.5,1.5,1,0,0,1.78808794837422,2,2,1,0,0,1.78808794837422,2.5,2.5,1,0,0,1.78808794837422,3,3,1,0,0,1.78808794837422,3.5,3.5,1,1,0,1.78808794837422,3.87095778975291,4,1,1,0,1.78808794837422,3.87095778975291,4.34625661955215,1,1,0,1.78808794837422,3.87095778975291,4.34625661955215,1,1,0,1.78808794837422,3.87095778975291,4.34625661955215,1,1,0,1.78808794837422,3.87095778975291,4.34625661955215,1,1,0,1.78808794837422,3.87095778975291,4.34625661955215,1,1,0,1.78808794837422,3.87095778975291,4.34625661955215,"equal","equal","larger","larger","larger","larger","equal","equal","equal","larger","larger","larger","equal","equal","equal","larger","larger","larger","equal","equal","larger","larger","larger","larger","equal","equal","larger","larger","larger","larger","equal","equal","larger","larger","larger","larger","equal","equal","larger","larger","larger","larger","equal","larger","larger","larger","larger","larger","equal","larger","larger","larger","larger","larger","equal","larger","larger","larger","larger","larger","equal","larger","larger","larger","larger","larger","equal","larger","larger","larger","larger","larger","equal","larger","larger","larger","larger","larger","equal","larger","larger","equal","larger","larger","equal","equal","equal","equal","equal","larger","equal","equal","equal","larger","larger","larger","equal","equal","equal","larger","larger","larger","equal","equal","equal","equal","larger","larger","equal","equal","equal","equal","larger","larger","equal","equal","equal","equal","larger","larger","equal","equal","equal","equal","larger","larger","equal","equal","equal","equal","equal","larger","equal","equal","larger","equal","equal","larger","equal","equal","larger","equal","equal","larger","equal","equal","larger","equal","equal","larger","equal","equal","larger","equal","equal","larger","equal","equal","larger","equal","equal","larger","equal","equal","larger","equal","equal","larger"
9,"PP","reliable","exp1a_s9_PP_r","P","P",0,0,0,5.13743896619417,1.720763647696,1.88357887486927,0,0,0,1,1,1,0,0,0,1.5,1.5,1.5,0,0,0,2,2,1.88357887486927,0,0,0,2.5,2.5,1.88357887486927,0,0,0,3,3,1.88357887486927,0,0,0,3.5,3.5,1.88357887486927,0,0,0,4,3.60434252256528,1.88357887486927,0,0,0,4.5,3.60434252256528,1.88357887486927,0,0,0,5,3.60434252256528,1.88357887486927,0,0,0,5.5,3.60434252256528,1.88357887486927,0,0,0,6,3.60434252256528,1.88357887486927,0,0,0,6.5,3.60434252256528,1.88357887486927,0,0,0,7,3.60434252256528,1.88357887486927,0,1,0,3.77764599490911,4.04930273255771,0.741914096986875,0,0,0,1,1,1,0,0,0,1.5,1.5,1.5,0,0,0,2,2,2,0,0,0,2.5,2.5,2.5,0,0,0,3,3,3,0,0,0,3.5,3.5,3.5,0,0,0,4,4,4,0,1,0,4.5,4.04930273255771,4.34625661955215,0,1,0,5,4.04930273255771,4.34625661955215,0,1,0,5.5,4.04930273255771,4.34625661955215,0,1,0,6,4.04930273255771,4.34625661955215,0,1,0,6.5,4.04930273255771,4.34625661955215,0,1,0,7,4.04930273255771,4.34625661955215,"equal","equal","larger","larger","larger","larger","equal","equal","equal","larger","larger","larger","equal","equal","equal","larger","larger","larger","equal","equal","larger","larger","larger","larger","equal","equal","larger","larger","larger","larger","equal","equal","larger","larger","larger","larger","equal","equal","larger","larger","larger","larger","equal","larger","larger","larger","larger","larger","equal","larger","larger","larger","larger","larger","equal","larger","larger","larger","larger","larger","equal","larger","larger","larger","larger","larger","equal","larger","larger","larger","larger","larger","equal","larger","larger","larger","larger","larger","equal","larger","larger","larger","larger","larger","equal","equal","equal","larger","equal","larger","equal","equal","equal","larger","larger","larger","equal","equal","equal","larger","larger","larger","equal","equal","equal","larger","larger","larger","equal","equal","equal","larger","larger","larger","equal","equal","equal","larger","larger","larger","equal","equal","equal","larger","larger","larger","equal","equal","equal","larger","larger","larger","equal","equal","larger","larger","equal","larger","equal","equal","larger","larger","equal","larger","equal","equal","larger","larger","equal","larger","equal","equal","larger","larger","equal","larger","equal","equal","larger","larger","equal","larger","equal","equal","larger","larger","equal","larger"
9,"PP","unreliable","exp1a_s9_PP_u","P","P",0,0,0,5.13743896619417,1.720763647696,1.88357887486927,0,0,0,1,1,1,0,0,0,1.5,1.5,1.5,0,0,0,2,2,1.88357887486927,0,0,0,2.5,2.5,1.88357887486927,0,0,0,3,3,1.88357887486927,0,0,0,3.5,3.5,1.88357887486927,0,0,0,4,3.60434252256528,1.88357887486927,0,0,0,4.5,3.60434252256528,1.88357887486927,0,0,0,5,3.60434252256528,1.88357887486927,0,0,0,5.5,3.60434252256528,1.88357887486927,0,0,0,6,3.60434252256528,1.88357887486927,0,0,0,6.5,3.60434252256528,1.88357887486927,0,0,0,7,3.60434252256528,1.88357887486927,0,1,0,3.77764599490911,3.87095778975291,0.741914096986875,0,0,0,1,1,1,0,0,0,1.5,1.5,1.5,0,0,0,2,2,2,0,0,0,2.5,2.5,2.5,0,0,0,3,3,3,0,0,0,3.5,3.5,3.5,0,1,0,4,3.87095778975291,4,0,1,0,4.5,3.87095778975291,4.34625661955215,0,1,0,5,3.87095778975291,4.34625661955215,0,1,0,5.5,3.87095778975291,4.34625661955215,0,1,0,6,3.87095778975291,4.34625661955215,0,1,0,6.5,3.87095778975291,4.34625661955215,0,1,0,7,3.87095778975291,4.34625661955215,"equal","equal","larger","larger","larger","larger","equal","equal","equal","larger","larger","larger","equal","equal","equal","larger","larger","larger","equal","equal","larger","larger","larger","larger","equal","equal","larger","larger","larger","larger","equal","equal","larger","larger","larger","larger","equal","equal","larger","larger","larger","larger","equal","larger","larger","larger","larger","larger","equal","larger","larger","larger","larger","larger","equal","larger","larger","larger","larger","larger","equal","larger","larger","larger","larger","larger","equal","larger","larger","larger","larger","larger","equal","larger","larger","larger","larger","larger","equal","larger","larger","larger","larger","larger","equal","equal","equal","larger","equal","larger","equal","equal","equal","larger","larger","larger","equal","equal","equal","larger","larger","larger","equal","equal","equal","larger","larger","larger","equal","equal","equal","larger","larger","larger","equal","equal","equal","larger","larger","larger","equal","equal","equal","larger","larger","larger","equal","equal","equal","larger","equal","larger","equal","equal","larger","larger","equal","larger","equal","equal","larger","larger","equal","larger","equal","equal","larger","larger","equal","larger","equal","equal","larger","larger","equal","larger","equal","equal","larger","larger","equal","larger","equal","equal","larger","larger","equal","larger"
10,"GG","reliable","exp1a_s10_GG_r","G","G",1,2,2,0.86360943990611,1.46307205639036,1.60807875130557,1,0,0,0.86360943990611,1,1,1,1,0,0.86360943990611,1.46307205639036,1.5,1,1,1,0.86360943990611,1.46307205639036,1.60807875130557,1,1,1,0.86360943990611,1.46307205639036,1.60807875130557,2,2,2,0.86360943990611,1.46307205639036,1.60807875130557,2,2,2,0.86360943990611,1.46307205639036,1.60807875130557,2,2,2,0.86360943990611,1.46307205639036,1.60807875130557,3,2,2,0.86360943990611,1.46307205639036,1.60807875130557,3,2,3,0.86360943990611,1.46307205639036,1.60807875130557,3,2,4,0.86360943990611,1.46307205639036,1.60807875130557,3,2,4,0.86360943990611,1.46307205639036,1.60807875130557,3,3,4,0.86360943990611,1.46307205639036,1.60807875130557,3,3,4,0.86360943990611,1.46307205639036,1.60807875130557,2,0,3,0.90993057747895,0.766993025317788,0.591353340388562,1,0,1,0.90993057747895,1,0.591353340388562,1,1,2,0.90993057747895,1.35834636570635,0.591353340388562,1,2,2,0.90993057747895,1.35834636570635,0.591353340388562,1,2,2,0.90993057747895,1.35834636570635,0.591353340388562,1,2,2,0.90993057747895,1.35834636570635,0.591353340388562,1,2,3,0.90993057747895,1.35834636570635,0.591353340388562,1,3,3,0.90993057747895,1.35834636570635,0.591353340388562,1,3,3,0.90993057747895,1.35834636570635,0.591353340388562,1,3,3,0.90993057747895,1.35834636570635,0.591353340388562,2,3,3,0.90993057747895,1.35834636570635,0.591353340388562,2,3,3,0.90993057747895,1.35834636570635,0.591353340388562,2,3,3,0.90993057747895,1.35834636570635,0.591353340388562,3,3,3,0.90993057747895,1.35834636570635,0.591353340388562,"equal","equal","equal","equal","equal","equal","equal","equal","equal","equal","larger","larger","equal","equal","equal","equal","equal","larger","equal","equal","equal","equal","equal","equal","equal","equal","equal","equal","equal","equal","equal","equal","equal","equal","equal","equal","equal","equal","equal","equal","equal","equal","equal","equal","equal","equal","equal","equal","equal","equal","equal","equal","equal","equal","equal","equal","equal","equal","equal","equal","equal","equal","equal","equal","equal","equal","equal","equal","equal","equal","equal","equal","equal","equal","equal","equal","equal","equal","equal","equal","equal","equal","equal","equal","equal","equal","larger","equal","larger","equal","equal","equal","equal","equal","larger","equal","equal","equal","equal","equal","equal","equal","equal","equal","equal","equal","equal","equal","equal","equal","equal","equal","equal","equal","equal","equal","equal","equal","equal","equal","equal","equal","larger","equal","equal","equal","equal","equal","larger","equal","equal","equal","equal","larger","larger","equal","equal","equal","equal","larger","larger","equal","equal","equal","equal","larger","larger","equal","equal","equal","equal","larger","larger","equal","equal","equal","equal","larger","larger","equal","equal","equal","equal","larger","larger","equal","equal","equal"
10,"GG","unreliable","exp1a_s10_GG_u","G","G",1,2,1,0.86360943990611,1.46307205639036,1.60807875130557,1,0,0,0.86360943990611,1,1,1,1,0,0.86360943990611,1.46307205639036,1.5,1,1,1,0.86360943990611,1.46307205639036,1.60807875130557,1,2,1,0.86360943990611,1.46307205639036,1.60807875130557,2,2,1,0.86360943990611,1.46307205639036,1.60807875130557,2,2,1,0.86360943990611,1.46307205639036,1.60807875130557,3,2,1,0.86360943990611,1.46307205639036,1.60807875130557,3,2,1,0.86360943990611,1.46307205639036,1.60807875130557,3,2,2,0.86360943990611,1.46307205639036,1.60807875130557,3,2,3,0.86360943990611,1.46307205639036,1.60807875130557,3,2,3,0.86360943990611,1.46307205639036,1.60807875130557,3,3,4,0.86360943990611,1.46307205639036,1.60807875130557,3,3,4,0.86360943990611,1.46307205639036,1.60807875130557,3,0,3,0.90993057747895,0.766993025317788,0.591353340388562,1,0,1,0.90993057747895,1,0.591353340388562,1,1,2,0.90993057747895,1.35834636570635,0.591353340388562,1,2,2,0.90993057747895,1.35834636570635,0.591353340388562,1,2,3,0.90993057747895,1.35834636570635,0.591353340388562,1,3,3,0.90993057747895,1.35834636570635,0.591353340388562,1,3,3,0.90993057747895,1.35834636570635,0.591353340388562,1,3,3,0.90993057747895,1.35834636570635,0.591353340388562,2,3,3,0.90993057747895,1.35834636570635,0.591353340388562,2,3,3,0.90993057747895,1.35834636570635,0.591353340388562,3,3,3,0.90993057747895,1.35834636570635,0.591353340388562,3,3,3,0.90993057747895,1.35834636570635,0.591353340388562,3,3,3,0.90993057747895,1.35834636570635,0.591353340388562,4,3,3,0.90993057747895,1.35834636570635,0.591353340388562,"equal","equal","equal","equal","equal","equal","equal","equal","equal","equal","larger","larger","equal","equal","equal","equal","equal","larger","equal","equal","equal","equal","equal","equal","equal","equal","equal","equal","equal","equal","equal","equal","equal","equal","equal","equal","equal","equal","equal","equal","equal","equal","equal","equal","equal","equal","equal","equal","equal","equal","equal","equal","equal","equal","equal","equal","equal","equal","equal","equal","equal","equal","equal","equal","equal","equal","equal","equal","equal","equal","equal","equal","equal","equal","equal","equal","equal","equal","equal","equal","equal","equal","equal","equal","equal","equal","larger","equal","larger","equal","equal","equal","equal","equal","larger","equal","equal","equal","equal","equal","equal","equal","equal","equal","equal","equal","equal","equal","equal","equal","equal","equal","equal","equal","equal","equal","equal","equal","equal","equal","equal","equal","larger","equal","equal","equal","equal","equal","larger","equal","equal","equal","equal","larger","larger","equal","equal","equal","equal","larger","larger","equal","equal","equal","equal","larger","larger","equal","equal","equal","equal","larger","larger","equal","equal","equal","equal","larger","larger","equal","equal","equal","equal","larger","larger","equal","equal","equal"
10,"GN","reliable","exp1a_s10_GN_r","G","N",1,2,2,0.86360943990611,1.46307205639036,1.60807875130557,1,0,0,0.86360943990611,1,1,1,1,0,0.86360943990611,1.46307205639036,1.5,1,1,1,0.86360943990611,1.46307205639036,1.60807875130557,1,1,1,0.86360943990611,1.46307205639036,1.60807875130557,2,2,2,0.86360943990611,1.46307205639036,1.60807875130557,2,2,2,0.86360943990611,1.46307205639036,1.60807875130557,2,2,2,0.86360943990611,1.46307205639036,1.60807875130557,3,2,2,0.86360943990611,1.46307205639036,1.60807875130557,3,2,2,0.86360943990611,1.46307205639036,1.60807875130557,3,2,2,0.86360943990611,1.46307205639036,1.60807875130557,3,2,2,0.86360943990611,1.46307205639036,1.60807875130557,3,3,2,0.86360943990611,1.46307205639036,1.60807875130557,3,3,2,0.86360943990611,1.46307205639036,1.60807875130557,1,0,1,5.15086695718868,0.766993025317788,3.17874406164478,0,0,0,1,1,1,0,0,0,1.5,1.5,1.5,0,0,0,2,2,2,0,0,0,2.5,2.5,2.5,0,0,0,3,3,3,0,0,1,3.5,3.5,3.17874406164478,0,1,1,4,3.94573708696257,3.17874406164478,0,1,1,4.5,3.94573708696257,3.17874406164478,0,1,1,5,3.94573708696257,3.17874406164478,1,1,1,5.15086695718868,3.94573708696257,3.17874406164478,1,1,1,5.15086695718868,3.94573708696257,3.17874406164478,1,1,1,5.15086695718868,3.94573708696257,3.17874406164478,2,1,1,5.15086695718868,3.94573708696257,3.17874406164478,"equal","equal","equal","equal","equal","equal","equal","equal","equal","equal","larger","larger","equal","equal","equal","equal","equal","larger","equal","equal","equal","equal","equal","equal","equal","equal","equal","equal","equal","equal","equal","equal","equal","equal","equal","equal","equal","equal","equal","equal","equal","equal","equal","equal","equal","equal","equal","equal","equal","equal","equal","equal","equal","equal","equal","equal","equal","equal","equal","equal","equal","equal","equal","equal","equal","equal","equal","equal","equal","equal","equal","equal","equal","equal","equal","equal","equal","equal","equal","equal","equal","equal","equal","equal","equal","equal","larger","equal","larger","equal","equal","equal","equal","larger","larger","larger","equal","equal","equal","larger","larger","larger","equal","equal","equal","larger","larger","larger","equal","equal","equal","larger","larger","larger","equal","equal","equal","larger","larger","larger","equal","equal","larger","larger","larger","equal","equal","equal","larger","larger","equal","equal","equal","larger","larger","larger","equal","equal","equal","larger","larger","larger","equal","equal","equal","larger","larger","equal","equal","equal","equal","larger","larger","equal","equal","equal","equal","larger","larger","equal","equal","equal","equal","larger","larger","equal","equal","equal"
10,"GN","unreliable","exp1a_s10_GN_u","G","N",1,2,1,0.86360943990611,1.46307205639036,1.60807875130557,1,0,0,0.86360943990611,1,1,1,1,0,0.86360943990611,1.46307205639036,1.5,1,1,1,0.86360943990611,1.46307205639036,1.60807875130557,1,2,1,0.86360943990611,1.46307205639036,1.60807875130557,2,2,1,0.86360943990611,1.46307205639036,1.60807875130557,2,2,1,0.86360943990611,1.46307205639036,1.60807875130557,3,2,1,0.86360943990611,1.46307205639036,1.60807875130557,3,2,1,0.86360943990611,1.46307205639036,1.60807875130557,3,2,1,0.86360943990611,1.46307205639036,1.60807875130557,3,2,1,0.86360943990611,1.46307205639036,1.60807875130557,3,2,1,0.86360943990611,1.46307205639036,1.60807875130557,3,3,2,0.86360943990611,1.46307205639036,1.60807875130557,3,3,2,0.86360943990611,1.46307205639036,1.60807875130557,2,0,1,4.35043845687887,0.766993025317788,2.05774957796837,0,0,0,1,1,1,0,0,0,1.5,1.5,1.5,0,0,0,2,2,2,0,0,1,2.5,2.5,2.05774957796837,0,1,1,3,2.82474260328616,2.05774957796837,0,1,1,3.5,2.82474260328616,2.05774957796837,0,1,1,4,2.82474260328616,2.05774957796837,1,1,1,4.35043845687887,2.82474260328616,2.05774957796837,1,1,1,4.35043845687887,2.82474260328616,2.05774957796837,2,1,1,4.35043845687887,2.82474260328616,2.05774957796837,2,1,1,4.35043845687887,2.82474260328616,2.05774957796837,2,1,1,4.35043845687887,2.82474260328616,2.05774957796837,3,1,1,4.35043845687887,2.82474260328616,2.05774957796837,"equal","equal","equal","equal","equal","equal","equal","equal","equal","equal","larger","larger","equal","equal","equal","equal","equal","larger","equal","equal","equal","equal","equal","equal","equal","equal","equal","equal","equal","equal","equal","equal","equal","equal","equal","equal","equal","equal","equal","equal","equal","equal","equal","equal","equal","equal","equal","equal","equal","equal","equal","equal","equal","equal","equal","equal","equal","equal","equal","equal","equal","equal","equal","equal","equal","equal","equal","equal","equal","equal","equal","equal","equal","equal","equal","equal","equal","equal","equal","equal","equal","equal","equal","equal","equal","equal","larger","equal","larger","equal","equal","equal","equal","larger","larger","larger","equal","equal","equal","larger","larger","larger","equal","equal","equal","larger","larger","larger","equal","equal","equal","larger","larger","equal","equal","equal","equal","larger","equal","equal","equal","equal","larger","larger","equal","equal","equal","equal","larger","larger","equal","equal","equal","larger","larger","equal","equal","equal","equal","larger","larger","equal","equal","equal","equal","larger","larger","equal","equal","equal","equal","larger","larger","equal","equal","equal","equal","larger","larger","equal","equal","equal","equal","larger","larger","equal","equal","equal"
10,"GP","reliable","exp1a_s10_GP_r","G","P",1,2,2,0.86360943990611,1.46307205639036,1.60807875130557,1,0,0,0.86360943990611,1,1,1,1,0,0.86360943990611,1.46307205639036,1.5,1,1,1,0.86360943990611,1.46307205639036,1.60807875130557,1,1,1,0.86360943990611,1.46307205639036,1.60807875130557,2,2,2,0.86360943990611,1.46307205639036,1.60807875130557,2,2,2,0.86360943990611,1.46307205639036,1.60807875130557,2,2,2,0.86360943990611,1.46307205639036,1.60807875130557,3,2,2,0.86360943990611,1.46307205639036,1.60807875130557,3,2,2,0.86360943990611,1.46307205639036,1.60807875130557,3,2,2,0.86360943990611,1.46307205639036,1.60807875130557,3,2,2,0.86360943990611,1.46307205639036,1.60807875130557,3,3,2,0.86360943990611,1.46307205639036,1.60807875130557,3,3,2,0.86360943990611,1.46307205639036,1.60807875130557,1,0,0,5.15086695718868,0.766993025317788,3.36890167556703,0,0,0,1,1,1,0,0,0,1.5,1.5,1.5,0,0,0,2,2,2,0,0,0,2.5,2.5,2.5,0,0,0,3,3,3,0,0,0,3.5,3.5,3.36890167556703,0,0,0,4,4,3.36890167556703,0,0,0,4.5,4.13589470088482,3.36890167556703,0,0,0,5,4.13589470088482,3.36890167556703,1,0,0,5.15086695718868,4.13589470088482,3.36890167556703,1,0,0,5.15086695718868,4.13589470088482,3.36890167556703,1,0,0,5.15086695718868,4.13589470088482,3.36890167556703,2,0,0,5.15086695718868,4.13589470088482,3.36890167556703,"equal","equal","equal","equal","equal","equal","equal","equal","equal","equal","larger","larger","equal","equal","equal","equal","equal","larger","equal","equal","equal","equal","equal","equal","equal","equal","equal","equal","equal","equal","equal","equal","equal","equal","equal","equal","equal","equal","equal","equal","equal","equal","equal","equal","equal","equal","equal","equal","equal","equal","equal","equal","equal","equal","equal","equal","equal","equal","equal","equal","equal","equal","equal","equal","equal","equal","equal","equal","equal","equal","equal","equal","equal","equal","equal","equal","equal","equal","equal","equal","equal","equal","equal","equal","equal","equal","larger","equal","larger","larger","equal","equal","equal","larger","larger","larger","equal","equal","equal","larger","larger","larger","equal","equal","equal","larger","larger","larger","equal","equal","equal","larger","larger","larger","equal","equal","equal","larger","larger","larger","equal","equal","larger","larger","larger","larger","equal","equal","larger","larger","larger","larger","equal","larger","larger","larger","larger","larger","equal","larger","larger","larger","larger","larger","equal","larger","larger","equal","larger","larger","equal","larger","larger","equal","larger","larger","equal","larger","larger","equal","larger","larger","equal","larger","larger","equal","larger","larger"
10,"GP","unreliable","exp1a_s10_GP_u","G","P",1,2,1,0.86360943990611,1.46307205639036,1.60807875130557,1,0,0,0.86360943990611,1,1,1,1,0,0.86360943990611,1.46307205639036,1.5,1,1,1,0.86360943990611,1.46307205639036,1.60807875130557,1,2,1,0.86360943990611,1.46307205639036,1.60807875130557,2,2,1,0.86360943990611,1.46307205639036,1.60807875130557,2,2,1,0.86360943990611,1.46307205639036,1.60807875130557,3,2,1,0.86360943990611,1.46307205639036,1.60807875130557,3,2,1,0.86360943990611,1.46307205639036,1.60807875130557,3,2,1,0.86360943990611,1.46307205639036,1.60807875130557,3,2,1,0.86360943990611,1.46307205639036,1.60807875130557,3,2,1,0.86360943990611,1.46307205639036,1.60807875130557,3,3,1,0.86360943990611,1.46307205639036,1.60807875130557,3,3,1,0.86360943990611,1.46307205639036,1.60807875130557,2,0,0,4.35043845687887,0.766993025317788,3.36890167556703,0,0,0,1,1,1,0,0,0,1.5,1.5,1.5,0,0,0,2,2,2,0,0,0,2.5,2.5,2.5,0,0,0,3,3,3,0,0,0,3.5,3.5,3.36890167556703,0,0,0,4,4,3.36890167556703,1,0,0,4.35043845687887,4.13589470088482,3.36890167556703,1,0,0,4.35043845687887,4.13589470088482,3.36890167556703,2,0,0,4.35043845687887,4.13589470088482,3.36890167556703,2,0,0,4.35043845687887,4.13589470088482,3.36890167556703,2,0,0,4.35043845687887,4.13589470088482,3.36890167556703,3,0,0,4.35043845687887,4.13589470088482,3.36890167556703,"equal","equal","equal","equal","equal","equal","equal","equal","equal","equal","larger","larger","equal","equal","equal","equal","equal","larger","equal","equal","equal","equal","equal","equal","equal","equal","equal","equal","equal","equal","equal","equal","equal","equal","equal","equal","equal","equal","equal","equal","equal","equal","equal","equal","equal","equal","equal","equal","equal","equal","equal","equal","equal","equal","equal","equal","equal","equal","equal","equal","equal","equal","equal","equal","equal","equal","equal","equal","equal","equal","equal","equal","equal","equal","equal","equal","equal","equal","equal","equal","equal","equal","equal","equal","equal","equal","larger","equal","larger","larger","equal","equal","equal","larger","larger","larger","equal","equal","equal","larger","larger","larger","equal","equal","equal","larger","larger","larger","equal","equal","equal","larger","larger","larger","equal","equal","equal","larger","larger","larger","equal","equal","larger","larger","larger","larger","equal","equal","larger","larger","larger","larger","equal","larger","larger","equal","larger","larger","equal","larger","larger","equal","larger","larger","equal","larger","larger","equal","larger","larger","equal","larger","larger","equal","larger","larger","equal","larger","larger","equal","larger","larger","equal","larger","larger","equal","larger","larger"
10,"NG","reliable","exp1a_s10_NG_r","N","G",0,1,1,1.40411553904414,2.66436840487734,2.75286422351672,0,0,0,1,1,1,0,0,0,1.5,1.5,1.5,0,0,0,2,2,2,0,0,0,2.5,2.5,2.5,0,1,1,3,2.66436840487734,2.75286422351672,0,1,1,3.5,2.66436840487734,2.75286422351672,0,1,1,4,2.66436840487734,2.75286422351672,1,1,1,4.06848394392149,2.66436840487734,2.75286422351672,1,1,2,4.06848394392149,2.66436840487734,2.75286422351672,1,1,3,4.06848394392149,2.66436840487734,2.75286422351672,1,1,3,4.06848394392149,2.66436840487734,2.75286422351672,1,1,3,4.06848394392149,2.66436840487734,2.75286422351672,1,1,3,4.06848394392149,2.66436840487734,2.75286422351672,2,0,3,0.90993057747895,0.766993025317788,0.591353340388562,1,0,1,0.90993057747895,1,0.591353340388562,1,1,2,0.90993057747895,1.35834636570635,0.591353340388562,1,2,2,0.90993057747895,1.35834636570635,0.591353340388562,1,2,2,0.90993057747895,1.35834636570635,0.591353340388562,1,2,2,0.90993057747895,1.35834636570635,0.591353340388562,1,2,3,0.90993057747895,1.35834636570635,0.591353340388562,1,3,3,0.90993057747895,1.35834636570635,0.591353340388562,1,3,3,0.90993057747895,1.35834636570635,0.591353340388562,1,3,3,0.90993057747895,1.35834636570635,0.591353340388562,2,3,3,0.90993057747895,1.35834636570635,0.591353340388562,2,3,3,0.90993057747895,1.35834636570635,0.591353340388562,2,3,3,0.90993057747895,1.35834636570635,0.591353340388562,2,3,3,0.90993057747895,1.35834636570635,0.591353340388562,"equal","equal","equal","larger","equal","equal","equal","equal","equal","larger","larger","larger","equal","equal","equal","larger","larger","larger","equal","equal","equal","larger","larger","larger","equal","equal","equal","larger","larger","larger","equal","equal","equal","larger","equal","equal","equal","equal","equal","larger","equal","equal","equal","equal","equal","larger","equal","equal","equal","equal","equal","equal","equal","equal","equal","equal","equal","equal","equal","equal","equal","equal","equal","equal","equal","equal","equal","equal","equal","equal","equal","equal","equal","equal","equal","equal","equal","equal","equal","equal","equal","equal","equal","equal","equal","equal","larger","equal","larger","equal","equal","equal","equal","equal","larger","equal","equal","equal","equal","equal","equal","equal","equal","equal","equal","equal","equal","equal","equal","equal","equal","equal","equal","equal","equal","equal","equal","equal","equal","equal","equal","equal","larger","equal","equal","equal","equal","equal","larger","equal","equal","equal","equal","larger","larger","equal","equal","equal","equal","larger","larger","equal","equal","equal","equal","larger","larger","equal","equal","equal","equal","larger","larger","equal","equal","equal","equal","larger","larger","equal","equal","equal","equal","larger","larger","equal","equal","equal"
10,"NG","unreliable","exp1a_s10_NG_u","N","G",0,1,0,1.40411553904414,2.33591076847424,3.48603679332882,0,0,0,1,1,1,0,0,0,1.5,1.5,1.5,0,0,0,2,2,2,0,1,0,2.5,2.33591076847424,2.5,0,1,0,3,2.33591076847424,3,0,1,0,3.5,2.33591076847424,3.5,1,1,0,3.74002630751838,2.33591076847424,4,1,1,0,3.74002630751838,2.33591076847424,4.5,1,1,1,3.74002630751838,2.33591076847424,4.84438315903517,1,1,2,3.74002630751838,2.33591076847424,4.84438315903517,1,1,2,3.74002630751838,2.33591076847424,4.84438315903517,1,1,3,3.74002630751838,2.33591076847424,4.84438315903517,1,1,3,3.74002630751838,2.33591076847424,4.84438315903517,3,0,3,0.90993057747895,0.766993025317788,0.591353340388562,1,0,1,0.90993057747895,1,0.591353340388562,1,1,2,0.90993057747895,1.35834636570635,0.591353340388562,1,2,2,0.90993057747895,1.35834636570635,0.591353340388562,1,2,3,0.90993057747895,1.35834636570635,0.591353340388562,1,3,3,0.90993057747895,1.35834636570635,0.591353340388562,1,3,3,0.90993057747895,1.35834636570635,0.591353340388562,1,3,3,0.90993057747895,1.35834636570635,0.591353340388562,2,3,3,0.90993057747895,1.35834636570635,0.591353340388562,2,3,3,0.90993057747895,1.35834636570635,0.591353340388562,3,3,3,0.90993057747895,1.35834636570635,0.591353340388562,3,3,3,0.90993057747895,1.35834636570635,0.591353340388562,3,3,3,0.90993057747895,1.35834636570635,0.591353340388562,3,3,3,0.90993057747895,1.35834636570635,0.591353340388562,"equal","equal","equal","larger","equal","larger","equal","equal","equal","larger","larger","larger","equal","equal","equal","larger","larger","larger","equal","equal","equal","larger","larger","larger","equal","equal","equal","larger","equal","larger","equal","equal","equal","larger","equal","larger","equal","equal","equal","larger","equal","larger","equal","equal","equal","equal","equal","larger","equal","equal","equal","equal","equal","larger","equal","equal","equal","equal","equal","equal","equal","equal","equal","equal","equal","equal","equal","equal","equal","equal","equal","equal","equal","equal","equal","equal","equal","equal","equal","equal","equal","equal","equal","equal","equal","equal","larger","equal","larger","equal","equal","equal","equal","equal","larger","equal","equal","equal","equal","equal","equal","equal","equal","equal","equal","equal","equal","equal","equal","equal","equal","equal","equal","equal","equal","equal","equal","equal","equal","equal","equal","equal","larger","equal","equal","equal","equal","equal","larger","equal","equal","equal","equal","larger","larger","equal","equal","equal","equal","larger","larger","equal","equal","equal","equal","larger","larger","equal","equal","equal","equal","larger","larger","equal","equal","equal","equal","larger","larger","equal","equal","equal","equal","larger","larger","equal","equal","equal"
10,"NN","reliable","exp1a_s10_NN_r","N","N",0,1,1,1.40411553904414,2.66436840487734,2.75286422351672,0,0,0,1,1,1,0,0,0,1.5,1.5,1.5,0,0,0,2,2,2,0,0,0,2.5,2.5,2.5,0,1,1,3,2.66436840487734,2.75286422351672,0,1,1,3.5,2.66436840487734,2.75286422351672,0,1,1,4,2.66436840487734,2.75286422351672,1,1,1,4.06848394392149,2.66436840487734,2.75286422351672,1,1,1,4.06848394392149,2.66436840487734,2.75286422351672,1,1,1,4.06848394392149,2.66436840487734,2.75286422351672,1,1,1,4.06848394392149,2.66436840487734,2.75286422351672,1,1,1,4.06848394392149,2.66436840487734,2.75286422351672,1,1,1,4.06848394392149,2.66436840487734,2.75286422351672,1,0,1,5.15086695718868,0.766993025317788,3.17874406164478,0,0,0,1,1,1,0,0,0,1.5,1.5,1.5,0,0,0,2,2,2,0,0,0,2.5,2.5,2.5,0,0,0,3,3,3,0,0,1,3.5,3.5,3.17874406164478,0,1,1,4,3.94573708696257,3.17874406164478,0,1,1,4.5,3.94573708696257,3.17874406164478,0,1,1,5,3.94573708696257,3.17874406164478,1,1,1,5.15086695718868,3.94573708696257,3.17874406164478,1,1,1,5.15086695718868,3.94573708696257,3.17874406164478,1,1,1,5.15086695718868,3.94573708696257,3.17874406164478,1,1,1,5.15086695718868,3.94573708696257,3.17874406164478,"equal","equal","equal","larger","equal","equal","equal","equal","equal","larger","larger","larger","equal","equal","equal","larger","larger","larger","equal","equal","equal","larger","larger","larger","equal","equal","equal","larger","larger","larger","equal","equal","equal","larger","equal","equal","equal","equal","equal","larger","equal","equal","equal","equal","equal","larger","equal","equal","equal","equal","equal","equal","equal","equal","equal","equal","equal","equal","equal","equal","equal","equal","equal","equal","equal","equal","equal","equal","equal","equal","equal","equal","equal","equal","equal","equal","equal","equal","equal","equal","equal","equal","equal","equal","equal","equal","larger","equal","larger","equal","equal","equal","equal","larger","larger","larger","equal","equal","equal","larger","larger","larger","equal","equal","equal","larger","larger","larger","equal","equal","equal","larger","larger","larger","equal","equal","equal","larger","larger","larger","equal","equal","larger","larger","larger","equal","equal","equal","larger","larger","equal","equal","equal","larger","larger","larger","equal","equal","equal","larger","larger","larger","equal","equal","equal","larger","larger","equal","equal","equal","equal","larger","larger","equal","equal","equal","equal","larger","larger","equal","equal","equal","equal","larger","larger","equal","equal","equal"
10,"NN","unreliable","exp1a_s10_NN_u","N","N",0,1,0,1.40411553904414,2.33591076847424,3.48603679332882,0,0,0,1,1,1,0,0,0,1.5,1.5,1.5,0,0,0,2,2,2,0,1,0,2.5,2.33591076847424,2.5,0,1,0,3,2.33591076847424,3,0,1,0,3.5,2.33591076847424,3.5,1,1,0,3.74002630751838,2.33591076847424,4,1,1,0,3.74002630751838,2.33591076847424,4.5,1,1,0,3.74002630751838,2.33591076847424,5,1,1,0,3.74002630751838,2.33591076847424,5.5,1,1,0,3.74002630751838,2.33591076847424,6,1,1,1,3.74002630751838,2.33591076847424,6.31077939661498,1,1,1,3.74002630751838,2.33591076847424,6.31077939661498,2,0,1,4.35043845687887,0.766993025317788,2.05774957796837,0,0,0,1,1,1,0,0,0,1.5,1.5,1.5,0,0,0,2,2,2,0,0,1,2.5,2.5,2.05774957796837,0,1,1,3,2.82474260328616,2.05774957796837,0,1,1,3.5,2.82474260328616,2.05774957796837,0,1,1,4,2.82474260328616,2.05774957796837,1,1,1,4.35043845687887,2.82474260328616,2.05774957796837,1,1,1,4.35043845687887,2.82474260328616,2.05774957796837,2,1,1,4.35043845687887,2.82474260328616,2.05774957796837,2,1,1,4.35043845687887,2.82474260328616,2.05774957796837,2,1,1,4.35043845687887,2.82474260328616,2.05774957796837,2,1,1,4.35043845687887,2.82474260328616,2.05774957796837,"equal","equal","equal","larger","equal","larger","equal","equal","equal","larger","larger","larger","equal","equal","equal","larger","larger","larger","equal","equal","equal","larger","larger","larger","equal","equal","equal","larger","equal","larger","equal","equal","equal","larger","equal","larger","equal","equal","equal","larger","equal","larger","equal","equal","equal","equal","equal","larger","equal","equal","equal","equal","equal","larger","equal","equal","equal","equal","equal","larger","equal","equal","equal","equal","equal","larger","equal","equal","equal","equal","equal","larger","equal","equal","equal","equal","equal","equal","equal","equal","equal","equal","equal","equal","equal","equal","larger","equal","larger","equal","equal","equal","equal","larger","larger","larger","equal","equal","equal","larger","larger","larger","equal","equal","equal","larger","larger","larger","equal","equal","equal","larger","larger","equal","equal","equal","equal","larger","equal","equal","equal","equal","larger","larger","equal","equal","equal","equal","larger","larger","equal","equal","equal","larger","larger","equal","equal","equal","equal","larger","larger","equal","equal","equal","equal","larger","larger","equal","equal","equal","equal","larger","larger","equal","equal","equal","equal","larger","larger","equal","equal","equal","equal","larger","larger","equal","equal","equal"
10,"NP","reliable","exp1a_s10_NP_r","N","P",0,1,1,1.40411553904414,2.66436840487734,2.75286422351672,0,0,0,1,1,1,0,0,0,1.5,1.5,1.5,0,0,0,2,2,2,0,0,0,2.5,2.5,2.5,0,1,1,3,2.66436840487734,2.75286422351672,0,1,1,3.5,2.66436840487734,2.75286422351672,0,1,1,4,2.66436840487734,2.75286422351672,1,1,1,4.06848394392149,2.66436840487734,2.75286422351672,1,1,1,4.06848394392149,2.66436840487734,2.75286422351672,1,1,1,4.06848394392149,2.66436840487734,2.75286422351672,1,1,1,4.06848394392149,2.66436840487734,2.75286422351672,1,1,1,4.06848394392149,2.66436840487734,2.75286422351672,1,1,1,4.06848394392149,2.66436840487734,2.75286422351672,1,0,0,5.15086695718868,0.766993025317788,3.36890167556703,0,0,0,1,1,1,0,0,0,1.5,1.5,1.5,0,0,0,2,2,2,0,0,0,2.5,2.5,2.5,0,0,0,3,3,3,0,0,0,3.5,3.5,3.36890167556703,0,0,0,4,4,3.36890167556703,0,0,0,4.5,4.13589470088482,3.36890167556703,0,0,0,5,4.13589470088482,3.36890167556703,1,0,0,5.15086695718868,4.13589470088482,3.36890167556703,1,0,0,5.15086695718868,4.13589470088482,3.36890167556703,1,0,0,5.15086695718868,4.13589470088482,3.36890167556703,1,0,0,5.15086695718868,4.13589470088482,3.36890167556703,"equal","equal","equal","larger","equal","equal","equal","equal","equal","larger","larger","larger","equal","equal","equal","larger","larger","larger","equal","equal","equal","larger","larger","larger","equal","equal","equal","larger","larger","larger","equal","equal","equal","larger","equal","equal","equal","equal","equal","larger","equal","equal","equal","equal","equal","larger","equal","equal","equal","equal","equal","equal","equal","equal","equal","equal","equal","equal","equal","equal","equal","equal","equal","equal","equal","equal","equal","equal","equal","equal","equal","equal","equal","equal","equal","equal","equal","equal","equal","equal","equal","equal","equal","equal","equal","equal","larger","equal","larger","larger","equal","equal","equal","larger","larger","larger","equal","equal","equal","larger","larger","larger","equal","equal","equal","larger","larger","larger","equal","equal","equal","larger","larger","larger","equal","equal","equal","larger","larger","larger","equal","equal","larger","larger","larger","larger","equal","equal","larger","larger","larger","larger","equal","larger","larger","larger","larger","larger","equal","larger","larger","larger","larger","larger","equal","larger","larger","equal","larger","larger","equal","larger","larger","equal","larger","larger","equal","larger","larger","equal","larger","larger","equal","larger","larger","equal","larger","larger"
10,"NP","unreliable","exp1a_s10_NP_u","N","P",0,1,0,1.40411553904414,2.33591076847424,3.48603679332882,0,0,0,1,1,1,0,0,0,1.5,1.5,1.5,0,0,0,2,2,2,0,1,0,2.5,2.33591076847424,2.5,0,1,0,3,2.33591076847424,3,0,1,0,3.5,2.33591076847424,3.5,1,1,0,3.74002630751838,2.33591076847424,4,1,1,0,3.74002630751838,2.33591076847424,4.5,1,1,0,3.74002630751838,2.33591076847424,5,1,1,0,3.74002630751838,2.33591076847424,5.5,1,1,0,3.74002630751838,2.33591076847424,6,1,1,0,3.74002630751838,2.33591076847424,6.5,1,1,0,3.74002630751838,2.33591076847424,7,2,0,0,4.35043845687887,0.766993025317788,3.36890167556703,0,0,0,1,1,1,0,0,0,1.5,1.5,1.5,0,0,0,2,2,2,0,0,0,2.5,2.5,2.5,0,0,0,3,3,3,0,0,0,3.5,3.5,3.36890167556703,0,0,0,4,4,3.36890167556703,1,0,0,4.35043845687887,4.13589470088482,3.36890167556703,1,0,0,4.35043845687887,4.13589470088482,3.36890167556703,2,0,0,4.35043845687887,4.13589470088482,3.36890167556703,2,0,0,4.35043845687887,4.13589470088482,3.36890167556703,2,0,0,4.35043845687887,4.13589470088482,3.36890167556703,2,0,0,4.35043845687887,4.13589470088482,3.36890167556703,"equal","equal","equal","larger","equal","larger","equal","equal","equal","larger","larger","larger","equal","equal","equal","larger","larger","larger","equal","equal","equal","larger","larger","larger","equal","equal","equal","larger","equal","larger","equal","equal","equal","larger","equal","larger","equal","equal","equal","larger","equal","larger","equal","equal","equal","equal","equal","larger","equal","equal","equal","equal","equal","larger","equal","equal","equal","equal","equal","larger","equal","equal","equal","equal","equal","larger","equal","equal","equal","equal","equal","larger","equal","equal","equal","equal","equal","larger","equal","equal","equal","equal","equal","larger","equal","equal","larger","equal","larger","larger","equal","equal","equal","larger","larger","larger","equal","equal","equal","larger","larger","larger","equal","equal","equal","larger","larger","larger","equal","equal","equal","larger","larger","larger","equal","equal","equal","larger","larger","larger","equal","equal","larger","larger","larger","larger","equal","equal","larger","larger","larger","larger","equal","larger","larger","equal","larger","larger","equal","larger","larger","equal","larger","larger","equal","larger","larger","equal","larger","larger","equal","larger","larger","equal","larger","larger","equal","larger","larger","equal","larger","larger","equal","larger","larger","equal","larger","larger"
10,"PG","reliable","exp1a_s10_PG_r","P","G",0,0,1,1.40411553904414,4.43679212592542,2.75286422351672,0,0,0,1,1,1,0,0,0,1.5,1.5,1.5,0,0,0,2,2,2,0,0,0,2.5,2.5,2.5,0,0,1,3,3,2.75286422351672,0,0,1,3.5,3.5,2.75286422351672,0,0,1,4,4,2.75286422351672,0,0,1,4.5,4.5,2.75286422351672,0,0,2,5,5,2.75286422351672,0,0,3,5.5,5.5,2.75286422351672,0,0,3,6,6,2.75286422351672,0,0,3,6.5,6.5,2.75286422351672,0,0,3,7,7,2.75286422351672,2,0,3,0.90993057747895,0.766993025317788,0.591353340388562,1,0,1,0.90993057747895,1,0.591353340388562,1,1,2,0.90993057747895,1.35834636570635,0.591353340388562,1,2,2,0.90993057747895,1.35834636570635,0.591353340388562,1,2,2,0.90993057747895,1.35834636570635,0.591353340388562,1,2,2,0.90993057747895,1.35834636570635,0.591353340388562,1,2,3,0.90993057747895,1.35834636570635,0.591353340388562,1,3,3,0.90993057747895,1.35834636570635,0.591353340388562,1,3,3,0.90993057747895,1.35834636570635,0.591353340388562,1,3,3,0.90993057747895,1.35834636570635,0.591353340388562,2,3,3,0.90993057747895,1.35834636570635,0.591353340388562,2,3,3,0.90993057747895,1.35834636570635,0.591353340388562,2,3,3,0.90993057747895,1.35834636570635,0.591353340388562,2,3,3,0.90993057747895,1.35834636570635,0.591353340388562,"equal","equal","equal","larger","larger","equal","equal","equal","equal","larger","larger","larger","equal","equal","equal","larger","larger","larger","equal","equal","equal","larger","larger","larger","equal","equal","equal","larger","larger","larger","equal","equal","equal","larger","larger","equal","equal","equal","equal","larger","larger","equal","equal","equal","equal","larger","larger","equal","equal","equal","equal","larger","larger","equal","equal","equal","equal","larger","larger","equal","equal","equal","equal","larger","larger","equal","equal","equal","equal","larger","larger","equal","equal","equal","equal","larger","larger","equal","equal","equal","equal","larger","larger","equal","equal","equal","larger","equal","larger","equal","equal","equal","equal","equal","larger","equal","equal","equal","equal","equal","equal","equal","equal","equal","equal","equal","equal","equal","equal","equal","equal","equal","equal","equal","equal","equal","equal","equal","equal","equal","equal","equal","larger","equal","equal","equal","equal","equal","larger","equal","equal","equal","equal","larger","larger","equal","equal","equal","equal","larger","larger","equal","equal","equal","equal","larger","larger","equal","equal","equal","equal","larger","larger","equal","equal","equal","equal","larger","larger","equal","equal","equal","equal","larger","larger","equal","equal","equal"
10,"PG","unreliable","exp1a_s10_PG_u","P","G",0,0,0,1.40411553904414,4.43679212592542,3.48603679332882,0,0,0,1,1,1,0,0,0,1.5,1.5,1.5,0,0,0,2,2,2,0,0,0,2.5,2.5,2.5,0,0,0,3,3,3,0,0,0,3.5,3.5,3.5,0,0,0,4,4,4,0,0,0,4.5,4.5,4.5,0,0,1,5,5,4.84438315903517,0,0,2,5.5,5.5,4.84438315903517,0,0,2,6,6,4.84438315903517,0,0,3,6.5,6.5,4.84438315903517,0,0,3,7,7,4.84438315903517,3,0,3,0.90993057747895,0.766993025317788,0.591353340388562,1,0,1,0.90993057747895,1,0.591353340388562,1,1,2,0.90993057747895,1.35834636570635,0.591353340388562,1,2,2,0.90993057747895,1.35834636570635,0.591353340388562,1,2,3,0.90993057747895,1.35834636570635,0.591353340388562,1,3,3,0.90993057747895,1.35834636570635,0.591353340388562,1,3,3,0.90993057747895,1.35834636570635,0.591353340388562,1,3,3,0.90993057747895,1.35834636570635,0.591353340388562,2,3,3,0.90993057747895,1.35834636570635,0.591353340388562,2,3,3,0.90993057747895,1.35834636570635,0.591353340388562,3,3,3,0.90993057747895,1.35834636570635,0.591353340388562,3,3,3,0.90993057747895,1.35834636570635,0.591353340388562,3,3,3,0.90993057747895,1.35834636570635,0.591353340388562,3,3,3,0.90993057747895,1.35834636570635,0.591353340388562,"equal","equal","equal","larger","larger","larger","equal","equal","equal","larger","larger","larger","equal","equal","equal","larger","larger","larger","equal","equal","equal","larger","larger","larger","equal","equal","equal","larger","larger","larger","equal","equal","equal","larger","larger","larger","equal","equal","equal","larger","larger","larger","equal","equal","equal","larger","larger","larger","equal","equal","equal","larger","larger","larger","equal","equal","equal","larger","larger","equal","equal","equal","equal","larger","larger","equal","equal","equal","equal","larger","larger","equal","equal","equal","equal","larger","larger","equal","equal","equal","equal","larger","larger","equal","equal","equal","larger","equal","larger","equal","equal","equal","equal","equal","larger","equal","equal","equal","equal","equal","equal","equal","equal","equal","equal","equal","equal","equal","equal","equal","equal","equal","equal","equal","equal","equal","equal","equal","equal","equal","equal","equal","larger","equal","equal","equal","equal","equal","larger","equal","equal","equal","equal","larger","larger","equal","equal","equal","equal","larger","larger","equal","equal","equal","equal","larger","larger","equal","equal","equal","equal","larger","larger","equal","equal","equal","equal","larger","larger","equal","equal","equal","equal","larger","larger","equal","equal","equal"
10,"PN","reliable","exp1a_s10_PN_r","P","N",0,0,1,1.40411553904414,4.43679212592542,2.75286422351672,0,0,0,1,1,1,0,0,0,1.5,1.5,1.5,0,0,0,2,2,2,0,0,0,2.5,2.5,2.5,0,0,1,3,3,2.75286422351672,0,0,1,3.5,3.5,2.75286422351672,0,0,1,4,4,2.75286422351672,0,0,1,4.5,4.5,2.75286422351672,0,0,1,5,5,2.75286422351672,0,0,1,5.5,5.5,2.75286422351672,0,0,1,6,6,2.75286422351672,0,0,1,6.5,6.5,2.75286422351672,0,0,1,7,7,2.75286422351672,1,0,1,5.15086695718868,0.766993025317788,3.17874406164478,0,0,0,1,1,1,0,0,0,1.5,1.5,1.5,0,0,0,2,2,2,0,0,0,2.5,2.5,2.5,0,0,0,3,3,3,0,0,1,3.5,3.5,3.17874406164478,0,1,1,4,3.94573708696257,3.17874406164478,0,1,1,4.5,3.94573708696257,3.17874406164478,0,1,1,5,3.94573708696257,3.17874406164478,1,1,1,5.15086695718868,3.94573708696257,3.17874406164478,1,1,1,5.15086695718868,3.94573708696257,3.17874406164478,1,1,1,5.15086695718868,3.94573708696257,3.17874406164478,1,1,1,5.15086695718868,3.94573708696257,3.17874406164478,"equal","equal","equal","larger","larger","equal","equal","equal","equal","larger","larger","larger","equal","equal","equal","larger","larger","larger","equal","equal","equal","larger","larger","larger","equal","equal","equal","larger","larger","larger","equal","equal","equal","larger","larger","equal","equal","equal","equal","larger","larger","equal","equal","equal","equal","larger","larger","equal","equal","equal","equal","larger","larger","equal","equal","equal","equal","larger","larger","equal","equal","equal","equal","larger","larger","equal","equal","equal","equal","larger","larger","equal","equal","equal","equal","larger","larger","equal","equal","equal","equal","larger","larger","equal","equal","equal","larger","equal","larger","equal","equal","equal","equal","larger","larger","larger","equal","equal","equal","larger","larger","larger","equal","equal","equal","larger","larger","larger","equal","equal","equal","larger","larger","larger","equal","equal","equal","larger","larger","larger","equal","equal","larger","larger","larger","equal","equal","equal","larger","larger","equal","equal","equal","larger","larger","larger","equal","equal","equal","larger","larger","larger","equal","equal","equal","larger","larger","equal","equal","equal","equal","larger","larger","equal","equal","equal","equal","larger","larger","equal","equal","equal","equal","larger","larger","equal","equal","equal"
10,"PN","unreliable","exp1a_s10_PN_u","P","N",0,0,0,1.40411553904414,4.43679212592542,3.48603679332882,0,0,0,1,1,1,0,0,0,1.5,1.5,1.5,0,0,0,2,2,2,0,0,0,2.5,2.5,2.5,0,0,0,3,3,3,0,0,0,3.5,3.5,3.5,0,0,0,4,4,4,0,0,0,4.5,4.5,4.5,0,0,0,5,5,5,0,0,0,5.5,5.5,5.5,0,0,0,6,6,6,0,0,1,6.5,6.5,6.31077939661498,0,0,1,7,7,6.31077939661498,2,0,1,4.35043845687887,0.766993025317788,2.05774957796837,0,0,0,1,1,1,0,0,0,1.5,1.5,1.5,0,0,0,2,2,2,0,0,1,2.5,2.5,2.05774957796837,0,1,1,3,2.82474260328616,2.05774957796837,0,1,1,3.5,2.82474260328616,2.05774957796837,0,1,1,4,2.82474260328616,2.05774957796837,1,1,1,4.35043845687887,2.82474260328616,2.05774957796837,1,1,1,4.35043845687887,2.82474260328616,2.05774957796837,2,1,1,4.35043845687887,2.82474260328616,2.05774957796837,2,1,1,4.35043845687887,2.82474260328616,2.05774957796837,2,1,1,4.35043845687887,2.82474260328616,2.05774957796837,2,1,1,4.35043845687887,2.82474260328616,2.05774957796837,"equal","equal","equal","larger","larger","larger","equal","equal","equal","larger","larger","larger","equal","equal","equal","larger","larger","larger","equal","equal","equal","larger","larger","larger","equal","equal","equal","larger","larger","larger","equal","equal","equal","larger","larger","larger","equal","equal","equal","larger","larger","larger","equal","equal","equal","larger","larger","larger","equal","equal","equal","larger","larger","larger","equal","equal","equal","larger","larger","larger","equal","equal","equal","larger","larger","larger","equal","equal","equal","larger","larger","larger","equal","equal","equal","larger","larger","equal","equal","equal","equal","larger","larger","equal","equal","equal","larger","equal","larger","equal","equal","equal","equal","larger","larger","larger","equal","equal","equal","larger","larger","larger","equal","equal","equal","larger","larger","larger","equal","equal","equal","larger","larger","equal","equal","equal","equal","larger","equal","equal","equal","equal","larger","larger","equal","equal","equal","equal","larger","larger","equal","equal","equal","larger","larger","equal","equal","equal","equal","larger","larger","equal","equal","equal","equal","larger","larger","equal","equal","equal","equal","larger","larger","equal","equal","equal","equal","larger","larger","equal","equal","equal","equal","larger","larger","equal","equal","equal"
10,"PP","reliable","exp1a_s10_PP_r","P","P",0,0,1,1.40411553904414,4.43679212592542,2.75286422351672,0,0,0,1,1,1,0,0,0,1.5,1.5,1.5,0,0,0,2,2,2,0,0,0,2.5,2.5,2.5,0,0,1,3,3,2.75286422351672,0,0,1,3.5,3.5,2.75286422351672,0,0,1,4,4,2.75286422351672,0,0,1,4.5,4.5,2.75286422351672,0,0,1,5,5,2.75286422351672,0,0,1,5.5,5.5,2.75286422351672,0,0,1,6,6,2.75286422351672,0,0,1,6.5,6.5,2.75286422351672,0,0,1,7,7,2.75286422351672,1,0,0,5.15086695718868,0.766993025317788,3.36890167556703,0,0,0,1,1,1,0,0,0,1.5,1.5,1.5,0,0,0,2,2,2,0,0,0,2.5,2.5,2.5,0,0,0,3,3,3,0,0,0,3.5,3.5,3.36890167556703,0,0,0,4,4,3.36890167556703,0,0,0,4.5,4.13589470088482,3.36890167556703,0,0,0,5,4.13589470088482,3.36890167556703,1,0,0,5.15086695718868,4.13589470088482,3.36890167556703,1,0,0,5.15086695718868,4.13589470088482,3.36890167556703,1,0,0,5.15086695718868,4.13589470088482,3.36890167556703,1,0,0,5.15086695718868,4.13589470088482,3.36890167556703,"equal","equal","equal","larger","larger","equal","equal","equal","equal","larger","larger","larger","equal","equal","equal","larger","larger","larger","equal","equal","equal","larger","larger","larger","equal","equal","equal","larger","larger","larger","equal","equal","equal","larger","larger","equal","equal","equal","equal","larger","larger","equal","equal","equal","equal","larger","larger","equal","equal","equal","equal","larger","larger","equal","equal","equal","equal","larger","larger","equal","equal","equal","equal","larger","larger","equal","equal","equal","equal","larger","larger","equal","equal","equal","equal","larger","larger","equal","equal","equal","equal","larger","larger","equal","equal","equal","larger","equal","larger","larger","equal","equal","equal","larger","larger","larger","equal","equal","equal","larger","larger","larger","equal","equal","equal","larger","larger","larger","equal","equal","equal","larger","larger","larger","equal","equal","equal","larger","larger","larger","equal","equal","larger","larger","larger","larger","equal","equal","larger","larger","larger","larger","equal","larger","larger","larger","larger","larger","equal","larger","larger","larger","larger","larger","equal","larger","larger","equal","larger","larger","equal","larger","larger","equal","larger","larger","equal","larger","larger","equal","larger","larger","equal","larger","larger","equal","larger","larger"
10,"PP","unreliable","exp1a_s10_PP_u","P","P",0,0,0,1.40411553904414,4.43679212592542,3.48603679332882,0,0,0,1,1,1,0,0,0,1.5,1.5,1.5,0,0,0,2,2,2,0,0,0,2.5,2.5,2.5,0,0,0,3,3,3,0,0,0,3.5,3.5,3.5,0,0,0,4,4,4,0,0,0,4.5,4.5,4.5,0,0,0,5,5,5,0,0,0,5.5,5.5,5.5,0,0,0,6,6,6,0,0,0,6.5,6.5,6.5,0,0,0,7,7,7,2,0,0,4.35043845687887,0.766993025317788,3.36890167556703,0,0,0,1,1,1,0,0,0,1.5,1.5,1.5,0,0,0,2,2,2,0,0,0,2.5,2.5,2.5,0,0,0,3,3,3,0,0,0,3.5,3.5,3.36890167556703,0,0,0,4,4,3.36890167556703,1,0,0,4.35043845687887,4.13589470088482,3.36890167556703,1,0,0,4.35043845687887,4.13589470088482,3.36890167556703,2,0,0,4.35043845687887,4.13589470088482,3.36890167556703,2,0,0,4.35043845687887,4.13589470088482,3.36890167556703,2,0,0,4.35043845687887,4.13589470088482,3.36890167556703,2,0,0,4.35043845687887,4.13589470088482,3.36890167556703,"equal","equal","equal","larger","larger","larger","equal","equal","equal","larger","larger","larger","equal","equal","equal","larger","larger","larger","equal","equal","equal","larger","larger","larger","equal","equal","equal","larger","larger","larger","equal","equal","equal","larger","larger","larger","equal","equal","equal","larger","larger","larger","equal","equal","equal","larger","larger","larger","equal","equal","equal","larger","larger","larger","equal","equal","equal","larger","larger","larger","equal","equal","equal","larger","larger","larger","equal","equal","equal","larger","larger","larger","equal","equal","equal","larger","larger","larger","equal","equal","equal","larger","larger","larger","equal","equal","larger","equal","larger","larger","equal","equal","equal","larger","larger","larger","equal","equal","equal","larger","larger","larger","equal","equal","equal","larger","larger","larger","equal","equal","equal","larger","larger","larger","equal","equal","equal","larger","larger","larger","equal","equal","larger","larger","larger","larger","equal","equal","larger","larger","larger","larger","equal","larger","larger","equal","larger","larger","equal","larger","larger","equal","larger","larger","equal","larger","larger","equal","larger","larger","equal","larger","larger","equal","larger","larger","equal","larger","larger","equal","larger","larger","equal","larger","larger","equal","larger","larger"
11,"GG","reliable","exp1a_s11_GG_r","G","G",3,2,2,0.626791204024783,1.04524295398341,0.453672715916984,1,0,1,0.626791204024783,1,0.453672715916984,2,1,1,0.626791204024783,1.04524295398341,0.453672715916984,2,2,2,0.626791204024783,1.04524295398341,0.453672715916984,2,2,2,0.626791204024783,1.04524295398341,0.453672715916984,2,2,2,0.626791204024783,1.04524295398341,0.453672715916984,2,2,2,0.626791204024783,1.04524295398341,0.453672715916984,3,2,3,0.626791204024783,1.04524295398341,0.453672715916984,3,2,3,0.626791204024783,1.04524295398341,0.453672715916984,3,3,3,0.626791204024783,1.04524295398341,0.453672715916984,3,3,4,0.626791204024783,1.04524295398341,0.453672715916984,3,4,4,0.626791204024783,1.04524295398341,0.453672715916984,3,4,4,0.626791204024783,1.04524295398341,0.453672715916984,3,4,4,0.626791204024783,1.04524295398341,0.453672715916984,0,1,2,0.730945382034406,1.66277584587545,0.634638374251555,0,0,1,1,1,0.634638374251555,1,0,1,1.35773658605919,1.5,0.634638374251555,2,1,1,1.35773658605919,1.66277584587545,0.634638374251555,2,1,2,1.35773658605919,1.66277584587545,0.634638374251555,2,2,2,1.35773658605919,1.66277584587545,0.634638374251555,2,2,2,1.35773658605919,1.66277584587545,0.634638374251555,2,3,2,1.35773658605919,1.66277584587545,0.634638374251555,3,3,2,1.35773658605919,1.66277584587545,0.634638374251555,3,3,2,1.35773658605919,1.66277584587545,0.634638374251555,3,3,2,1.35773658605919,1.66277584587545,0.634638374251555,3,4,2,1.35773658605919,1.66277584587545,0.634638374251555,3,4,2,1.35773658605919,1.66277584587545,0.634638374251555,3,4,2,1.35773658605919,1.66277584587545,0.634638374251555,"equal","equal","equal","equal","equal","equal","equal","equal","equal","equal","larger","equal","equal","equal","equal","equal","equal","equal","equal","equal","equal","equal","equal","equal","equal","equal","equal","equal","equal","equal","equal","equal","equal","equal","equal","equal","equal","equal","equal","equal","equal","equal","equal","equal","equal","equal","equal","equal","equal","equal","equal","equal","equal","equal","equal","equal","equal","equal","equal","equal","equal","equal","equal","equal","equal","equal","equal","equal","larger","equal","equal","equal","equal","equal","larger","equal","equal","equal","equal","equal","larger","equal","equal","equal","equal","equal","larger","larger","equal","equal","equal","equal","equal","larger","larger","equal","equal","equal","equal","equal","larger","equal","equal","equal","equal","equal","equal","equal","equal","equal","equal","equal","equal","equal","equal","equal","larger","equal","equal","equal","equal","equal","larger","equal","equal","equal","equal","equal","larger","equal","equal","equal","equal","equal","larger","equal","equal","equal","equal","equal","larger","equal","equal","equal","equal","equal","larger","equal","equal","equal","equal","equal","larger","equal","equal","equal","equal","equal","larger","equal","equal","equal","equal","equal","larger","equal","equal","equal"
11,"GG","unreliable","exp1a_s11_GG_u","G","G",2,2,1,0.626791204024783,1.04524295398341,1.53882183229003,1,0,0,0.626791204024783,1,1,2,1,0,0.626791204024783,1.04524295398341,1.5,2,2,1,0.626791204024783,1.04524295398341,1.53882183229003,2,2,1,0.626791204024783,1.04524295398341,1.53882183229003,2,2,1,0.626791204024783,1.04524295398341,1.53882183229003,2,2,1,0.626791204024783,1.04524295398341,1.53882183229003,2,2,2,0.626791204024783,1.04524295398341,1.53882183229003,2,2,2,0.626791204024783,1.04524295398341,1.53882183229003,2,3,2,0.626791204024783,1.04524295398341,1.53882183229003,2,3,3,0.626791204024783,1.04524295398341,1.53882183229003,2,3,3,0.626791204024783,1.04524295398341,1.53882183229003,2,3,3,0.626791204024783,1.04524295398341,1.53882183229003,2,3,3,0.626791204024783,1.04524295398341,1.53882183229003,0,1,2,0.730945382034406,1.66277584587545,0.634638374251555,0,0,1,1,1,0.634638374251555,1,0,1,1.35773658605919,1.5,0.634638374251555,2,1,1,1.35773658605919,1.66277584587545,0.634638374251555,2,1,2,1.35773658605919,1.66277584587545,0.634638374251555,2,1,2,1.35773658605919,1.66277584587545,0.634638374251555,2,1,2,1.35773658605919,1.66277584587545,0.634638374251555,2,2,2,1.35773658605919,1.66277584587545,0.634638374251555,2,2,2,1.35773658605919,1.66277584587545,0.634638374251555,2,2,2,1.35773658605919,1.66277584587545,0.634638374251555,2,2,2,1.35773658605919,1.66277584587545,0.634638374251555,2,3,2,1.35773658605919,1.66277584587545,0.634638374251555,2,3,2,1.35773658605919,1.66277584587545,0.634638374251555,2,3,2,1.35773658605919,1.66277584587545,0.634638374251555,"equal","equal","equal","equal","equal","equal","equal","equal","equal","equal","larger","larger","equal","equal","equal","equal","equal","larger","equal","equal","equal","equal","equal","equal","equal","equal","equal","equal","equal","equal","equal","equal","equal","equal","equal","equal","equal","equal","equal","equal","equal","equal","equal","equal","equal","equal","equal","equal","equal","equal","equal","equal","equal","equal","equal","equal","equal","equal","equal","equal","equal","equal","equal","equal","equal","equal","equal","equal","larger","equal","equal","equal","equal","equal","larger","equal","equal","equal","equal","equal","larger","equal","equal","equal","equal","equal","larger","larger","equal","equal","equal","equal","equal","larger","larger","equal","equal","equal","equal","equal","larger","equal","equal","equal","equal","equal","equal","equal","equal","equal","equal","equal","equal","equal","equal","equal","larger","equal","equal","equal","equal","equal","larger","equal","equal","equal","equal","equal","larger","equal","equal","equal","equal","equal","larger","equal","equal","equal","equal","equal","larger","equal","equal","equal","equal","equal","larger","equal","equal","equal","equal","equal","larger","equal","equal","equal","equal","equal","larger","equal","equal","equal","equal","equal","larger","equal","equal","equal"
11,"GN","reliable","exp1a_s11_GN_r","G","N",2,2,2,1.15087871004309,1.04524295398341,0.453672715916984,0,0,1,1,1,0.453672715916984,1,1,1,1.15087871004309,1.04524295398341,0.453672715916984,1,2,2,1.15087871004309,1.04524295398341,0.453672715916984,1,2,2,1.15087871004309,1.04524295398341,0.453672715916984,1,2,2,1.15087871004309,1.04524295398341,0.453672715916984,1,2,2,1.15087871004309,1.04524295398341,0.453672715916984,2,2,2,1.15087871004309,1.04524295398341,0.453672715916984,2,2,2,1.15087871004309,1.04524295398341,0.453672715916984,2,2,2,1.15087871004309,1.04524295398341,0.453672715916984,2,2,3,1.15087871004309,1.04524295398341,0.453672715916984,2,3,3,1.15087871004309,1.04524295398341,0.453672715916984,2,3,3,1.15087871004309,1.04524295398341,0.453672715916984,2,3,3,1.15087871004309,1.04524295398341,0.453672715916984,0,0,1,0.730945382034406,2.15032734139822,2.1827528739819,0,0,0,1,1,1,0,0,0,1.5,1.5,1.5,1,0,0,1.88182409207749,2,2,1,0,1,1.88182409207749,2.5,2.1827528739819,1,1,1,1.88182409207749,2.60400005731521,2.1827528739819,1,1,1,1.88182409207749,2.60400005731521,2.1827528739819,1,2,1,1.88182409207749,2.60400005731521,2.1827528739819,2,2,1,1.88182409207749,2.60400005731521,2.1827528739819,2,2,1,1.88182409207749,2.60400005731521,2.1827528739819,2,2,1,1.88182409207749,2.60400005731521,2.1827528739819,2,2,1,1.88182409207749,2.60400005731521,2.1827528739819,2,2,1,1.88182409207749,2.60400005731521,2.1827528739819,2,2,1,1.88182409207749,2.60400005731521,2.1827528739819,"equal","equal","equal","equal","equal","equal","equal","equal","equal","larger","larger","equal","equal","equal","equal","equal","equal","equal","equal","equal","equal","equal","equal","equal","equal","equal","equal","equal","equal","equal","equal","equal","equal","equal","equal","equal","equal","equal","equal","equal","equal","equal","equal","equal","equal","equal","equal","equal","equal","equal","equal","equal","equal","equal","equal","equal","equal","equal","equal","equal","equal","equal","equal","equal","equal","equal","equal","equal","larger","equal","equal","equal","equal","equal","larger","equal","equal","equal","equal","equal","larger","equal","equal","equal","equal","equal","larger","larger","larger","equal","equal","equal","equal","larger","larger","larger","equal","equal","equal","larger","larger","larger","equal","equal","equal","equal","larger","larger","equal","equal","equal","equal","larger","equal","equal","equal","larger","equal","equal","equal","equal","equal","larger","equal","equal","equal","equal","equal","larger","equal","equal","equal","equal","equal","larger","equal","equal","equal","equal","equal","larger","equal","equal","equal","equal","equal","larger","equal","equal","equal","equal","equal","larger","equal","equal","equal","equal","equal","larger","equal","equal","equal","equal","equal","larger","equal","equal","equal"
11,"GN","unreliable","exp1a_s11_GN_u","G","N",1,2,1,1.15087871004309,1.04524295398341,1.53882183229003,0,0,0,1,1,1,1,1,0,1.15087871004309,1.04524295398341,1.5,1,2,1,1.15087871004309,1.04524295398341,1.53882183229003,1,2,1,1.15087871004309,1.04524295398341,1.53882183229003,1,2,1,1.15087871004309,1.04524295398341,1.53882183229003,1,2,1,1.15087871004309,1.04524295398341,1.53882183229003,1,2,1,1.15087871004309,1.04524295398341,1.53882183229003,1,2,1,1.15087871004309,1.04524295398341,1.53882183229003,1,2,1,1.15087871004309,1.04524295398341,1.53882183229003,1,2,2,1.15087871004309,1.04524295398341,1.53882183229003,1,2,2,1.15087871004309,1.04524295398341,1.53882183229003,1,2,2,1.15087871004309,1.04524295398341,1.53882183229003,1,2,2,1.15087871004309,1.04524295398341,1.53882183229003,0,0,1,0.730945382034406,2.15032734139822,2.21117310735843,0,0,0,1,1,1,0,0,0,1.5,1.5,1.5,1,0,0,1.88182409207749,2,2,1,0,1,1.88182409207749,2.5,2.21117310735843,1,0,1,1.88182409207749,3,2.21117310735843,1,0,1,1.88182409207749,3.5,2.21117310735843,1,1,1,1.88182409207749,3.68914917368825,2.21117310735843,1,1,1,1.88182409207749,3.68914917368825,2.21117310735843,1,1,1,1.88182409207749,3.68914917368825,2.21117310735843,1,1,1,1.88182409207749,3.68914917368825,2.21117310735843,1,1,1,1.88182409207749,3.68914917368825,2.21117310735843,1,1,1,1.88182409207749,3.68914917368825,2.21117310735843,1,1,1,1.88182409207749,3.68914917368825,2.21117310735843,"equal","equal","equal","equal","equal","equal","equal","equal","equal","larger","larger","larger","equal","equal","equal","equal","equal","larger","equal","equal","equal","equal","equal","equal","equal","equal","equal","equal","equal","equal","equal","equal","equal","equal","equal","equal","equal","equal","equal","equal","equal","equal","equal","equal","equal","equal","equal","equal","equal","equal","equal","equal","equal","equal","equal","equal","equal","equal","equal","equal","equal","equal","equal","equal","equal","equal","equal","equal","larger","equal","equal","equal","equal","equal","larger","equal","equal","equal","equal","equal","larger","equal","equal","equal","equal","equal","larger","larger","larger","equal","equal","equal","equal","larger","larger","larger","equal","equal","equal","larger","larger","larger","equal","equal","equal","equal","larger","larger","equal","equal","equal","equal","larger","equal","equal","equal","larger","equal","larger","equal","equal","equal","larger","equal","larger","equal","equal","equal","larger","equal","equal","equal","equal","equal","larger","equal","equal","equal","equal","equal","larger","equal","equal","equal","equal","equal","larger","equal","equal","equal","equal","equal","larger","equal","equal","equal","equal","equal","larger","equal","equal","equal","equal","equal","larger","equal","equal","equal"
11,"GP","reliable","exp1a_s11_GP_r","G","P",1,2,0,3.71283877691001,1.04524295398341,3.20404140814207,0,0,0,1,1,1,0,1,0,1.5,1.04524295398341,1.5,0,2,0,2,1.04524295398341,2,0,2,0,2.5,1.04524295398341,2.5,0,2,0,3,1.04524295398341,3,0,2,0,3.5,1.04524295398341,3.5,1,2,0,3.71283877691001,1.04524295398341,4,1,2,0,3.71283877691001,1.04524295398341,4.5,1,2,0,3.71283877691001,1.04524295398341,5,1,2,0,3.71283877691001,1.04524295398341,5.5,1,2,0,3.71283877691001,1.04524295398341,5.75436074333265,1,2,0,3.71283877691001,1.04524295398341,5.75436074333265,1,2,0,3.71283877691001,1.04524295398341,5.75436074333265,0,0,0,0.730945382034406,2.15032734139822,2.55031933519058,0,0,0,1,1,1,0,0,0,1.5,1.5,1.5,0,0,0,2,2,2,0,0,0,2.5,2.5,2.5,0,0,0,3,3,2.55031933519058,0,0,0,3.5,3.5,2.55031933519058,0,0,0,4,4,2.55031933519058,1,0,0,4.44378415894441,4.5,2.55031933519058,1,0,0,4.44378415894441,5,2.55031933519058,1,0,0,4.44378415894441,5.5,2.55031933519058,1,0,0,4.44378415894441,6,2.55031933519058,1,0,0,4.44378415894441,6.5,2.55031933519058,1,0,0,4.44378415894441,7,2.55031933519058,"equal","equal","equal","equal","equal","larger","equal","equal","equal","larger","larger","larger","equal","equal","equal","larger","equal","larger","equal","equal","equal","larger","equal","larger","equal","equal","equal","larger","equal","larger","equal","equal","equal","larger","equal","larger","equal","equal","equal","larger","equal","larger","equal","equal","equal","equal","equal","larger","equal","equal","equal","equal","equal","larger","equal","equal","equal","equal","equal","larger","equal","equal","equal","equal","equal","larger","equal","equal","larger","equal","equal","larger","equal","equal","larger","equal","equal","larger","equal","equal","larger","equal","equal","larger","equal","equal","larger","larger","larger","larger","equal","equal","equal","larger","larger","larger","equal","equal","equal","larger","larger","larger","equal","equal","equal","larger","larger","larger","equal","equal","equal","larger","larger","larger","equal","equal","larger","larger","larger","larger","equal","equal","larger","larger","larger","larger","equal","equal","larger","larger","larger","larger","equal","equal","larger","equal","larger","larger","equal","equal","larger","equal","larger","larger","equal","equal","larger","equal","larger","larger","equal","equal","larger","equal","larger","larger","equal","equal","larger","equal","larger","larger","equal","equal","larger","equal","larger","larger"
11,"GP","unreliable","exp1a_s11_GP_u","G","P",0,2,0,7.3580867012497,1.04524295398341,3.20404140814207,0,0,0,1,1,1,0,1,0,1.5,1.04524295398341,1.5,0,2,0,2,1.04524295398341,2,0,2,0,2.5,1.04524295398341,2.5,0,2,0,3,1.04524295398341,3,0,2,0,3.5,1.04524295398341,3.5,0,2,0,4,1.04524295398341,4,0,2,0,4.5,1.04524295398341,4.5,0,2,0,5,1.04524295398341,5,0,2,0,5.5,1.04524295398341,5.5,0,2,0,6,1.04524295398341,5.75436074333265,0,2,0,6.5,1.04524295398341,5.75436074333265,0,2,0,7,1.04524295398341,5.75436074333265,0,0,0,0.730945382034406,2.15032734139822,2.55031933519058,0,0,0,1,1,1,0,0,0,1.5,1.5,1.5,0,0,0,2,2,2,0,0,0,2.5,2.5,2.5,0,0,0,3,3,2.55031933519058,0,0,0,3.5,3.5,2.55031933519058,0,0,0,4,4,2.55031933519058,0,0,0,4.5,4.5,2.55031933519058,0,0,0,5,5,2.55031933519058,0,0,0,5.5,5.5,2.55031933519058,0,0,0,6,6,2.55031933519058,0,0,0,6.5,6.5,2.55031933519058,0,0,0,7,7,2.55031933519058,"equal","equal","equal","larger","equal","larger","equal","equal","equal","larger","larger","larger","equal","equal","equal","larger","equal","larger","equal","equal","equal","larger","equal","larger","equal","equal","equal","larger","equal","larger","equal","equal","equal","larger","equal","larger","equal","equal","equal","larger","equal","larger","equal","equal","equal","larger","equal","larger","equal","equal","equal","larger","equal","larger","equal","equal","equal","larger","equal","larger","equal","equal","equal","larger","equal","larger","equal","equal","larger","larger","equal","larger","equal","equal","larger","larger","equal","larger","equal","equal","larger","larger","equal","larger","equal","equal","larger","larger","larger","larger","equal","equal","equal","larger","larger","larger","equal","equal","equal","larger","larger","larger","equal","equal","equal","larger","larger","larger","equal","equal","equal","larger","larger","larger","equal","equal","larger","larger","larger","larger","equal","equal","larger","larger","larger","larger","equal","equal","larger","larger","larger","larger","equal","equal","larger","larger","larger","larger","equal","equal","larger","larger","larger","larger","equal","equal","larger","larger","larger","larger","equal","equal","larger","larger","larger","larger","equal","equal","larger","larger","larger","larger","equal","equal","larger","larger","larger","larger"
11,"NG","reliable","exp1a_s11_NG_r","N","G",2,1,1,0.626791204024783,1.79663446595207,0.453672715916984,1,0,1,0.626791204024783,1,0.453672715916984,1,0,1,0.626791204024783,1.5,0.453672715916984,1,1,1,0.626791204024783,1.79663446595207,0.453672715916984,1,1,1,0.626791204024783,1.79663446595207,0.453672715916984,1,1,1,0.626791204024783,1.79663446595207,0.453672715916984,1,1,1,0.626791204024783,1.79663446595207,0.453672715916984,2,1,2,0.626791204024783,1.79663446595207,0.453672715916984,2,1,2,0.626791204024783,1.79663446595207,0.453672715916984,2,2,2,0.626791204024783,1.79663446595207,0.453672715916984,2,2,3,0.626791204024783,1.79663446595207,0.453672715916984,2,3,3,0.626791204024783,1.79663446595207,0.453672715916984,2,3,3,0.626791204024783,1.79663446595207,0.453672715916984,2,3,3,0.626791204024783,1.79663446595207,0.453672715916984,0,1,2,0.730945382034406,1.66277584587545,0.634638374251555,0,0,1,1,1,0.634638374251555,1,0,1,1.35773658605919,1.5,0.634638374251555,1,1,1,1.35773658605919,1.66277584587545,0.634638374251555,1,1,2,1.35773658605919,1.66277584587545,0.634638374251555,1,2,2,1.35773658605919,1.66277584587545,0.634638374251555,1,2,2,1.35773658605919,1.66277584587545,0.634638374251555,1,2,2,1.35773658605919,1.66277584587545,0.634638374251555,2,2,2,1.35773658605919,1.66277584587545,0.634638374251555,2,2,2,1.35773658605919,1.66277584587545,0.634638374251555,2,2,2,1.35773658605919,1.66277584587545,0.634638374251555,2,3,2,1.35773658605919,1.66277584587545,0.634638374251555,2,3,2,1.35773658605919,1.66277584587545,0.634638374251555,2,3,2,1.35773658605919,1.66277584587545,0.634638374251555,"equal","equal","equal","equal","equal","equal","equal","equal","equal","equal","larger","equal","equal","equal","equal","equal","larger","equal","equal","equal","equal","equal","equal","equal","equal","equal","equal","equal","equal","equal","equal","equal","equal","equal","equal","equal","equal","equal","equal","equal","equal","equal","equal","equal","equal","equal","equal","equal","equal","equal","equal","equal","equal","equal","equal","equal","equal","equal","equal","equal","equal","equal","equal","equal","equal","equal","equal","equal","larger","equal","equal","equal","equal","equal","larger","equal","equal","equal","equal","equal","larger","equal","equal","equal","equal","equal","larger","larger","equal","equal","equal","equal","equal","larger","larger","equal","equal","equal","equal","equal","larger","equal","equal","equal","equal","equal","equal","equal","equal","equal","equal","equal","equal","equal","equal","equal","larger","equal","equal","equal","equal","equal","larger","equal","equal","equal","equal","equal","larger","equal","equal","equal","equal","equal","larger","equal","equal","equal","equal","equal","larger","equal","equal","equal","equal","equal","larger","equal","equal","equal","equal","equal","larger","equal","equal","equal","equal","equal","larger","equal","equal","equal","equal","equal","larger","equal","equal","equal"
11,"NG","unreliable","exp1a_s11_NG_u","N","G",1,1,0,0.626791204024783,1.8334810721674,3.20404140814207,1,0,0,0.626791204024783,1,1,1,0,0,0.626791204024783,1.5,1.5,1,1,0,0.626791204024783,1.8334810721674,2,1,1,0,0.626791204024783,1.8334810721674,2.5,1,1,0,0.626791204024783,1.8334810721674,3,1,1,0,0.626791204024783,1.8334810721674,3.5,1,1,1,0.626791204024783,1.8334810721674,3.83867978239363,1,1,1,0.626791204024783,1.8334810721674,3.83867978239363,1,2,1,0.626791204024783,1.8334810721674,3.83867978239363,1,2,2,0.626791204024783,1.8334810721674,3.83867978239363,1,2,2,0.626791204024783,1.8334810721674,3.83867978239363,1,2,2,0.626791204024783,1.8334810721674,3.83867978239363,1,2,2,0.626791204024783,1.8334810721674,3.83867978239363,0,1,2,0.730945382034406,1.66277584587545,0.634638374251555,0,0,1,1,1,0.634638374251555,1,0,1,1.35773658605919,1.5,0.634638374251555,1,1,1,1.35773658605919,1.66277584587545,0.634638374251555,1,1,2,1.35773658605919,1.66277584587545,0.634638374251555,1,1,2,1.35773658605919,1.66277584587545,0.634638374251555,1,1,2,1.35773658605919,1.66277584587545,0.634638374251555,1,1,2,1.35773658605919,1.66277584587545,0.634638374251555,1,1,2,1.35773658605919,1.66277584587545,0.634638374251555,1,1,2,1.35773658605919,1.66277584587545,0.634638374251555,1,1,2,1.35773658605919,1.66277584587545,0.634638374251555,1,2,2,1.35773658605919,1.66277584587545,0.634638374251555,1,2,2,1.35773658605919,1.66277584587545,0.634638374251555,1,2,2,1.35773658605919,1.66277584587545,0.634638374251555,"equal","equal","equal","equal","equal","larger","equal","equal","equal","equal","larger","larger","equal","equal","equal","equal","larger","larger","equal","equal","equal","equal","equal","larger","equal","equal","equal","equal","equal","larger","equal","equal","equal","equal","equal","larger","equal","equal","equal","equal","equal","larger","equal","equal","equal","equal","equal","equal","equal","equal","equal","equal","equal","equal","equal","equal","equal","equal","equal","equal","equal","equal","equal","equal","equal","equal","equal","equal","larger","equal","equal","equal","equal","equal","larger","equal","equal","equal","equal","equal","larger","equal","equal","equal","equal","equal","larger","larger","equal","equal","equal","equal","equal","larger","larger","equal","equal","equal","equal","equal","larger","equal","equal","equal","equal","equal","equal","equal","equal","equal","equal","equal","equal","equal","equal","equal","larger","equal","equal","equal","equal","equal","larger","equal","equal","equal","equal","equal","larger","equal","equal","equal","equal","equal","larger","equal","equal","equal","equal","equal","larger","equal","equal","equal","equal","equal","larger","equal","equal","equal","equal","equal","larger","equal","equal","equal","equal","equal","larger","equal","equal","equal","equal","equal","larger","equal","equal","equal"
11,"NN","reliable","exp1a_s11_NN_r","N","N",1,1,1,3.71283877691001,1.79663446595207,0.453672715916984,0,0,1,1,1,0.453672715916984,0,0,1,1.5,1.5,0.453672715916984,0,1,1,2,1.79663446595207,0.453672715916984,0,1,1,2.5,1.79663446595207,0.453672715916984,0,1,1,3,1.79663446595207,0.453672715916984,0,1,1,3.5,1.79663446595207,0.453672715916984,1,1,1,3.71283877691001,1.79663446595207,0.453672715916984,1,1,1,3.71283877691001,1.79663446595207,0.453672715916984,1,1,1,3.71283877691001,1.79663446595207,0.453672715916984,1,1,2,3.71283877691001,1.79663446595207,0.453672715916984,1,2,2,3.71283877691001,1.79663446595207,0.453672715916984,1,2,2,3.71283877691001,1.79663446595207,0.453672715916984,1,2,2,3.71283877691001,1.79663446595207,0.453672715916984,0,0,1,0.730945382034406,2.15032734139822,2.1827528739819,0,0,0,1,1,1,0,0,0,1.5,1.5,1.5,0,0,0,2,2,2,0,0,1,2.5,2.5,2.1827528739819,0,1,1,3,2.60400005731521,2.1827528739819,0,1,1,3.5,2.60400005731521,2.1827528739819,0,1,1,4,2.60400005731521,2.1827528739819,1,1,1,4.44378415894441,2.60400005731521,2.1827528739819,1,1,1,4.44378415894441,2.60400005731521,2.1827528739819,1,1,1,4.44378415894441,2.60400005731521,2.1827528739819,1,1,1,4.44378415894441,2.60400005731521,2.1827528739819,1,1,1,4.44378415894441,2.60400005731521,2.1827528739819,1,1,1,4.44378415894441,2.60400005731521,2.1827528739819,"equal","equal","equal","equal","equal","equal","equal","equal","equal","larger","larger","equal","equal","equal","equal","larger","larger","equal","equal","equal","equal","larger","equal","equal","equal","equal","equal","larger","equal","equal","equal","equal","equal","larger","equal","equal","equal","equal","equal","larger","equal","equal","equal","equal","equal","equal","equal","equal","equal","equal","equal","equal","equal","equal","equal","equal","equal","equal","equal","equal","equal","equal","equal","equal","equal","equal","equal","equal","larger","equal","equal","equal","equal","equal","larger","equal","equal","equal","equal","equal","larger","equal","equal","equal","equal","equal","larger","larger","larger","equal","equal","equal","equal","larger","larger","larger","equal","equal","equal","larger","larger","larger","equal","equal","equal","larger","larger","larger","equal","equal","equal","larger","larger","equal","equal","equal","larger","larger","equal","equal","equal","equal","larger","larger","equal","equal","equal","equal","larger","larger","equal","equal","equal","equal","larger","equal","equal","equal","equal","equal","larger","equal","equal","equal","equal","equal","larger","equal","equal","equal","equal","equal","larger","equal","equal","equal","equal","equal","larger","equal","equal","equal","equal","equal","larger","equal","equal","equal"
11,"NN","unreliable","exp1a_s11_NN_u","N","N",0,1,0,7.3580867012497,1.8334810721674,3.20404140814207,0,0,0,1,1,1,0,0,0,1.5,1.5,1.5,0,1,0,2,1.8334810721674,2,0,1,0,2.5,1.8334810721674,2.5,0,1,0,3,1.8334810721674,3,0,1,0,3.5,1.8334810721674,3.5,0,1,0,4,1.8334810721674,4,0,1,0,4.5,1.8334810721674,4.5,0,1,0,5,1.8334810721674,5,0,1,1,5.5,1.8334810721674,5.4152145155005,0,1,1,6,1.8334810721674,5.4152145155005,0,1,1,6.5,1.8334810721674,5.4152145155005,0,1,1,7,1.8334810721674,5.4152145155005,0,0,1,0.730945382034406,2.15032734139822,2.21117310735843,0,0,0,1,1,1,0,0,0,1.5,1.5,1.5,0,0,0,2,2,2,0,0,1,2.5,2.5,2.21117310735843,0,0,1,3,3,2.21117310735843,0,0,1,3.5,3.5,2.21117310735843,0,0,1,4,4,2.21117310735843,0,0,1,4.5,4.5,2.21117310735843,0,0,1,5,5,2.21117310735843,0,0,1,5.5,5.5,2.21117310735843,0,0,1,6,6,2.21117310735843,0,0,1,6.5,6.5,2.21117310735843,0,0,1,7,7,2.21117310735843,"equal","equal","equal","larger","equal","larger","equal","equal","equal","larger","larger","larger","equal","equal","equal","larger","larger","larger","equal","equal","equal","larger","equal","larger","equal","equal","equal","larger","equal","larger","equal","equal","equal","larger","equal","larger","equal","equal","equal","larger","equal","larger","equal","equal","equal","larger","equal","larger","equal","equal","equal","larger","equal","larger","equal","equal","equal","larger","equal","larger","equal","equal","equal","larger","equal","equal","equal","equal","larger","larger","equal","equal","equal","equal","larger","larger","equal","equal","equal","equal","larger","larger","equal","equal","equal","equal","larger","larger","larger","equal","equal","equal","equal","larger","larger","larger","equal","equal","equal","larger","larger","larger","equal","equal","equal","larger","larger","larger","equal","equal","equal","larger","larger","equal","equal","equal","larger","larger","larger","equal","equal","equal","larger","larger","larger","equal","equal","equal","larger","larger","larger","equal","equal","equal","larger","larger","larger","equal","equal","equal","larger","larger","larger","equal","equal","equal","larger","larger","larger","equal","equal","equal","larger","larger","larger","equal","equal","equal","larger","larger","larger","equal","equal","equal","larger","larger","larger","equal"
11,"NP","reliable","exp1a_s11_NP_r","N","P",1,1,0,3.71283877691001,1.79663446595207,3.20404140814207,0,0,0,1,1,1,0,0,0,1.5,1.5,1.5,0,1,0,2,1.79663446595207,2,0,1,0,2.5,1.79663446595207,2.5,0,1,0,3,1.79663446595207,3,0,1,0,3.5,1.79663446595207,3.5,1,1,0,3.71283877691001,1.79663446595207,4,1,1,0,3.71283877691001,1.79663446595207,4.5,1,1,0,3.71283877691001,1.79663446595207,5,1,1,0,3.71283877691001,1.79663446595207,5.5,1,1,0,3.71283877691001,1.79663446595207,5.75436074333265,1,1,0,3.71283877691001,1.79663446595207,5.75436074333265,1,1,0,3.71283877691001,1.79663446595207,5.75436074333265,0,0,0,0.730945382034406,2.15032734139822,2.55031933519058,0,0,0,1,1,1,0,0,0,1.5,1.5,1.5,0,0,0,2,2,2,0,0,0,2.5,2.5,2.5,0,0,0,3,3,2.55031933519058,0,0,0,3.5,3.5,2.55031933519058,0,0,0,4,4,2.55031933519058,1,0,0,4.44378415894441,4.5,2.55031933519058,1,0,0,4.44378415894441,5,2.55031933519058,1,0,0,4.44378415894441,5.5,2.55031933519058,1,0,0,4.44378415894441,6,2.55031933519058,1,0,0,4.44378415894441,6.5,2.55031933519058,1,0,0,4.44378415894441,7,2.55031933519058,"equal","equal","equal","equal","equal","larger","equal","equal","equal","larger","larger","larger","equal","equal","equal","larger","larger","larger","equal","equal","equal","larger","equal","larger","equal","equal","equal","larger","equal","larger","equal","equal","equal","larger","equal","larger","equal","equal","equal","larger","equal","larger","equal","equal","equal","equal","equal","larger","equal","equal","equal","equal","equal","larger","equal","equal","equal","equal","equal","larger","equal","equal","equal","equal","equal","larger","equal","equal","larger","equal","equal","larger","equal","equal","larger","equal","equal","larger","equal","equal","larger","equal","equal","larger","equal","equal","larger","larger","larger","larger","equal","equal","equal","larger","larger","larger","equal","equal","equal","larger","larger","larger","equal","equal","equal","larger","larger","larger","equal","equal","equal","larger","larger","larger","equal","equal","larger","larger","larger","larger","equal","equal","larger","larger","larger","larger","equal","equal","larger","larger","larger","larger","equal","equal","larger","equal","larger","larger","equal","equal","larger","equal","larger","larger","equal","equal","larger","equal","larger","larger","equal","equal","larger","equal","larger","larger","equal","equal","larger","equal","larger","larger","equal","equal","larger","equal","larger","larger"
11,"NP","unreliable","exp1a_s11_NP_u","N","P",0,1,0,7.3580867012497,1.8334810721674,3.20404140814207,0,0,0,1,1,1,0,0,0,1.5,1.5,1.5,0,1,0,2,1.8334810721674,2,0,1,0,2.5,1.8334810721674,2.5,0,1,0,3,1.8334810721674,3,0,1,0,3.5,1.8334810721674,3.5,0,1,0,4,1.8334810721674,4,0,1,0,4.5,1.8334810721674,4.5,0,1,0,5,1.8334810721674,5,0,1,0,5.5,1.8334810721674,5.5,0,1,0,6,1.8334810721674,5.75436074333265,0,1,0,6.5,1.8334810721674,5.75436074333265,0,1,0,7,1.8334810721674,5.75436074333265,0,0,0,0.730945382034406,2.15032734139822,2.55031933519058,0,0,0,1,1,1,0,0,0,1.5,1.5,1.5,0,0,0,2,2,2,0,0,0,2.5,2.5,2.5,0,0,0,3,3,2.55031933519058,0,0,0,3.5,3.5,2.55031933519058,0,0,0,4,4,2.55031933519058,0,0,0,4.5,4.5,2.55031933519058,0,0,0,5,5,2.55031933519058,0,0,0,5.5,5.5,2.55031933519058,0,0,0,6,6,2.55031933519058,0,0,0,6.5,6.5,2.55031933519058,0,0,0,7,7,2.55031933519058,"equal","equal","equal","larger","equal","larger","equal","equal","equal","larger","larger","larger","equal","equal","equal","larger","larger","larger","equal","equal","equal","larger","equal","larger","equal","equal","equal","larger","equal","larger","equal","equal","equal","larger","equal","larger","equal","equal","equal","larger","equal","larger","equal","equal","equal","larger","equal","larger","equal","equal","equal","larger","equal","larger","equal","equal","equal","larger","equal","larger","equal","equal","equal","larger","equal","larger","equal","equal","larger","larger","equal","larger","equal","equal","larger","larger","equal","larger","equal","equal","larger","larger","equal","larger","equal","equal","larger","larger","larger","larger","equal","equal","equal","larger","larger","larger","equal","equal","equal","larger","larger","larger","equal","equal","equal","larger","larger","larger","equal","equal","equal","larger","larger","larger","equal","equal","larger","larger","larger","larger","equal","equal","larger","larger","larger","larger","equal","equal","larger","larger","larger","larger","equal","equal","larger","larger","larger","larger","equal","equal","larger","larger","larger","larger","equal","equal","larger","larger","larger","larger","equal","equal","larger","larger","larger","larger","equal","equal","larger","larger","larger","larger","equal","equal","larger","larger","larger","larger"
11,"PG","reliable","exp1a_s11_PG_r","P","G",1,0,0,3.71283877691001,3.32257485692389,3.20404140814207,0,0,0,1,1,1,0,0,0,1.5,1.5,1.5,0,0,0,2,2,2,0,0,0,2.5,2.5,2.5,0,0,0,3,3,3,0,0,0,3.5,3.5,3.5,1,0,1,3.71283877691001,4,3.83867978239363,1,0,1,3.71283877691001,4.5,3.83867978239363,1,1,1,3.71283877691001,4.98535070279934,3.83867978239363,1,1,2,3.71283877691001,4.98535070279934,3.83867978239363,1,1,2,3.71283877691001,4.98535070279934,3.83867978239363,1,1,2,3.71283877691001,4.98535070279934,3.83867978239363,1,1,2,3.71283877691001,4.98535070279934,3.83867978239363,0,1,2,0.730945382034406,1.66277584587545,0.634638374251555,0,0,1,1,1,0.634638374251555,0,0,1,1.5,1.5,0.634638374251555,0,1,1,2,1.66277584587545,0.634638374251555,0,1,2,2.5,1.66277584587545,0.634638374251555,0,1,2,3,1.66277584587545,0.634638374251555,0,1,2,3.5,1.66277584587545,0.634638374251555,0,1,2,4,1.66277584587545,0.634638374251555,1,1,2,4.44378415894441,1.66277584587545,0.634638374251555,1,1,2,4.44378415894441,1.66277584587545,0.634638374251555,1,1,2,4.44378415894441,1.66277584587545,0.634638374251555,1,2,2,4.44378415894441,1.66277584587545,0.634638374251555,1,2,2,4.44378415894441,1.66277584587545,0.634638374251555,1,2,2,4.44378415894441,1.66277584587545,0.634638374251555,"equal","equal","equal","equal","larger","larger","equal","equal","equal","larger","larger","larger","equal","equal","equal","larger","larger","larger","equal","equal","equal","larger","larger","larger","equal","equal","equal","larger","larger","larger","equal","equal","equal","larger","larger","larger","equal","equal","equal","larger","larger","larger","equal","equal","equal","equal","larger","equal","equal","equal","equal","equal","larger","equal","equal","equal","equal","equal","equal","equal","equal","equal","equal","equal","equal","equal","equal","equal","larger","equal","equal","equal","equal","equal","larger","equal","equal","equal","equal","equal","larger","equal","equal","equal","equal","equal","larger","larger","equal","equal","equal","equal","equal","larger","larger","equal","equal","equal","equal","larger","larger","equal","equal","equal","equal","larger","equal","equal","equal","equal","equal","larger","equal","equal","equal","equal","larger","larger","equal","equal","equal","equal","larger","larger","equal","equal","equal","equal","larger","larger","equal","equal","equal","equal","larger","equal","equal","equal","equal","equal","larger","equal","equal","equal","equal","equal","larger","equal","equal","equal","equal","equal","larger","equal","equal","equal","equal","equal","larger","equal","equal","equal","equal","equal","larger","equal","equal","equal"
11,"PG","unreliable","exp1a_s11_PG_u","P","G",0,0,0,7.3580867012497,3.32257485692389,3.20404140814207,0,0,0,1,1,1,0,0,0,1.5,1.5,1.5,0,0,0,2,2,2,0,0,0,2.5,2.5,2.5,0,0,0,3,3,3,0,0,0,3.5,3.5,3.5,0,0,1,4,4,3.83867978239363,0,0,1,4.5,4.5,3.83867978239363,0,1,1,5,4.98535070279934,3.83867978239363,0,1,2,5.5,4.98535070279934,3.83867978239363,0,1,2,6,4.98535070279934,3.83867978239363,0,1,2,6.5,4.98535070279934,3.83867978239363,0,1,2,7,4.98535070279934,3.83867978239363,0,1,2,0.730945382034406,1.66277584587545,0.634638374251555,0,0,1,1,1,0.634638374251555,0,0,1,1.5,1.5,0.634638374251555,0,1,1,2,1.66277584587545,0.634638374251555,0,1,2,2.5,1.66277584587545,0.634638374251555,0,1,2,3,1.66277584587545,0.634638374251555,0,1,2,3.5,1.66277584587545,0.634638374251555,0,1,2,4,1.66277584587545,0.634638374251555,0,1,2,4.5,1.66277584587545,0.634638374251555,0,1,2,5,1.66277584587545,0.634638374251555,0,1,2,5.5,1.66277584587545,0.634638374251555,0,2,2,6,1.66277584587545,0.634638374251555,0,2,2,6.5,1.66277584587545,0.634638374251555,0,2,2,7,1.66277584587545,0.634638374251555,"equal","equal","equal","larger","larger","larger","equal","equal","equal","larger","larger","larger","equal","equal","equal","larger","larger","larger","equal","equal","equal","larger","larger","larger","equal","equal","equal","larger","larger","larger","equal","equal","equal","larger","larger","larger","equal","equal","equal","larger","larger","larger","equal","equal","equal","larger","larger","equal","equal","equal","equal","larger","larger","equal","equal","equal","equal","larger","equal","equal","equal","equal","equal","larger","equal","equal","equal","equal","larger","larger","equal","equal","equal","equal","larger","larger","equal","equal","equal","equal","larger","larger","equal","equal","equal","equal","larger","larger","equal","equal","equal","equal","equal","larger","larger","equal","equal","equal","equal","larger","larger","equal","equal","equal","equal","larger","equal","equal","equal","equal","equal","larger","equal","equal","equal","equal","larger","larger","equal","equal","equal","equal","larger","larger","equal","equal","equal","equal","larger","larger","equal","equal","equal","equal","larger","larger","equal","equal","equal","equal","larger","larger","equal","equal","equal","equal","larger","larger","equal","equal","equal","equal","larger","larger","equal","equal","equal","equal","larger","larger","equal","equal","equal","equal","larger","larger","equal","equal"
11,"PN","reliable","exp1a_s11_PN_r","P","N",1,0,0,3.71283877691001,3.32257485692389,3.20404140814207,0,0,0,1,1,1,0,0,0,1.5,1.5,1.5,0,0,0,2,2,2,0,0,0,2.5,2.5,2.5,0,0,0,3,3,3,0,0,0,3.5,3.5,3.5,1,0,0,3.71283877691001,4,4,1,0,0,3.71283877691001,4.5,4.5,1,0,0,3.71283877691001,5,5,1,0,1,3.71283877691001,5.5,5.38679428212398,1,0,1,3.71283877691001,6,5.38679428212398,1,0,1,3.71283877691001,6.5,5.38679428212398,1,0,1,3.71283877691001,7,5.38679428212398,0,0,1,0.730945382034406,2.15032734139822,2.1827528739819,0,0,0,1,1,1,0,0,0,1.5,1.5,1.5,0,0,0,2,2,2,0,0,1,2.5,2.5,2.1827528739819,0,0,1,3,3,2.1827528739819,0,0,1,3.5,3.5,2.1827528739819,0,0,1,4,4,2.1827528739819,1,0,1,4.44378415894441,4.5,2.1827528739819,1,0,1,4.44378415894441,5,2.1827528739819,1,0,1,4.44378415894441,5.5,2.1827528739819,1,0,1,4.44378415894441,6,2.1827528739819,1,0,1,4.44378415894441,6.5,2.1827528739819,1,0,1,4.44378415894441,7,2.1827528739819,"equal","equal","equal","equal","larger","larger","equal","equal","equal","larger","larger","larger","equal","equal","equal","larger","larger","larger","equal","equal","equal","larger","larger","larger","equal","equal","equal","larger","larger","larger","equal","equal","equal","larger","larger","larger","equal","equal","equal","larger","larger","larger","equal","equal","equal","equal","larger","larger","equal","equal","equal","equal","larger","larger","equal","equal","equal","equal","larger","larger","equal","equal","equal","equal","larger","equal","equal","equal","larger","equal","larger","equal","equal","equal","larger","equal","larger","equal","equal","equal","larger","equal","larger","equal","equal","equal","larger","larger","larger","equal","equal","equal","equal","larger","larger","larger","equal","equal","equal","larger","larger","larger","equal","equal","equal","larger","larger","larger","equal","equal","equal","larger","larger","equal","equal","equal","larger","larger","larger","equal","equal","equal","larger","larger","larger","equal","equal","equal","larger","larger","larger","equal","equal","equal","larger","equal","larger","equal","equal","equal","larger","equal","larger","equal","equal","equal","larger","equal","larger","equal","equal","equal","larger","equal","larger","equal","equal","equal","larger","equal","larger","equal","equal","equal","larger","equal","larger","equal"
11,"PN","unreliable","exp1a_s11_PN_u","P","N",0,0,0,7.3580867012497,3.32257485692389,3.20404140814207,0,0,0,1,1,1,0,0,0,1.5,1.5,1.5,0,0,0,2,2,2,0,0,0,2.5,2.5,2.5,0,0,0,3,3,3,0,0,0,3.5,3.5,3.5,0,0,0,4,4,4,0,0,0,4.5,4.5,4.5,0,0,0,5,5,5,0,0,1,5.5,5.5,5.4152145155005,0,0,1,6,6,5.4152145155005,0,0,1,6.5,6.5,5.4152145155005,0,0,1,7,7,5.4152145155005,0,0,1,0.730945382034406,2.15032734139822,2.21117310735843,0,0,0,1,1,1,0,0,0,1.5,1.5,1.5,0,0,0,2,2,2,0,0,1,2.5,2.5,2.21117310735843,0,0,1,3,3,2.21117310735843,0,0,1,3.5,3.5,2.21117310735843,0,0,1,4,4,2.21117310735843,0,0,1,4.5,4.5,2.21117310735843,0,0,1,5,5,2.21117310735843,0,0,1,5.5,5.5,2.21117310735843,0,0,1,6,6,2.21117310735843,0,0,1,6.5,6.5,2.21117310735843,0,0,1,7,7,2.21117310735843,"equal","equal","equal","larger","larger","larger","equal","equal","equal","larger","larger","larger","equal","equal","equal","larger","larger","larger","equal","equal","equal","larger","larger","larger","equal","equal","equal","larger","larger","larger","equal","equal","equal","larger","larger","larger","equal","equal","equal","larger","larger","larger","equal","equal","equal","larger","larger","larger","equal","equal","equal","larger","larger","larger","equal","equal","equal","larger","larger","larger","equal","equal","equal","larger","larger","equal","equal","equal","larger","larger","larger","equal","equal","equal","larger","larger","larger","equal","equal","equal","larger","larger","larger","equal","equal","equal","larger","larger","larger","equal","equal","equal","equal","larger","larger","larger","equal","equal","equal","larger","larger","larger","equal","equal","equal","larger","larger","larger","equal","equal","equal","larger","larger","equal","equal","equal","larger","larger","larger","equal","equal","equal","larger","larger","larger","equal","equal","equal","larger","larger","larger","equal","equal","equal","larger","larger","larger","equal","equal","equal","larger","larger","larger","equal","equal","equal","larger","larger","larger","equal","equal","equal","larger","larger","larger","equal","equal","equal","larger","larger","larger","equal","equal","equal","larger","larger","larger","equal"
11,"PP","reliable","exp1a_s11_PP_r","P","P",1,0,0,3.71283877691001,3.32257485692389,3.20404140814207,0,0,0,1,1,1,0,0,0,1.5,1.5,1.5,0,0,0,2,2,2,0,0,0,2.5,2.5,2.5,0,0,0,3,3,3,0,0,0,3.5,3.5,3.5,1,0,0,3.71283877691001,4,4,1,0,0,3.71283877691001,4.5,4.5,1,0,0,3.71283877691001,5,5,1,0,0,3.71283877691001,5.5,5.5,1,0,0,3.71283877691001,6,5.75436074333265,1,0,0,3.71283877691001,6.5,5.75436074333265,1,0,0,3.71283877691001,7,5.75436074333265,0,0,0,0.730945382034406,2.15032734139822,2.55031933519058,0,0,0,1,1,1,0,0,0,1.5,1.5,1.5,0,0,0,2,2,2,0,0,0,2.5,2.5,2.5,0,0,0,3,3,2.55031933519058,0,0,0,3.5,3.5,2.55031933519058,0,0,0,4,4,2.55031933519058,1,0,0,4.44378415894441,4.5,2.55031933519058,1,0,0,4.44378415894441,5,2.55031933519058,1,0,0,4.44378415894441,5.5,2.55031933519058,1,0,0,4.44378415894441,6,2.55031933519058,1,0,0,4.44378415894441,6.5,2.55031933519058,1,0,0,4.44378415894441,7,2.55031933519058,"equal","equal","equal","equal","larger","larger","equal","equal","equal","larger","larger","larger","equal","equal","equal","larger","larger","larger","equal","equal","equal","larger","larger","larger","equal","equal","equal","larger","larger","larger","equal","equal","equal","larger","larger","larger","equal","equal","equal","larger","larger","larger","equal","equal","equal","equal","larger","larger","equal","equal","equal","equal","larger","larger","equal","equal","equal","equal","larger","larger","equal","equal","equal","equal","larger","larger","equal","equal","larger","equal","larger","larger","equal","equal","larger","equal","larger","larger","equal","equal","larger","equal","larger","larger","equal","equal","larger","larger","larger","larger","equal","equal","equal","larger","larger","larger","equal","equal","equal","larger","larger","larger","equal","equal","equal","larger","larger","larger","equal","equal","equal","larger","larger","larger","equal","equal","larger","larger","larger","larger","equal","equal","larger","larger","larger","larger","equal","equal","larger","larger","larger","larger","equal","equal","larger","equal","larger","larger","equal","equal","larger","equal","larger","larger","equal","equal","larger","equal","larger","larger","equal","equal","larger","equal","larger","larger","equal","equal","larger","equal","larger","larger","equal","equal","larger","equal","larger","larger"
11,"PP","unreliable","exp1a_s11_PP_u","P","P",0,0,0,7.3580867012497,3.32257485692389,3.20404140814207,0,0,0,1,1,1,0,0,0,1.5,1.5,1.5,0,0,0,2,2,2,0,0,0,2.5,2.5,2.5,0,0,0,3,3,3,0,0,0,3.5,3.5,3.5,0,0,0,4,4,4,0,0,0,4.5,4.5,4.5,0,0,0,5,5,5,0,0,0,5.5,5.5,5.5,0,0,0,6,6,5.75436074333265,0,0,0,6.5,6.5,5.75436074333265,0,0,0,7,7,5.75436074333265,0,0,0,0.730945382034406,2.15032734139822,2.55031933519058,0,0,0,1,1,1,0,0,0,1.5,1.5,1.5,0,0,0,2,2,2,0,0,0,2.5,2.5,2.5,0,0,0,3,3,2.55031933519058,0,0,0,3.5,3.5,2.55031933519058,0,0,0,4,4,2.55031933519058,0,0,0,4.5,4.5,2.55031933519058,0,0,0,5,5,2.55031933519058,0,0,0,5.5,5.5,2.55031933519058,0,0,0,6,6,2.55031933519058,0,0,0,6.5,6.5,2.55031933519058,0,0,0,7,7,2.55031933519058,"equal","equal","equal","larger","larger","larger","equal","equal","equal","larger","larger","larger","equal","equal","equal","larger","larger","larger","equal","equal","equal","larger","larger","larger","equal","equal","equal","larger","larger","larger","equal","equal","equal","larger","larger","larger","equal","equal","equal","larger","larger","larger","equal","equal","equal","larger","larger","larger","equal","equal","equal","larger","larger","larger","equal","equal","equal","larger","larger","larger","equal","equal","equal","larger","larger","larger","equal","equal","larger","larger","larger","larger","equal","equal","larger","larger","larger","larger","equal","equal","larger","larger","larger","larger","equal","equal","larger","larger","larger","larger","equal","equal","equal","larger","larger","larger","equal","equal","equal","larger","larger","larger","equal","equal","equal","larger","larger","larger","equal","equal","equal","larger","larger","larger","equal","equal","larger","larger","larger","larger","equal","equal","larger","larger","larger","larger","equal","equal","larger","larger","larger","larger","equal","equal","larger","larger","larger","larger","equal","equal","larger","larger","larger","larger","equal","equal","larger","larger","larger","larger","equal","equal","larger","larger","larger","larger","equal","equal","larger","larger","larger","larger","equal","equal","larger","larger","larger","larger"
12,"GG","reliable","exp1a_s12_GG_r","G","G",3,0,3,0.969618723087425,0.541647337377071,0.727238953756373,1,0,1,0.969618723087425,1,0.727238953756373,1,1,2,0.969618723087425,1.26888629113344,0.727238953756373,2,2,3,0.969618723087425,1.26888629113344,0.727238953756373,2,3,3,0.969618723087425,1.26888629113344,0.727238953756373,3,3,3,0.969618723087425,1.26888629113344,0.727238953756373,3,3,3,0.969618723087425,1.26888629113344,0.727238953756373,3,3,3,0.969618723087425,1.26888629113344,0.727238953756373,3,3,3,0.969618723087425,1.26888629113344,0.727238953756373,3,3,3,0.969618723087425,1.26888629113344,0.727238953756373,3,3,3,0.969618723087425,1.26888629113344,0.727238953756373,3,3,4,0.969618723087425,1.26888629113344,0.727238953756373,3,4,4,0.969618723087425,1.26888629113344,0.727238953756373,3,4,4,0.969618723087425,1.26888629113344,0.727238953756373,0,2,2,0.560473902150989,1.10976116307612,1.06615405376216,0,0,0,1,1,1,0,1,1,1.5,1.10976116307612,1.06615405376216,1,2,1,1.53009262523841,1.10976116307612,1.06615405376216,2,2,1,1.53009262523841,1.10976116307612,1.06615405376216,2,2,2,1.53009262523841,1.10976116307612,1.06615405376216,3,2,2,1.53009262523841,1.10976116307612,1.06615405376216,3,2,2,1.53009262523841,1.10976116307612,1.06615405376216,3,2,2,1.53009262523841,1.10976116307612,1.06615405376216,3,3,2,1.53009262523841,1.10976116307612,1.06615405376216,3,4,2,1.53009262523841,1.10976116307612,1.06615405376216,3,5,2,1.53009262523841,1.10976116307612,1.06615405376216,3,5,2,1.53009262523841,1.10976116307612,1.06615405376216,3,5,2,1.53009262523841,1.10976116307612,1.06615405376216,"equal","equal","equal","equal","larger","equal","equal","equal","equal","equal","larger","equal","equal","equal","equal","equal","equal","equal","equal","equal","equal","equal","equal","equal","equal","equal","equal","equal","equal","equal","equal","equal","equal","equal","equal","equal","equal","equal","equal","equal","equal","equal","equal","equal","equal","equal","equal","equal","equal","equal","equal","equal","equal","equal","equal","equal","equal","equal","equal","equal","equal","equal","equal","equal","equal","equal","equal","equal","equal","equal","equal","equal","equal","equal","equal","equal","equal","equal","equal","equal","equal","equal","equal","equal","equal","equal","larger","larger","equal","equal","equal","equal","equal","larger","larger","larger","equal","equal","equal","larger","equal","equal","equal","equal","equal","equal","equal","equal","equal","equal","equal","equal","equal","equal","equal","equal","equal","equal","equal","equal","equal","equal","larger","equal","equal","equal","equal","equal","larger","equal","equal","equal","equal","equal","larger","equal","equal","equal","equal","equal","larger","equal","equal","equal","equal","equal","larger","equal","equal","equal","equal","equal","larger","equal","equal","equal","equal","equal","larger","equal","equal","equal","equal","equal","larger","equal","equal","equal"
12,"GG","unreliable","exp1a_s12_GG_u","G","G",2,0,3,0.969618723087425,0.541647337377071,0.727238953756373,1,0,1,0.969618723087425,1,0.727238953756373,1,1,2,0.969618723087425,1.26888629113344,0.727238953756373,2,2,2,0.969618723087425,1.26888629113344,0.727238953756373,2,2,3,0.969618723087425,1.26888629113344,0.727238953756373,2,3,3,0.969618723087425,1.26888629113344,0.727238953756373,2,3,3,0.969618723087425,1.26888629113344,0.727238953756373,2,3,3,0.969618723087425,1.26888629113344,0.727238953756373,2,3,3,0.969618723087425,1.26888629113344,0.727238953756373,2,3,3,0.969618723087425,1.26888629113344,0.727238953756373,2,3,3,0.969618723087425,1.26888629113344,0.727238953756373,2,3,4,0.969618723087425,1.26888629113344,0.727238953756373,2,4,4,0.969618723087425,1.26888629113344,0.727238953756373,2,4,4,0.969618723087425,1.26888629113344,0.727238953756373,0,2,1,0.560473902150989,1.10976116307612,1.06615405376216,0,0,0,1,1,1,0,1,1,1.5,1.10976116307612,1.06615405376216,1,1,1,1.53009262523841,1.10976116307612,1.06615405376216,2,2,1,1.53009262523841,1.10976116307612,1.06615405376216,2,2,1,1.53009262523841,1.10976116307612,1.06615405376216,2,2,1,1.53009262523841,1.10976116307612,1.06615405376216,2,2,1,1.53009262523841,1.10976116307612,1.06615405376216,2,2,1,1.53009262523841,1.10976116307612,1.06615405376216,2,3,1,1.53009262523841,1.10976116307612,1.06615405376216,2,4,1,1.53009262523841,1.10976116307612,1.06615405376216,2,4,1,1.53009262523841,1.10976116307612,1.06615405376216,2,4,1,1.53009262523841,1.10976116307612,1.06615405376216,2,5,1,1.53009262523841,1.10976116307612,1.06615405376216,"equal","equal","equal","equal","larger","equal","equal","equal","equal","equal","larger","equal","equal","equal","equal","equal","equal","equal","equal","equal","equal","equal","equal","equal","equal","equal","equal","equal","equal","equal","equal","equal","equal","equal","equal","equal","equal","equal","equal","equal","equal","equal","equal","equal","equal","equal","equal","equal","equal","equal","equal","equal","equal","equal","equal","equal","equal","equal","equal","equal","equal","equal","equal","equal","equal","equal","equal","equal","equal","equal","equal","equal","equal","equal","equal","equal","equal","equal","equal","equal","equal","equal","equal","equal","equal","equal","larger","larger","equal","equal","equal","equal","equal","larger","larger","larger","equal","equal","equal","larger","equal","equal","equal","equal","equal","equal","equal","equal","equal","equal","equal","equal","equal","equal","equal","equal","equal","equal","equal","equal","equal","equal","larger","equal","equal","equal","equal","equal","larger","equal","equal","equal","equal","equal","larger","equal","equal","equal","equal","equal","larger","equal","equal","equal","equal","equal","larger","equal","equal","equal","equal","equal","larger","equal","equal","equal","equal","equal","larger","equal","equal","equal","equal","equal","larger","equal","equal","equal"
12,"GN","reliable","exp1a_s12_GN_r","G","N",2,0,3,1.84649955263369,0.541647337377071,0.727238953756373,0,0,1,1,1,0.727238953756373,0,1,2,1.5,1.26888629113344,0.727238953756373,1,2,3,1.84649955263369,1.26888629113344,0.727238953756373,1,3,3,1.84649955263369,1.26888629113344,0.727238953756373,2,3,3,1.84649955263369,1.26888629113344,0.727238953756373,2,3,3,1.84649955263369,1.26888629113344,0.727238953756373,2,3,3,1.84649955263369,1.26888629113344,0.727238953756373,2,3,3,1.84649955263369,1.26888629113344,0.727238953756373,2,3,3,1.84649955263369,1.26888629113344,0.727238953756373,2,3,3,1.84649955263369,1.26888629113344,0.727238953756373,2,3,3,1.84649955263369,1.26888629113344,0.727238953756373,2,3,3,1.84649955263369,1.26888629113344,0.727238953756373,2,3,3,1.84649955263369,1.26888629113344,0.727238953756373,0,1,1,0.560473902150989,1.61653659041117,2.8489563907657,0,0,0,1,1,1,0,0,0,1.5,1.5,1.5,0,1,0,2,1.61653659041117,2,1,1,0,2.40697345478468,1.61653659041117,2.5,1,1,1,2.40697345478468,1.61653659041117,2.8489563907657,2,1,1,2.40697345478468,1.61653659041117,2.8489563907657,2,1,1,2.40697345478468,1.61653659041117,2.8489563907657,2,1,1,2.40697345478468,1.61653659041117,2.8489563907657,2,2,1,2.40697345478468,1.61653659041117,2.8489563907657,2,3,1,2.40697345478468,1.61653659041117,2.8489563907657,2,4,1,2.40697345478468,1.61653659041117,2.8489563907657,2,4,1,2.40697345478468,1.61653659041117,2.8489563907657,2,4,1,2.40697345478468,1.61653659041117,2.8489563907657,"equal","equal","equal","equal","larger","equal","equal","equal","equal","larger","larger","equal","equal","equal","equal","larger","equal","equal","equal","equal","equal","equal","equal","equal","equal","equal","equal","equal","equal","equal","equal","equal","equal","equal","equal","equal","equal","equal","equal","equal","equal","equal","equal","equal","equal","equal","equal","equal","equal","equal","equal","equal","equal","equal","equal","equal","equal","equal","equal","equal","equal","equal","equal","equal","equal","equal","equal","equal","equal","equal","equal","equal","equal","equal","equal","equal","equal","equal","equal","equal","equal","equal","equal","equal","equal","equal","larger","larger","equal","equal","equal","equal","equal","larger","larger","larger","equal","equal","equal","larger","larger","larger","equal","equal","equal","larger","equal","larger","equal","equal","equal","equal","equal","larger","equal","equal","equal","equal","equal","equal","equal","equal","larger","equal","equal","equal","equal","equal","larger","equal","equal","equal","equal","equal","larger","equal","equal","equal","equal","equal","larger","equal","equal","equal","equal","equal","larger","equal","equal","equal","equal","equal","larger","equal","equal","equal","equal","equal","larger","equal","equal","equal","equal","equal","larger","equal","equal","equal"
12,"GN","unreliable","exp1a_s12_GN_u","G","N",1,0,3,1.84649955263369,0.541647337377071,0.727238953756373,0,0,1,1,1,0.727238953756373,0,1,2,1.5,1.26888629113344,0.727238953756373,1,2,2,1.84649955263369,1.26888629113344,0.727238953756373,1,2,3,1.84649955263369,1.26888629113344,0.727238953756373,1,3,3,1.84649955263369,1.26888629113344,0.727238953756373,1,3,3,1.84649955263369,1.26888629113344,0.727238953756373,1,3,3,1.84649955263369,1.26888629113344,0.727238953756373,1,3,3,1.84649955263369,1.26888629113344,0.727238953756373,1,3,3,1.84649955263369,1.26888629113344,0.727238953756373,1,3,3,1.84649955263369,1.26888629113344,0.727238953756373,1,3,3,1.84649955263369,1.26888629113344,0.727238953756373,1,3,3,1.84649955263369,1.26888629113344,0.727238953756373,1,3,3,1.84649955263369,1.26888629113344,0.727238953756373,0,1,0,0.560473902150989,2.43383669713578,3.09694913681597,0,0,0,1,1,1,0,0,0,1.5,1.5,1.5,0,0,0,2,2,2,1,1,0,2.40697345478468,2.43383669713578,2.5,1,1,0,2.40697345478468,2.43383669713578,3,1,1,0,2.40697345478468,2.43383669713578,3.09694913681597,1,1,0,2.40697345478468,2.43383669713578,3.09694913681597,1,1,0,2.40697345478468,2.43383669713578,3.09694913681597,1,2,0,2.40697345478468,2.43383669713578,3.09694913681597,1,3,0,2.40697345478468,2.43383669713578,3.09694913681597,1,3,0,2.40697345478468,2.43383669713578,3.09694913681597,1,3,0,2.40697345478468,2.43383669713578,3.09694913681597,1,4,0,2.40697345478468,2.43383669713578,3.09694913681597,"equal","equal","equal","equal","larger","equal","equal","equal","equal","larger","larger","equal","equal","equal","equal","larger","equal","equal","equal","equal","equal","equal","equal","equal","equal","equal","equal","equal","equal","equal","equal","equal","equal","equal","equal","equal","equal","equal","equal","equal","equal","equal","equal","equal","equal","equal","equal","equal","equal","equal","equal","equal","equal","equal","equal","equal","equal","equal","equal","equal","equal","equal","equal","equal","equal","equal","equal","equal","equal","equal","equal","equal","equal","equal","equal","equal","equal","equal","equal","equal","equal","equal","equal","equal","equal","equal","larger","larger","equal","larger","equal","equal","equal","larger","larger","larger","equal","equal","equal","larger","larger","larger","equal","equal","equal","larger","larger","larger","equal","equal","equal","equal","equal","larger","equal","equal","equal","equal","equal","larger","equal","equal","larger","equal","equal","larger","equal","equal","larger","equal","equal","larger","equal","equal","larger","equal","equal","larger","equal","equal","larger","equal","equal","larger","equal","equal","larger","equal","equal","larger","equal","equal","larger","equal","equal","larger","equal","equal","larger","equal","equal","larger","equal","equal","larger","equal","equal","larger"
12,"GP","reliable","exp1a_s12_GP_r","G","P",1,0,3,2.72317269550442,0.541647337377071,0.727238953756373,0,0,1,1,1,0.727238953756373,0,1,2,1.5,1.26888629113344,0.727238953756373,0,2,3,2,1.26888629113344,0.727238953756373,0,3,3,2.5,1.26888629113344,0.727238953756373,1,3,3,2.72317269550442,1.26888629113344,0.727238953756373,1,3,3,2.72317269550442,1.26888629113344,0.727238953756373,1,3,3,2.72317269550442,1.26888629113344,0.727238953756373,1,3,3,2.72317269550442,1.26888629113344,0.727238953756373,1,3,3,2.72317269550442,1.26888629113344,0.727238953756373,1,3,3,2.72317269550442,1.26888629113344,0.727238953756373,1,3,3,2.72317269550442,1.26888629113344,0.727238953756373,1,3,3,2.72317269550442,1.26888629113344,0.727238953756373,1,3,3,2.72317269550442,1.26888629113344,0.727238953756373,0,0,0,0.560473902150989,3.57188320253044,3.09694913681597,0,0,0,1,1,1,0,0,0,1.5,1.5,1.5,0,0,0,2,2,2,0,0,0,2.5,2.5,2.5,0,0,0,3,3,3,1,0,0,3.28364659765541,3.5,3.09694913681597,1,0,0,3.28364659765541,4,3.09694913681597,1,0,0,3.28364659765541,4.5,3.09694913681597,1,1,0,3.28364659765541,4.84076949366389,3.09694913681597,1,2,0,3.28364659765541,4.84076949366389,3.09694913681597,1,3,0,3.28364659765541,4.84076949366389,3.09694913681597,1,3,0,3.28364659765541,4.84076949366389,3.09694913681597,1,3,0,3.28364659765541,4.84076949366389,3.09694913681597,"equal","equal","equal","equal","larger","equal","equal","equal","equal","larger","larger","equal","equal","equal","equal","larger","equal","equal","equal","equal","equal","larger","equal","equal","equal","equal","equal","larger","equal","equal","equal","equal","equal","equal","equal","equal","equal","equal","equal","equal","equal","equal","equal","equal","equal","equal","equal","equal","equal","equal","equal","equal","equal","equal","equal","equal","equal","equal","equal","equal","equal","equal","equal","equal","equal","equal","equal","equal","equal","equal","equal","equal","equal","equal","equal","equal","equal","equal","equal","equal","equal","equal","equal","equal","equal","equal","larger","larger","larger","larger","equal","equal","equal","larger","larger","larger","equal","equal","equal","larger","larger","larger","equal","equal","equal","larger","larger","larger","equal","equal","equal","larger","larger","larger","equal","equal","equal","larger","larger","larger","equal","equal","larger","equal","larger","larger","equal","equal","larger","equal","larger","larger","equal","equal","larger","equal","larger","larger","equal","equal","larger","equal","equal","larger","equal","equal","larger","equal","equal","larger","equal","equal","larger","equal","equal","larger","equal","equal","larger","equal","equal","larger","equal","equal","larger","equal","equal","larger"
12,"GP","unreliable","exp1a_s12_GP_u","G","P",0,0,3,6.01853002794087,0.541647337377071,0.727238953756373,0,0,1,1,1,0.727238953756373,0,1,2,1.5,1.26888629113344,0.727238953756373,0,2,2,2,1.26888629113344,0.727238953756373,0,2,3,2.5,1.26888629113344,0.727238953756373,0,3,3,3,1.26888629113344,0.727238953756373,0,3,3,3.5,1.26888629113344,0.727238953756373,0,3,3,4,1.26888629113344,0.727238953756373,0,3,3,4.5,1.26888629113344,0.727238953756373,0,3,3,5,1.26888629113344,0.727238953756373,0,3,3,5.5,1.26888629113344,0.727238953756373,0,3,3,6,1.26888629113344,0.727238953756373,0,3,3,6.5,1.26888629113344,0.727238953756373,0,3,3,7,1.26888629113344,0.727238953756373,0,0,0,0.560473902150989,3.57188320253044,3.09694913681597,0,0,0,1,1,1,0,0,0,1.5,1.5,1.5,0,0,0,2,2,2,0,0,0,2.5,2.5,2.5,0,0,0,3,3,3,0,0,0,3.5,3.5,3.09694913681597,0,0,0,4,4,3.09694913681597,0,0,0,4.5,4.5,3.09694913681597,0,1,0,5,4.84076949366389,3.09694913681597,0,2,0,5.5,4.84076949366389,3.09694913681597,0,2,0,6,4.84076949366389,3.09694913681597,0,2,0,6.5,4.84076949366389,3.09694913681597,0,3,0,7,4.84076949366389,3.09694913681597,"equal","equal","equal","larger","larger","equal","equal","equal","equal","larger","larger","equal","equal","equal","equal","larger","equal","equal","equal","equal","equal","larger","equal","equal","equal","equal","equal","larger","equal","equal","equal","equal","equal","larger","equal","equal","equal","equal","equal","larger","equal","equal","equal","equal","equal","larger","equal","equal","equal","equal","equal","larger","equal","equal","equal","equal","equal","larger","equal","equal","equal","equal","equal","larger","equal","equal","equal","equal","equal","larger","equal","equal","equal","equal","equal","larger","equal","equal","equal","equal","equal","larger","equal","equal","equal","equal","larger","larger","larger","larger","equal","equal","equal","larger","larger","larger","equal","equal","equal","larger","larger","larger","equal","equal","equal","larger","larger","larger","equal","equal","equal","larger","larger","larger","equal","equal","equal","larger","larger","larger","equal","equal","larger","larger","larger","larger","equal","equal","larger","larger","larger","larger","equal","equal","larger","larger","larger","larger","equal","equal","larger","larger","equal","larger","equal","equal","larger","larger","equal","larger","equal","equal","larger","larger","equal","larger","equal","equal","larger","larger","equal","larger","equal","equal","larger","larger","equal","larger"
12,"NG","reliable","exp1a_s12_NG_r","N","G",2,0,1,0.969618723087425,0.541647337377071,1.76169471162389,1,0,0,0.969618723087425,1,1,1,0,0,0.969618723087425,1.5,1.5,1,0,1,0.969618723087425,2,1.76169471162389,1,1,1,0.969618723087425,2.30334204900096,1.76169471162389,2,1,1,0.969618723087425,2.30334204900096,1.76169471162389,2,1,1,0.969618723087425,2.30334204900096,1.76169471162389,2,1,1,0.969618723087425,2.30334204900096,1.76169471162389,2,1,1,0.969618723087425,2.30334204900096,1.76169471162389,2,1,1,0.969618723087425,2.30334204900096,1.76169471162389,2,1,1,0.969618723087425,2.30334204900096,1.76169471162389,2,1,2,0.969618723087425,2.30334204900096,1.76169471162389,2,2,2,0.969618723087425,2.30334204900096,1.76169471162389,2,2,2,0.969618723087425,2.30334204900096,1.76169471162389,0,2,2,0.560473902150989,1.10976116307612,1.06615405376216,0,0,0,1,1,1,0,1,1,1.5,1.10976116307612,1.06615405376216,1,2,1,1.53009262523841,1.10976116307612,1.06615405376216,1,2,1,1.53009262523841,1.10976116307612,1.06615405376216,1,2,2,1.53009262523841,1.10976116307612,1.06615405376216,2,2,2,1.53009262523841,1.10976116307612,1.06615405376216,2,2,2,1.53009262523841,1.10976116307612,1.06615405376216,2,2,2,1.53009262523841,1.10976116307612,1.06615405376216,2,2,2,1.53009262523841,1.10976116307612,1.06615405376216,2,2,2,1.53009262523841,1.10976116307612,1.06615405376216,2,3,2,1.53009262523841,1.10976116307612,1.06615405376216,2,3,2,1.53009262523841,1.10976116307612,1.06615405376216,2,3,2,1.53009262523841,1.10976116307612,1.06615405376216,"equal","equal","equal","equal","larger","equal","equal","equal","equal","equal","larger","larger","equal","equal","equal","equal","larger","larger","equal","equal","equal","equal","larger","equal","equal","equal","equal","equal","equal","equal","equal","equal","equal","equal","equal","equal","equal","equal","equal","equal","equal","equal","equal","equal","equal","equal","equal","equal","equal","equal","equal","equal","equal","equal","equal","equal","equal","equal","equal","equal","equal","equal","equal","equal","equal","equal","equal","equal","equal","equal","equal","equal","equal","equal","equal","equal","equal","equal","equal","equal","equal","equal","equal","equal","equal","equal","larger","larger","equal","equal","equal","equal","equal","larger","larger","larger","equal","equal","equal","larger","equal","equal","equal","equal","equal","equal","equal","equal","equal","equal","equal","equal","equal","equal","equal","equal","equal","equal","equal","equal","equal","equal","larger","equal","equal","equal","equal","equal","larger","equal","equal","equal","equal","equal","larger","equal","equal","equal","equal","equal","larger","equal","equal","equal","equal","equal","larger","equal","equal","equal","equal","equal","larger","equal","equal","equal","equal","equal","larger","equal","equal","equal","equal","equal","larger","equal","equal","equal"
12,"NG","unreliable","exp1a_s12_NG_u","N","G",1,0,1,0.969618723087425,0.541647337377071,2.44947674515287,1,0,0,0.969618723087425,1,1,1,0,0,0.969618723087425,1.5,1.5,1,0,0,0.969618723087425,2,2,1,0,1,0.969618723087425,2.5,2.44947674515287,1,1,1,0.969618723087425,2.99112408252994,2.44947674515287,1,1,1,0.969618723087425,2.99112408252994,2.44947674515287,1,1,1,0.969618723087425,2.99112408252994,2.44947674515287,1,1,1,0.969618723087425,2.99112408252994,2.44947674515287,1,1,1,0.969618723087425,2.99112408252994,2.44947674515287,1,1,1,0.969618723087425,2.99112408252994,2.44947674515287,1,1,2,0.969618723087425,2.99112408252994,2.44947674515287,1,2,2,0.969618723087425,2.99112408252994,2.44947674515287,1,2,2,0.969618723087425,2.99112408252994,2.44947674515287,0,2,1,0.560473902150989,1.10976116307612,1.06615405376216,0,0,0,1,1,1,0,1,1,1.5,1.10976116307612,1.06615405376216,1,1,1,1.53009262523841,1.10976116307612,1.06615405376216,1,2,1,1.53009262523841,1.10976116307612,1.06615405376216,1,2,1,1.53009262523841,1.10976116307612,1.06615405376216,1,2,1,1.53009262523841,1.10976116307612,1.06615405376216,1,2,1,1.53009262523841,1.10976116307612,1.06615405376216,1,2,1,1.53009262523841,1.10976116307612,1.06615405376216,1,2,1,1.53009262523841,1.10976116307612,1.06615405376216,1,2,1,1.53009262523841,1.10976116307612,1.06615405376216,1,2,1,1.53009262523841,1.10976116307612,1.06615405376216,1,2,1,1.53009262523841,1.10976116307612,1.06615405376216,1,3,1,1.53009262523841,1.10976116307612,1.06615405376216,"equal","equal","equal","equal","larger","equal","equal","equal","equal","equal","larger","larger","equal","equal","equal","equal","larger","larger","equal","equal","equal","equal","larger","larger","equal","equal","equal","equal","larger","equal","equal","equal","equal","equal","equal","equal","equal","equal","equal","equal","equal","equal","equal","equal","equal","equal","equal","equal","equal","equal","equal","equal","equal","equal","equal","equal","equal","equal","equal","equal","equal","equal","equal","equal","equal","equal","equal","equal","equal","equal","equal","equal","equal","equal","equal","equal","equal","equal","equal","equal","equal","equal","equal","equal","equal","equal","larger","larger","equal","equal","equal","equal","equal","larger","larger","larger","equal","equal","equal","larger","equal","equal","equal","equal","equal","equal","equal","equal","equal","equal","equal","equal","equal","equal","equal","equal","equal","equal","equal","equal","equal","equal","larger","equal","equal","equal","equal","equal","larger","equal","equal","equal","equal","equal","larger","equal","equal","equal","equal","equal","larger","equal","equal","equal","equal","equal","larger","equal","equal","equal","equal","equal","larger","equal","equal","equal","equal","equal","larger","equal","equal","equal","equal","equal","larger","equal","equal","equal"
12,"NN","reliable","exp1a_s12_NN_r","N","N",1,0,1,2.72317269550442,0.541647337377071,1.76169471162389,0,0,0,1,1,1,0,0,0,1.5,1.5,1.5,0,0,1,2,2,1.76169471162389,0,1,1,2.5,2.30334204900096,1.76169471162389,1,1,1,2.72317269550442,2.30334204900096,1.76169471162389,1,1,1,2.72317269550442,2.30334204900096,1.76169471162389,1,1,1,2.72317269550442,2.30334204900096,1.76169471162389,1,1,1,2.72317269550442,2.30334204900096,1.76169471162389,1,1,1,2.72317269550442,2.30334204900096,1.76169471162389,1,1,1,2.72317269550442,2.30334204900096,1.76169471162389,1,1,1,2.72317269550442,2.30334204900096,1.76169471162389,1,1,1,2.72317269550442,2.30334204900096,1.76169471162389,1,1,1,2.72317269550442,2.30334204900096,1.76169471162389,0,1,1,0.560473902150989,1.61653659041117,2.8489563907657,0,0,0,1,1,1,0,0,0,1.5,1.5,1.5,0,1,0,2,1.61653659041117,2,0,1,0,2.5,1.61653659041117,2.5,0,1,1,3,1.61653659041117,2.8489563907657,1,1,1,3.28364659765541,1.61653659041117,2.8489563907657,1,1,1,3.28364659765541,1.61653659041117,2.8489563907657,1,1,1,3.28364659765541,1.61653659041117,2.8489563907657,1,1,1,3.28364659765541,1.61653659041117,2.8489563907657,1,1,1,3.28364659765541,1.61653659041117,2.8489563907657,1,2,1,3.28364659765541,1.61653659041117,2.8489563907657,1,2,1,3.28364659765541,1.61653659041117,2.8489563907657,1,2,1,3.28364659765541,1.61653659041117,2.8489563907657,"equal","equal","equal","equal","larger","equal","equal","equal","equal","larger","larger","larger","equal","equal","equal","larger","larger","larger","equal","equal","equal","larger","larger","equal","equal","equal","equal","larger","equal","equal","equal","equal","equal","equal","equal","equal","equal","equal","equal","equal","equal","equal","equal","equal","equal","equal","equal","equal","equal","equal","equal","equal","equal","equal","equal","equal","equal","equal","equal","equal","equal","equal","equal","equal","equal","equal","equal","equal","equal","equal","equal","equal","equal","equal","equal","equal","equal","equal","equal","equal","equal","equal","equal","equal","equal","equal","larger","larger","equal","equal","equal","equal","equal","larger","larger","larger","equal","equal","equal","larger","larger","larger","equal","equal","equal","larger","equal","larger","equal","equal","equal","larger","equal","larger","equal","equal","equal","larger","equal","equal","equal","equal","larger","equal","equal","equal","equal","equal","larger","equal","equal","equal","equal","equal","larger","equal","equal","equal","equal","equal","larger","equal","equal","equal","equal","equal","larger","equal","equal","equal","equal","equal","larger","equal","equal","equal","equal","equal","larger","equal","equal","equal","equal","equal","larger","equal","equal","equal"
12,"NN","unreliable","exp1a_s12_NN_u","N","N",0,0,1,6.01853002794087,0.541647337377071,2.44947674515287,0,0,0,1,1,1,0,0,0,1.5,1.5,1.5,0,0,0,2,2,2,0,0,1,2.5,2.5,2.44947674515287,0,1,1,3,2.99112408252994,2.44947674515287,0,1,1,3.5,2.99112408252994,2.44947674515287,0,1,1,4,2.99112408252994,2.44947674515287,0,1,1,4.5,2.99112408252994,2.44947674515287,0,1,1,5,2.99112408252994,2.44947674515287,0,1,1,5.5,2.99112408252994,2.44947674515287,0,1,1,6,2.99112408252994,2.44947674515287,0,1,1,6.5,2.99112408252994,2.44947674515287,0,1,1,7,2.99112408252994,2.44947674515287,0,1,0,0.560473902150989,2.43383669713578,3.09694913681597,0,0,0,1,1,1,0,0,0,1.5,1.5,1.5,0,0,0,2,2,2,0,1,0,2.5,2.43383669713578,2.5,0,1,0,3,2.43383669713578,3,0,1,0,3.5,2.43383669713578,3.09694913681597,0,1,0,4,2.43383669713578,3.09694913681597,0,1,0,4.5,2.43383669713578,3.09694913681597,0,1,0,5,2.43383669713578,3.09694913681597,0,1,0,5.5,2.43383669713578,3.09694913681597,0,1,0,6,2.43383669713578,3.09694913681597,0,1,0,6.5,2.43383669713578,3.09694913681597,0,2,0,7,2.43383669713578,3.09694913681597,"equal","equal","equal","larger","larger","equal","equal","equal","equal","larger","larger","larger","equal","equal","equal","larger","larger","larger","equal","equal","equal","larger","larger","larger","equal","equal","equal","larger","larger","equal","equal","equal","equal","larger","equal","equal","equal","equal","equal","larger","equal","equal","equal","equal","equal","larger","equal","equal","equal","equal","equal","larger","equal","equal","equal","equal","equal","larger","equal","equal","equal","equal","equal","larger","equal","equal","equal","equal","equal","larger","equal","equal","equal","equal","equal","larger","equal","equal","equal","equal","equal","larger","equal","equal","equal","equal","larger","larger","equal","larger","equal","equal","equal","larger","larger","larger","equal","equal","equal","larger","larger","larger","equal","equal","equal","larger","larger","larger","equal","equal","equal","larger","equal","larger","equal","equal","equal","larger","equal","larger","equal","equal","larger","larger","equal","larger","equal","equal","larger","larger","equal","larger","equal","equal","larger","larger","equal","larger","equal","equal","larger","larger","equal","larger","equal","equal","larger","larger","equal","larger","equal","equal","larger","larger","equal","larger","equal","equal","larger","larger","equal","larger","equal","equal","larger","larger","equal","larger"
12,"NP","reliable","exp1a_s12_NP_r","N","P",1,0,1,2.72317269550442,0.541647337377071,1.76169471162389,0,0,0,1,1,1,0,0,0,1.5,1.5,1.5,0,0,1,2,2,1.76169471162389,0,1,1,2.5,2.30334204900096,1.76169471162389,1,1,1,2.72317269550442,2.30334204900096,1.76169471162389,1,1,1,2.72317269550442,2.30334204900096,1.76169471162389,1,1,1,2.72317269550442,2.30334204900096,1.76169471162389,1,1,1,2.72317269550442,2.30334204900096,1.76169471162389,1,1,1,2.72317269550442,2.30334204900096,1.76169471162389,1,1,1,2.72317269550442,2.30334204900096,1.76169471162389,1,1,1,2.72317269550442,2.30334204900096,1.76169471162389,1,1,1,2.72317269550442,2.30334204900096,1.76169471162389,1,1,1,2.72317269550442,2.30334204900096,1.76169471162389,0,0,0,0.560473902150989,3.57188320253044,3.09694913681597,0,0,0,1,1,1,0,0,0,1.5,1.5,1.5,0,0,0,2,2,2,0,0,0,2.5,2.5,2.5,0,0,0,3,3,3,1,0,0,3.28364659765541,3.5,3.09694913681597,1,0,0,3.28364659765541,4,3.09694913681597,1,0,0,3.28364659765541,4.5,3.09694913681597,1,0,0,3.28364659765541,5,3.09694913681597,1,0,0,3.28364659765541,5.5,3.09694913681597,1,1,0,3.28364659765541,5.8752252515314,3.09694913681597,1,1,0,3.28364659765541,5.8752252515314,3.09694913681597,1,1,0,3.28364659765541,5.8752252515314,3.09694913681597,"equal","equal","equal","equal","larger","equal","equal","equal","equal","larger","larger","larger","equal","equal","equal","larger","larger","larger","equal","equal","equal","larger","larger","equal","equal","equal","equal","larger","equal","equal","equal","equal","equal","equal","equal","equal","equal","equal","equal","equal","equal","equal","equal","equal","equal","equal","equal","equal","equal","equal","equal","equal","equal","equal","equal","equal","equal","equal","equal","equal","equal","equal","equal","equal","equal","equal","equal","equal","equal","equal","equal","equal","equal","equal","equal","equal","equal","equal","equal","equal","equal","equal","equal","equal","equal","equal","larger","larger","larger","larger","equal","equal","equal","larger","larger","larger","equal","equal","equal","larger","larger","larger","equal","equal","equal","larger","larger","larger","equal","equal","equal","larger","larger","larger","equal","equal","equal","larger","larger","larger","equal","equal","larger","equal","larger","larger","equal","equal","larger","equal","larger","larger","equal","equal","larger","equal","larger","larger","equal","equal","larger","equal","larger","larger","equal","equal","larger","equal","larger","larger","equal","equal","larger","equal","equal","larger","equal","equal","larger","equal","equal","larger","equal","equal","larger","equal","equal","larger"
12,"NP","unreliable","exp1a_s12_NP_u","N","P",0,0,1,6.01853002794087,0.541647337377071,2.44947674515287,0,0,0,1,1,1,0,0,0,1.5,1.5,1.5,0,0,0,2,2,2,0,0,1,2.5,2.5,2.44947674515287,0,1,1,3,2.99112408252994,2.44947674515287,0,1,1,3.5,2.99112408252994,2.44947674515287,0,1,1,4,2.99112408252994,2.44947674515287,0,1,1,4.5,2.99112408252994,2.44947674515287,0,1,1,5,2.99112408252994,2.44947674515287,0,1,1,5.5,2.99112408252994,2.44947674515287,0,1,1,6,2.99112408252994,2.44947674515287,0,1,1,6.5,2.99112408252994,2.44947674515287,0,1,1,7,2.99112408252994,2.44947674515287,0,0,0,0.560473902150989,3.57188320253044,3.09694913681597,0,0,0,1,1,1,0,0,0,1.5,1.5,1.5,0,0,0,2,2,2,0,0,0,2.5,2.5,2.5,0,0,0,3,3,3,0,0,0,3.5,3.5,3.09694913681597,0,0,0,4,4,3.09694913681597,0,0,0,4.5,4.5,3.09694913681597,0,0,0,5,5,3.09694913681597,0,0,0,5.5,5.5,3.09694913681597,0,0,0,6,6,3.09694913681597,0,0,0,6.5,6.5,3.09694913681597,0,1,0,7,6.56300728506038,3.09694913681597,"equal","equal","equal","larger","larger","equal","equal","equal","equal","larger","larger","larger","equal","equal","equal","larger","larger","larger","equal","equal","equal","larger","larger","larger","equal","equal","equal","larger","larger","equal","equal","equal","equal","larger","equal","equal","equal","equal","equal","larger","equal","equal","equal","equal","equal","larger","equal","equal","equal","equal","equal","larger","equal","equal","equal","equal","equal","larger","equal","equal","equal","equal","equal","larger","equal","equal","equal","equal","equal","larger","equal","equal","equal","equal","equal","larger","equal","equal","equal","equal","equal","larger","equal","equal","equal","equal","larger","larger","larger","larger","equal","equal","equal","larger","larger","larger","equal","equal","equal","larger","larger","larger","equal","equal","equal","larger","larger","larger","equal","equal","equal","larger","larger","larger","equal","equal","equal","larger","larger","larger","equal","equal","larger","larger","larger","larger","equal","equal","larger","larger","larger","larger","equal","equal","larger","larger","larger","larger","equal","equal","larger","larger","larger","larger","equal","equal","larger","larger","larger","larger","equal","equal","larger","larger","larger","larger","equal","equal","larger","larger","larger","larger","equal","equal","larger","larger","equal","larger"
12,"PG","reliable","exp1a_s12_PG_r","P","G",1,0,0,2.72317269550442,0.541647337377071,4.66083720326424,0,0,0,1,1,1,0,0,0,1.5,1.5,1.5,0,0,0,2,2,2,0,0,0,2.5,2.5,2.5,1,0,0,2.72317269550442,3,3,1,0,0,2.72317269550442,3.5,3.5,1,0,0,2.72317269550442,4,4,1,0,0,2.72317269550442,4.5,4.5,1,0,0,2.72317269550442,5,5,1,0,0,2.72317269550442,5.5,5.5,1,0,1,2.72317269550442,6,5.7269912570264,1,1,1,2.72317269550442,6.26863859440347,5.7269912570264,1,1,1,2.72317269550442,6.26863859440347,5.7269912570264,0,2,2,0.560473902150989,1.10976116307612,1.06615405376216,0,0,0,1,1,1,0,1,1,1.5,1.10976116307612,1.06615405376216,0,2,1,2,1.10976116307612,1.06615405376216,0,2,1,2.5,1.10976116307612,1.06615405376216,0,2,2,3,1.10976116307612,1.06615405376216,1,2,2,3.28364659765541,1.10976116307612,1.06615405376216,1,2,2,3.28364659765541,1.10976116307612,1.06615405376216,1,2,2,3.28364659765541,1.10976116307612,1.06615405376216,1,2,2,3.28364659765541,1.10976116307612,1.06615405376216,1,2,2,3.28364659765541,1.10976116307612,1.06615405376216,1,2,2,3.28364659765541,1.10976116307612,1.06615405376216,1,2,2,3.28364659765541,1.10976116307612,1.06615405376216,1,2,2,3.28364659765541,1.10976116307612,1.06615405376216,"equal","equal","equal","equal","larger","larger","equal","equal","equal","larger","larger","larger","equal","equal","equal","larger","larger","larger","equal","equal","equal","larger","larger","larger","equal","equal","equal","larger","larger","larger","equal","equal","equal","equal","larger","larger","equal","equal","equal","equal","larger","larger","equal","equal","equal","equal","larger","larger","equal","equal","equal","equal","larger","larger","equal","equal","equal","equal","larger","larger","equal","equal","equal","equal","larger","larger","equal","equal","equal","equal","larger","equal","equal","equal","equal","equal","equal","equal","equal","equal","equal","equal","equal","equal","equal","equal","larger","larger","equal","equal","equal","equal","equal","larger","larger","larger","equal","equal","equal","larger","equal","equal","equal","equal","equal","larger","equal","equal","equal","equal","equal","larger","equal","equal","equal","equal","equal","larger","equal","equal","equal","equal","larger","equal","equal","equal","equal","equal","larger","equal","equal","equal","equal","equal","larger","equal","equal","equal","equal","equal","larger","equal","equal","equal","equal","equal","larger","equal","equal","equal","equal","equal","larger","equal","equal","equal","equal","equal","larger","equal","equal","equal","equal","equal","larger","equal","equal","equal"
12,"PG","unreliable","exp1a_s12_PG_u","P","G",0,0,0,6.01853002794087,0.541647337377071,4.66083720326424,0,0,0,1,1,1,0,0,0,1.5,1.5,1.5,0,0,0,2,2,2,0,0,0,2.5,2.5,2.5,0,0,0,3,3,3,0,0,0,3.5,3.5,3.5,0,0,0,4,4,4,0,0,0,4.5,4.5,4.5,0,0,0,5,5,5,0,0,0,5.5,5.5,5.5,0,0,1,6,6,5.7269912570264,0,1,1,6.5,6.26863859440347,5.7269912570264,0,1,1,7,6.26863859440347,5.7269912570264,0,2,1,0.560473902150989,1.10976116307612,1.06615405376216,0,0,0,1,1,1,0,1,1,1.5,1.10976116307612,1.06615405376216,0,1,1,2,1.10976116307612,1.06615405376216,0,2,1,2.5,1.10976116307612,1.06615405376216,0,2,1,3,1.10976116307612,1.06615405376216,0,2,1,3.5,1.10976116307612,1.06615405376216,0,2,1,4,1.10976116307612,1.06615405376216,0,2,1,4.5,1.10976116307612,1.06615405376216,0,2,1,5,1.10976116307612,1.06615405376216,0,2,1,5.5,1.10976116307612,1.06615405376216,0,2,1,6,1.10976116307612,1.06615405376216,0,2,1,6.5,1.10976116307612,1.06615405376216,0,2,1,7,1.10976116307612,1.06615405376216,"equal","equal","equal","larger","larger","larger","equal","equal","equal","larger","larger","larger","equal","equal","equal","larger","larger","larger","equal","equal","equal","larger","larger","larger","equal","equal","equal","larger","larger","larger","equal","equal","equal","larger","larger","larger","equal","equal","equal","larger","larger","larger","equal","equal","equal","larger","larger","larger","equal","equal","equal","larger","larger","larger","equal","equal","equal","larger","larger","larger","equal","equal","equal","larger","larger","larger","equal","equal","equal","larger","larger","equal","equal","equal","equal","larger","equal","equal","equal","equal","equal","larger","equal","equal","equal","equal","larger","larger","equal","equal","equal","equal","equal","larger","larger","larger","equal","equal","equal","larger","equal","equal","equal","equal","equal","larger","equal","equal","equal","equal","equal","larger","equal","equal","equal","equal","equal","larger","equal","equal","equal","equal","larger","larger","equal","equal","equal","equal","larger","larger","equal","equal","equal","equal","larger","larger","equal","equal","equal","equal","larger","larger","equal","equal","equal","equal","larger","larger","equal","equal","equal","equal","larger","larger","equal","equal","equal","equal","larger","larger","equal","equal","equal","equal","larger","larger","equal","equal"
12,"PN","reliable","exp1a_s12_PN_r","P","N",1,0,0,2.72317269550442,0.541647337377071,4.66083720326424,0,0,0,1,1,1,0,0,0,1.5,1.5,1.5,0,0,0,2,2,2,0,0,0,2.5,2.5,2.5,1,0,0,2.72317269550442,3,3,1,0,0,2.72317269550442,3.5,3.5,1,0,0,2.72317269550442,4,4,1,0,0,2.72317269550442,4.5,4.5,1,0,0,2.72317269550442,5,5,1,0,0,2.72317269550442,5.5,5.5,1,0,0,2.72317269550442,6,6,1,0,0,2.72317269550442,6.5,6.5,1,0,0,2.72317269550442,7,7,0,1,1,0.560473902150989,1.61653659041117,2.8489563907657,0,0,0,1,1,1,0,0,0,1.5,1.5,1.5,0,1,0,2,1.61653659041117,2,0,1,0,2.5,1.61653659041117,2.5,0,1,1,3,1.61653659041117,2.8489563907657,1,1,1,3.28364659765541,1.61653659041117,2.8489563907657,1,1,1,3.28364659765541,1.61653659041117,2.8489563907657,1,1,1,3.28364659765541,1.61653659041117,2.8489563907657,1,1,1,3.28364659765541,1.61653659041117,2.8489563907657,1,1,1,3.28364659765541,1.61653659041117,2.8489563907657,1,1,1,3.28364659765541,1.61653659041117,2.8489563907657,1,1,1,3.28364659765541,1.61653659041117,2.8489563907657,1,1,1,3.28364659765541,1.61653659041117,2.8489563907657,"equal","equal","equal","equal","larger","larger","equal","equal","equal","larger","larger","larger","equal","equal","equal","larger","larger","larger","equal","equal","equal","larger","larger","larger","equal","equal","equal","larger","larger","larger","equal","equal","equal","equal","larger","larger","equal","equal","equal","equal","larger","larger","equal","equal","equal","equal","larger","larger","equal","equal","equal","equal","larger","larger","equal","equal","equal","equal","larger","larger","equal","equal","equal","equal","larger","larger","equal","equal","equal","equal","larger","larger","equal","equal","equal","equal","larger","larger","equal","equal","equal","equal","larger","larger","equal","equal","larger","larger","equal","equal","equal","equal","equal","larger","larger","larger","equal","equal","equal","larger","larger","larger","equal","equal","equal","larger","equal","larger","equal","equal","equal","larger","equal","larger","equal","equal","equal","larger","equal","equal","equal","equal","larger","equal","equal","equal","equal","equal","larger","equal","equal","equal","equal","equal","larger","equal","equal","equal","equal","equal","larger","equal","equal","equal","equal","equal","larger","equal","equal","equal","equal","equal","larger","equal","equal","equal","equal","equal","larger","equal","equal","equal","equal","equal","larger","equal","equal","equal"
12,"PN","unreliable","exp1a_s12_PN_u","P","N",0,0,0,6.01853002794087,0.541647337377071,4.66083720326424,0,0,0,1,1,1,0,0,0,1.5,1.5,1.5,0,0,0,2,2,2,0,0,0,2.5,2.5,2.5,0,0,0,3,3,3,0,0,0,3.5,3.5,3.5,0,0,0,4,4,4,0,0,0,4.5,4.5,4.5,0,0,0,5,5,5,0,0,0,5.5,5.5,5.5,0,0,0,6,6,6,0,0,0,6.5,6.5,6.5,0,0,0,7,7,7,0,1,0,0.560473902150989,2.43383669713578,3.09694913681597,0,0,0,1,1,1,0,0,0,1.5,1.5,1.5,0,0,0,2,2,2,0,1,0,2.5,2.43383669713578,2.5,0,1,0,3,2.43383669713578,3,0,1,0,3.5,2.43383669713578,3.09694913681597,0,1,0,4,2.43383669713578,3.09694913681597,0,1,0,4.5,2.43383669713578,3.09694913681597,0,1,0,5,2.43383669713578,3.09694913681597,0,1,0,5.5,2.43383669713578,3.09694913681597,0,1,0,6,2.43383669713578,3.09694913681597,0,1,0,6.5,2.43383669713578,3.09694913681597,0,1,0,7,2.43383669713578,3.09694913681597,"equal","equal","equal","larger","larger","larger","equal","equal","equal","larger","larger","larger","equal","equal","equal","larger","larger","larger","equal","equal","equal","larger","larger","larger","equal","equal","equal","larger","larger","larger","equal","equal","equal","larger","larger","larger","equal","equal","equal","larger","larger","larger","equal","equal","equal","larger","larger","larger","equal","equal","equal","larger","larger","larger","equal","equal","equal","larger","larger","larger","equal","equal","equal","larger","larger","larger","equal","equal","equal","larger","larger","larger","equal","equal","equal","larger","larger","larger","equal","equal","equal","larger","larger","larger","equal","equal","larger","larger","equal","larger","equal","equal","equal","larger","larger","larger","equal","equal","equal","larger","larger","larger","equal","equal","equal","larger","larger","larger","equal","equal","equal","larger","equal","larger","equal","equal","equal","larger","equal","larger","equal","equal","larger","larger","equal","larger","equal","equal","larger","larger","equal","larger","equal","equal","larger","larger","equal","larger","equal","equal","larger","larger","equal","larger","equal","equal","larger","larger","equal","larger","equal","equal","larger","larger","equal","larger","equal","equal","larger","larger","equal","larger","equal","equal","larger","larger","equal","larger"
12,"PP","reliable","exp1a_s12_PP_r","P","P",1,0,0,2.72317269550442,0.541647337377071,4.66083720326424,0,0,0,1,1,1,0,0,0,1.5,1.5,1.5,0,0,0,2,2,2,0,0,0,2.5,2.5,2.5,1,0,0,2.72317269550442,3,3,1,0,0,2.72317269550442,3.5,3.5,1,0,0,2.72317269550442,4,4,1,0,0,2.72317269550442,4.5,4.5,1,0,0,2.72317269550442,5,5,1,0,0,2.72317269550442,5.5,5.5,1,0,0,2.72317269550442,6,6,1,0,0,2.72317269550442,6.5,6.5,1,0,0,2.72317269550442,7,7,0,0,0,0.560473902150989,3.57188320253044,3.09694913681597,0,0,0,1,1,1,0,0,0,1.5,1.5,1.5,0,0,0,2,2,2,0,0,0,2.5,2.5,2.5,0,0,0,3,3,3,1,0,0,3.28364659765541,3.5,3.09694913681597,1,0,0,3.28364659765541,4,3.09694913681597,1,0,0,3.28364659765541,4.5,3.09694913681597,1,0,0,3.28364659765541,5,3.09694913681597,1,0,0,3.28364659765541,5.5,3.09694913681597,1,0,0,3.28364659765541,6,3.09694913681597,1,0,0,3.28364659765541,6.5,3.09694913681597,1,0,0,3.28364659765541,7,3.09694913681597,"equal","equal","equal","equal","larger","larger","equal","equal","equal","larger","larger","larger","equal","equal","equal","larger","larger","larger","equal","equal","equal","larger","larger","larger","equal","equal","equal","larger","larger","larger","equal","equal","equal","equal","larger","larger","equal","equal","equal","equal","larger","larger","equal","equal","equal","equal","larger","larger","equal","equal","equal","equal","larger","larger","equal","equal","equal","equal","larger","larger","equal","equal","equal","equal","larger","larger","equal","equal","equal","equal","larger","larger","equal","equal","equal","equal","larger","larger","equal","equal","equal","equal","larger","larger","equal","equal","larger","larger","larger","larger","equal","equal","equal","larger","larger","larger","equal","equal","equal","larger","larger","larger","equal","equal","equal","larger","larger","larger","equal","equal","equal","larger","larger","larger","equal","equal","equal","larger","larger","larger","equal","equal","larger","equal","larger","larger","equal","equal","larger","equal","larger","larger","equal","equal","larger","equal","larger","larger","equal","equal","larger","equal","larger","larger","equal","equal","larger","equal","larger","larger","equal","equal","larger","equal","larger","larger","equal","equal","larger","equal","larger","larger","equal","equal","larger","equal","larger","larger"
12,"PP","unreliable","exp1a_s12_PP_u","P","P",0,0,0,6.01853002794087,0.541647337377071,4.66083720326424,0,0,0,1,1,1,0,0,0,1.5,1.5,1.5,0,0,0,2,2,2,0,0,0,2.5,2.5,2.5,0,0,0,3,3,3,0,0,0,3.5,3.5,3.5,0,0,0,4,4,4,0,0,0,4.5,4.5,4.5,0,0,0,5,5,5,0,0,0,5.5,5.5,5.5,0,0,0,6,6,6,0,0,0,6.5,6.5,6.5,0,0,0,7,7,7,0,0,0,0.560473902150989,3.57188320253044,3.09694913681597,0,0,0,1,1,1,0,0,0,1.5,1.5,1.5,0,0,0,2,2,2,0,0,0,2.5,2.5,2.5,0,0,0,3,3,3,0,0,0,3.5,3.5,3.09694913681597,0,0,0,4,4,3.09694913681597,0,0,0,4.5,4.5,3.09694913681597,0,0,0,5,5,3.09694913681597,0,0,0,5.5,5.5,3.09694913681597,0,0,0,6,6,3.09694913681597,0,0,0,6.5,6.5,3.09694913681597,0,0,0,7,7,3.09694913681597,"equal","equal","equal","larger","larger","larger","equal","equal","equal","larger","larger","larger","equal","equal","equal","larger","larger","larger","equal","equal","equal","larger","larger","larger","equal","equal","equal","larger","larger","larger","equal","equal","equal","larger","larger","larger","equal","equal","equal","larger","larger","larger","equal","equal","equal","larger","larger","larger","equal","equal","equal","larger","larger","larger","equal","equal","equal","larger","larger","larger","equal","equal","equal","larger","larger","larger","equal","equal","equal","larger","larger","larger","equal","equal","equal","larger","larger","larger","equal","equal","equal","larger","larger","larger","equal","equal","larger","larger","larger","larger","equal","equal","equal","larger","larger","larger","equal","equal","equal","larger","larger","larger","equal","equal","equal","larger","larger","larger","equal","equal","equal","larger","larger","larger","equal","equal","equal","larger","larger","larger","equal","equal","larger","larger","larger","larger","equal","equal","larger","larger","larger","larger","equal","equal","larger","larger","larger","larger","equal","equal","larger","larger","larger","larger","equal","equal","larger","larger","larger","larger","equal","equal","larger","larger","larger","larger","equal","equal","larger","larger","larger","larger","equal","equal","larger","larger","larger","larger"
13,"GG","reliable","exp1a_s13_GG_r","G","G",2,2,2,1.43137001759542,1.58211484151354,0.868010085243338,0,0,1,1,1,0.868010085243338,1,0,1,1.43137001759542,1.5,0.868010085243338,1,1,1,1.43137001759542,1.58211484151354,0.868010085243338,2,1,2,1.43137001759542,1.58211484151354,0.868010085243338,2,2,2,1.43137001759542,1.58211484151354,0.868010085243338,2,2,2,1.43137001759542,1.58211484151354,0.868010085243338,2,2,2,1.43137001759542,1.58211484151354,0.868010085243338,2,2,2,1.43137001759542,1.58211484151354,0.868010085243338,2,2,2,1.43137001759542,1.58211484151354,0.868010085243338,2,2,2,1.43137001759542,1.58211484151354,0.868010085243338,2,2,2,1.43137001759542,1.58211484151354,0.868010085243338,3,3,2,1.43137001759542,1.58211484151354,0.868010085243338,3,3,2,1.43137001759542,1.58211484151354,0.868010085243338,0,3,1,0.511668238090351,0.598988262205745,1.16871357370948,0,1,0,1,0.598988262205745,1,1,1,1,1.1106565002961,0.598988262205745,1.16871357370948,1,2,1,1.1106565002961,0.598988262205745,1.16871357370948,2,2,1,1.1106565002961,0.598988262205745,1.16871357370948,2,3,1,1.1106565002961,0.598988262205745,1.16871357370948,3,3,2,1.1106565002961,0.598988262205745,1.16871357370948,3,3,2,1.1106565002961,0.598988262205745,1.16871357370948,3,3,3,1.1106565002961,0.598988262205745,1.16871357370948,3,4,3,1.1106565002961,0.598988262205745,1.16871357370948,4,4,3,1.1106565002961,0.598988262205745,1.16871357370948,4,4,3,1.1106565002961,0.598988262205745,1.16871357370948,4,4,3,1.1106565002961,0.598988262205745,1.16871357370948,4,4,3,1.1106565002961,0.598988262205745,1.16871357370948,"equal","equal","larger","equal","equal","equal","equal","equal","equal","larger","larger","equal","equal","equal","equal","equal","larger","equal","equal","equal","equal","equal","equal","equal","equal","equal","equal","equal","equal","equal","equal","equal","larger","equal","equal","equal","equal","equal","larger","equal","equal","equal","equal","equal","larger","equal","equal","equal","equal","equal","larger","equal","equal","equal","equal","equal","larger","equal","equal","equal","equal","equal","larger","equal","equal","equal","equal","equal","larger","equal","equal","equal","equal","equal","larger","equal","equal","equal","equal","equal","larger","equal","equal","equal","equal","equal","equal","larger","equal","equal","equal","equal","equal","larger","equal","larger","equal","equal","equal","equal","equal","equal","equal","equal","equal","equal","equal","equal","equal","equal","equal","equal","equal","equal","equal","equal","equal","equal","equal","equal","equal","equal","equal","equal","equal","equal","equal","equal","equal","equal","equal","equal","equal","equal","equal","equal","equal","equal","equal","equal","equal","equal","equal","equal","equal","equal","equal","equal","equal","equal","equal","equal","equal","equal","equal","equal","equal","equal","equal","equal","equal","equal","equal","equal","equal","equal","equal","equal"
13,"GG","unreliable","exp1a_s13_GG_u","G","G",2,3,1,1.43137001759542,0.874331875652828,0.868010085243338,0,1,1,1,0.874331875652828,0.868010085243338,1,1,1,1.43137001759542,0.874331875652828,0.868010085243338,1,2,1,1.43137001759542,0.874331875652828,0.868010085243338,1,2,1,1.43137001759542,0.874331875652828,0.868010085243338,2,2,1,1.43137001759542,0.874331875652828,0.868010085243338,2,2,1,1.43137001759542,0.874331875652828,0.868010085243338,2,3,1,1.43137001759542,0.874331875652828,0.868010085243338,2,3,1,1.43137001759542,0.874331875652828,0.868010085243338,2,3,1,1.43137001759542,0.874331875652828,0.868010085243338,2,3,1,1.43137001759542,0.874331875652828,0.868010085243338,3,3,1,1.43137001759542,0.874331875652828,0.868010085243338,4,4,1,1.43137001759542,0.874331875652828,0.868010085243338,4,4,1,1.43137001759542,0.874331875652828,0.868010085243338,0,3,1,0.511668238090351,0.598988262205745,1.16871357370948,0,1,0,1,0.598988262205745,1,1,2,1,1.1106565002961,0.598988262205745,1.16871357370948,2,3,1,1.1106565002961,0.598988262205745,1.16871357370948,3,3,1,1.1106565002961,0.598988262205745,1.16871357370948,3,3,1,1.1106565002961,0.598988262205745,1.16871357370948,3,3,2,1.1106565002961,0.598988262205745,1.16871357370948,3,3,2,1.1106565002961,0.598988262205745,1.16871357370948,3,3,2,1.1106565002961,0.598988262205745,1.16871357370948,3,4,3,1.1106565002961,0.598988262205745,1.16871357370948,4,4,3,1.1106565002961,0.598988262205745,1.16871357370948,4,4,3,1.1106565002961,0.598988262205745,1.16871357370948,4,4,3,1.1106565002961,0.598988262205745,1.16871357370948,4,4,3,1.1106565002961,0.598988262205745,1.16871357370948,"equal","equal","larger","equal","equal","equal","equal","equal","equal","larger","equal","equal","equal","equal","equal","equal","equal","equal","equal","equal","equal","equal","equal","equal","equal","equal","equal","equal","equal","equal","equal","equal","larger","equal","equal","equal","equal","equal","larger","equal","equal","equal","equal","equal","larger","equal","equal","equal","equal","equal","larger","equal","equal","equal","equal","equal","larger","equal","equal","equal","equal","equal","larger","equal","equal","equal","equal","equal","larger","equal","equal","equal","equal","equal","larger","equal","equal","equal","equal","equal","larger","equal","equal","equal","equal","equal","equal","larger","equal","equal","equal","equal","equal","larger","equal","larger","equal","equal","equal","equal","equal","equal","equal","equal","equal","equal","equal","equal","equal","equal","equal","equal","equal","equal","equal","equal","equal","equal","equal","equal","equal","equal","equal","equal","equal","equal","equal","equal","equal","equal","equal","equal","equal","equal","equal","equal","equal","equal","equal","equal","equal","equal","equal","equal","equal","equal","equal","equal","equal","equal","equal","equal","equal","equal","equal","equal","equal","equal","equal","equal","equal","equal","equal","equal","equal","equal","equal","equal"
13,"GN","reliable","exp1a_s13_GN_r","G","N",2,2,2,1.43137001759542,1.58211484151354,0.868010085243338,0,0,1,1,1,0.868010085243338,1,0,1,1.43137001759542,1.5,0.868010085243338,1,1,1,1.43137001759542,1.58211484151354,0.868010085243338,2,1,2,1.43137001759542,1.58211484151354,0.868010085243338,2,2,2,1.43137001759542,1.58211484151354,0.868010085243338,2,2,2,1.43137001759542,1.58211484151354,0.868010085243338,2,2,2,1.43137001759542,1.58211484151354,0.868010085243338,2,2,2,1.43137001759542,1.58211484151354,0.868010085243338,2,2,2,1.43137001759542,1.58211484151354,0.868010085243338,2,2,2,1.43137001759542,1.58211484151354,0.868010085243338,2,2,2,1.43137001759542,1.58211484151354,0.868010085243338,3,3,2,1.43137001759542,1.58211484151354,0.868010085243338,3,3,2,1.43137001759542,1.58211484151354,0.868010085243338,0,1,0,0.511668238090351,2.76828279821091,2.05171361332759,0,0,0,1,1,1,0,0,0,1.5,1.5,1.5,0,0,0,2,2,2,0,0,0,2.5,2.5,2.5,0,1,0,3,2.76828279821091,3,1,1,1,3.27995103630126,2.76828279821091,3.48308363092302,1,1,1,3.27995103630126,2.76828279821091,3.48308363092302,1,1,2,3.27995103630126,2.76828279821091,3.48308363092302,1,1,2,3.27995103630126,2.76828279821091,3.48308363092302,1,1,2,3.27995103630126,2.76828279821091,3.48308363092302,1,1,2,3.27995103630126,2.76828279821091,3.48308363092302,1,1,2,3.27995103630126,2.76828279821091,3.48308363092302,1,1,2,3.27995103630126,2.76828279821091,3.48308363092302,"equal","equal","larger","equal","equal","equal","equal","equal","equal","larger","larger","equal","equal","equal","equal","equal","larger","equal","equal","equal","equal","equal","equal","equal","equal","equal","equal","equal","equal","equal","equal","equal","larger","equal","equal","equal","equal","equal","larger","equal","equal","equal","equal","equal","larger","equal","equal","equal","equal","equal","larger","equal","equal","equal","equal","equal","larger","equal","equal","equal","equal","equal","larger","equal","equal","equal","equal","equal","larger","equal","equal","equal","equal","equal","larger","equal","equal","equal","equal","equal","larger","equal","equal","equal","equal","equal","equal","larger","equal","larger","equal","equal","equal","larger","larger","larger","equal","equal","equal","larger","larger","larger","equal","equal","equal","larger","larger","larger","equal","equal","equal","larger","larger","larger","equal","equal","equal","larger","equal","larger","equal","equal","equal","equal","equal","equal","equal","equal","equal","equal","equal","equal","equal","equal","equal","equal","equal","equal","equal","equal","equal","equal","equal","equal","equal","equal","equal","equal","equal","equal","equal","equal","equal","equal","equal","equal","equal","equal","equal","equal","equal","equal","equal","equal","equal","equal","equal","equal"
13,"GN","unreliable","exp1a_s13_GN_u","G","N",2,3,1,1.43137001759542,0.874331875652828,0.868010085243338,0,1,1,1,0.874331875652828,0.868010085243338,1,1,1,1.43137001759542,0.874331875652828,0.868010085243338,1,2,1,1.43137001759542,0.874331875652828,0.868010085243338,1,2,1,1.43137001759542,0.874331875652828,0.868010085243338,2,2,1,1.43137001759542,0.874331875652828,0.868010085243338,2,2,1,1.43137001759542,0.874331875652828,0.868010085243338,2,3,1,1.43137001759542,0.874331875652828,0.868010085243338,2,3,1,1.43137001759542,0.874331875652828,0.868010085243338,2,3,1,1.43137001759542,0.874331875652828,0.868010085243338,2,3,1,1.43137001759542,0.874331875652828,0.868010085243338,3,3,1,1.43137001759542,0.874331875652828,0.868010085243338,4,4,1,1.43137001759542,0.874331875652828,0.868010085243338,4,4,1,1.43137001759542,0.874331875652828,0.868010085243338,0,1,0,0.511668238090351,1.13061309277323,2.05171361332759,0,0,0,1,1,1,0,1,0,1.5,1.13061309277323,1.5,1,1,0,1.64228133086358,1.13061309277323,2,1,1,0,1.64228133086358,1.13061309277323,2.5,1,1,0,1.64228133086358,1.13061309277323,3,1,1,1,1.64228133086358,1.13061309277323,3.48308363092302,1,1,1,1.64228133086358,1.13061309277323,3.48308363092302,1,1,1,1.64228133086358,1.13061309277323,3.48308363092302,1,1,2,1.64228133086358,1.13061309277323,3.48308363092302,1,1,2,1.64228133086358,1.13061309277323,3.48308363092302,1,1,2,1.64228133086358,1.13061309277323,3.48308363092302,1,1,2,1.64228133086358,1.13061309277323,3.48308363092302,1,1,2,1.64228133086358,1.13061309277323,3.48308363092302,"equal","equal","larger","equal","equal","equal","equal","equal","equal","larger","equal","equal","equal","equal","equal","equal","equal","equal","equal","equal","equal","equal","equal","equal","equal","equal","equal","equal","equal","equal","equal","equal","larger","equal","equal","equal","equal","equal","larger","equal","equal","equal","equal","equal","larger","equal","equal","equal","equal","equal","larger","equal","equal","equal","equal","equal","larger","equal","equal","equal","equal","equal","larger","equal","equal","equal","equal","equal","larger","equal","equal","equal","equal","equal","larger","equal","equal","equal","equal","equal","larger","equal","equal","equal","equal","equal","equal","larger","equal","larger","equal","equal","equal","larger","larger","larger","equal","equal","equal","larger","equal","larger","equal","equal","equal","equal","equal","larger","equal","equal","equal","equal","equal","larger","equal","equal","equal","equal","equal","larger","equal","equal","equal","equal","equal","equal","equal","equal","equal","equal","equal","equal","equal","equal","equal","equal","equal","equal","equal","equal","equal","equal","equal","equal","equal","equal","equal","equal","equal","equal","equal","equal","equal","equal","equal","equal","equal","equal","equal","equal","equal","equal","equal","equal","equal","equal","equal","equal"
13,"GP","reliable","exp1a_s13_GP_r","G","P",1,2,2,2.24431954888581,1.58211484151354,0.868010085243338,0,0,1,1,1,0.868010085243338,0,0,1,1.5,1.5,0.868010085243338,0,1,1,2,1.58211484151354,0.868010085243338,1,1,2,2.24431954888581,1.58211484151354,0.868010085243338,1,2,2,2.24431954888581,1.58211484151354,0.868010085243338,1,2,2,2.24431954888581,1.58211484151354,0.868010085243338,1,2,2,2.24431954888581,1.58211484151354,0.868010085243338,1,2,2,2.24431954888581,1.58211484151354,0.868010085243338,1,2,2,2.24431954888581,1.58211484151354,0.868010085243338,1,2,2,2.24431954888581,1.58211484151354,0.868010085243338,1,2,2,2.24431954888581,1.58211484151354,0.868010085243338,2,3,2,2.24431954888581,1.58211484151354,0.868010085243338,2,3,2,2.24431954888581,1.58211484151354,0.868010085243338,0,0,0,0.511668238090351,3.80205729673617,2.05171361332759,0,0,0,1,1,1,0,0,0,1.5,1.5,1.5,0,0,0,2,2,2,0,0,0,2.5,2.5,2.5,0,0,0,3,3,3,0,0,0,3.5,3.5,3.5,0,0,0,4,4,4,0,0,1,4.5,4.5,4.2960331622134,0,0,1,5,5,4.2960331622134,0,0,1,5.5,5.5,4.2960331622134,0,0,1,6,6,4.2960331622134,0,0,1,6.5,6.5,4.2960331622134,0,0,1,7,7,4.2960331622134,"equal","equal","larger","equal","equal","equal","equal","equal","equal","larger","larger","equal","equal","equal","equal","larger","larger","equal","equal","equal","equal","larger","equal","equal","equal","equal","equal","equal","equal","equal","equal","equal","larger","equal","equal","equal","equal","equal","larger","equal","equal","equal","equal","equal","larger","equal","equal","equal","equal","equal","larger","equal","equal","equal","equal","equal","larger","equal","equal","equal","equal","equal","larger","equal","equal","equal","equal","equal","larger","equal","equal","equal","equal","equal","larger","equal","equal","equal","equal","equal","larger","equal","equal","equal","equal","equal","equal","larger","larger","larger","equal","equal","equal","larger","larger","larger","equal","equal","equal","larger","larger","larger","equal","equal","equal","larger","larger","larger","equal","equal","equal","larger","larger","larger","equal","equal","equal","larger","larger","larger","equal","equal","equal","larger","larger","larger","equal","equal","equal","larger","larger","larger","equal","equal","equal","larger","larger","equal","equal","equal","equal","larger","larger","equal","equal","equal","equal","larger","larger","equal","equal","equal","equal","larger","larger","equal","equal","equal","equal","larger","larger","equal","equal","equal","equal","larger","larger","equal"
13,"GP","unreliable","exp1a_s13_GP_u","G","P",1,3,1,2.88607995686879,0.874331875652828,0.868010085243338,0,1,1,1,0.874331875652828,0.868010085243338,0,1,1,1.5,0.874331875652828,0.868010085243338,0,2,1,2,0.874331875652828,0.868010085243338,0,2,1,2.5,0.874331875652828,0.868010085243338,1,2,1,2.88607995686879,0.874331875652828,0.868010085243338,1,2,1,2.88607995686879,0.874331875652828,0.868010085243338,1,3,1,2.88607995686879,0.874331875652828,0.868010085243338,1,3,1,2.88607995686879,0.874331875652828,0.868010085243338,1,3,1,2.88607995686879,0.874331875652828,0.868010085243338,1,3,1,2.88607995686879,0.874331875652828,0.868010085243338,2,3,1,2.88607995686879,0.874331875652828,0.868010085243338,3,4,1,2.88607995686879,0.874331875652828,0.868010085243338,3,4,1,2.88607995686879,0.874331875652828,0.868010085243338,0,0,0,0.511668238090351,3.80205729673617,2.05171361332759,0,0,0,1,1,1,0,0,0,1.5,1.5,1.5,0,0,0,2,2,2,0,0,0,2.5,2.5,2.5,0,0,0,3,3,3,0,0,0,3.5,3.5,3.5,0,0,0,4,4,4,0,0,0,4.5,4.5,4.5,0,0,1,5,5,4.93779357019638,0,0,1,5.5,5.5,4.93779357019638,0,0,1,6,6,4.93779357019638,0,0,1,6.5,6.5,4.93779357019638,0,0,1,7,7,4.93779357019638,"equal","equal","larger","equal","equal","equal","equal","equal","equal","larger","equal","equal","equal","equal","equal","larger","equal","equal","equal","equal","equal","larger","equal","equal","equal","equal","equal","larger","equal","equal","equal","equal","larger","equal","equal","equal","equal","equal","larger","equal","equal","equal","equal","equal","larger","equal","equal","equal","equal","equal","larger","equal","equal","equal","equal","equal","larger","equal","equal","equal","equal","equal","larger","equal","equal","equal","equal","equal","larger","equal","equal","equal","equal","equal","larger","equal","equal","equal","equal","equal","larger","equal","equal","equal","equal","equal","equal","larger","larger","larger","equal","equal","equal","larger","larger","larger","equal","equal","equal","larger","larger","larger","equal","equal","equal","larger","larger","larger","equal","equal","equal","larger","larger","larger","equal","equal","equal","larger","larger","larger","equal","equal","equal","larger","larger","larger","equal","equal","equal","larger","larger","larger","equal","equal","equal","larger","larger","larger","equal","equal","equal","larger","larger","equal","equal","equal","equal","larger","larger","equal","equal","equal","equal","larger","larger","equal","equal","equal","equal","larger","larger","equal","equal","equal","equal","larger","larger","equal"
13,"NG","reliable","exp1a_s13_NG_r","N","G",1,1,1,2.24431954888581,2.74232103903553,2.06056986142536,0,0,0,1,1,1,0,0,0,1.5,1.5,1.5,0,0,0,2,2,2,1,0,1,2.24431954888581,2.5,2.06056986142536,1,1,1,2.24431954888581,2.74232103903553,2.06056986142536,1,1,1,2.24431954888581,2.74232103903553,2.06056986142536,1,1,1,2.24431954888581,2.74232103903553,2.06056986142536,1,1,1,2.24431954888581,2.74232103903553,2.06056986142536,1,1,1,2.24431954888581,2.74232103903553,2.06056986142536,1,1,1,2.24431954888581,2.74232103903553,2.06056986142536,1,1,1,2.24431954888581,2.74232103903553,2.06056986142536,1,1,1,2.24431954888581,2.74232103903553,2.06056986142536,1,1,1,2.24431954888581,2.74232103903553,2.06056986142536,0,3,1,0.511668238090351,0.598988262205745,1.16871357370948,0,1,0,1,0.598988262205745,1,1,1,1,1.1106565002961,0.598988262205745,1.16871357370948,1,2,1,1.1106565002961,0.598988262205745,1.16871357370948,2,2,1,1.1106565002961,0.598988262205745,1.16871357370948,2,3,1,1.1106565002961,0.598988262205745,1.16871357370948,3,3,1,1.1106565002961,0.598988262205745,1.16871357370948,3,3,1,1.1106565002961,0.598988262205745,1.16871357370948,3,3,2,1.1106565002961,0.598988262205745,1.16871357370948,3,4,2,1.1106565002961,0.598988262205745,1.16871357370948,4,4,2,1.1106565002961,0.598988262205745,1.16871357370948,4,4,2,1.1106565002961,0.598988262205745,1.16871357370948,4,4,2,1.1106565002961,0.598988262205745,1.16871357370948,4,4,2,1.1106565002961,0.598988262205745,1.16871357370948,"equal","equal","larger","equal","equal","equal","equal","equal","equal","larger","larger","larger","equal","equal","equal","larger","larger","larger","equal","equal","equal","larger","larger","larger","equal","equal","equal","equal","larger","equal","equal","equal","larger","equal","equal","equal","equal","equal","larger","equal","equal","equal","equal","equal","larger","equal","equal","equal","equal","equal","larger","equal","equal","equal","equal","equal","larger","equal","equal","equal","equal","equal","larger","equal","equal","equal","equal","equal","larger","equal","equal","equal","equal","equal","larger","equal","equal","equal","equal","equal","larger","equal","equal","equal","equal","equal","equal","larger","equal","equal","equal","equal","equal","larger","equal","larger","equal","equal","equal","equal","equal","equal","equal","equal","equal","equal","equal","equal","equal","equal","equal","equal","equal","equal","equal","equal","equal","equal","equal","equal","equal","equal","equal","equal","equal","equal","equal","equal","equal","equal","equal","equal","equal","equal","equal","equal","equal","equal","equal","equal","equal","equal","equal","equal","equal","equal","equal","equal","equal","equal","equal","equal","equal","equal","equal","equal","equal","equal","equal","equal","equal","equal","equal","equal","equal","equal","equal","equal"
13,"NG","unreliable","exp1a_s13_NG_u","N","G",1,2,0,2.88607995686879,0.874331875652828,2.54181310092099,0,1,0,1,0.874331875652828,1,0,1,0,1.5,0.874331875652828,1.5,0,1,0,2,0.874331875652828,2,0,1,0,2.5,0.874331875652828,2.5,1,1,0,2.88607995686879,0.874331875652828,2.54181310092099,1,1,0,2.88607995686879,0.874331875652828,2.54181310092099,1,2,0,2.88607995686879,0.874331875652828,2.54181310092099,1,2,0,2.88607995686879,0.874331875652828,2.54181310092099,1,2,0,2.88607995686879,0.874331875652828,2.54181310092099,1,2,0,2.88607995686879,0.874331875652828,2.54181310092099,2,2,0,2.88607995686879,0.874331875652828,2.54181310092099,2,2,0,2.88607995686879,0.874331875652828,2.54181310092099,2,2,0,2.88607995686879,0.874331875652828,2.54181310092099,0,3,1,0.511668238090351,0.598988262205745,1.16871357370948,0,1,0,1,0.598988262205745,1,1,2,1,1.1106565002961,0.598988262205745,1.16871357370948,2,3,1,1.1106565002961,0.598988262205745,1.16871357370948,3,3,1,1.1106565002961,0.598988262205745,1.16871357370948,3,3,1,1.1106565002961,0.598988262205745,1.16871357370948,3,3,1,1.1106565002961,0.598988262205745,1.16871357370948,3,3,1,1.1106565002961,0.598988262205745,1.16871357370948,3,3,1,1.1106565002961,0.598988262205745,1.16871357370948,3,4,2,1.1106565002961,0.598988262205745,1.16871357370948,4,4,2,1.1106565002961,0.598988262205745,1.16871357370948,4,4,2,1.1106565002961,0.598988262205745,1.16871357370948,4,4,2,1.1106565002961,0.598988262205745,1.16871357370948,4,4,2,1.1106565002961,0.598988262205745,1.16871357370948,"equal","equal","larger","equal","equal","larger","equal","equal","equal","larger","equal","larger","equal","equal","equal","larger","equal","larger","equal","equal","equal","larger","equal","larger","equal","equal","equal","larger","equal","larger","equal","equal","larger","equal","equal","larger","equal","equal","larger","equal","equal","larger","equal","equal","larger","equal","equal","larger","equal","equal","larger","equal","equal","larger","equal","equal","larger","equal","equal","larger","equal","equal","larger","equal","equal","larger","equal","equal","larger","equal","equal","larger","equal","equal","larger","equal","equal","larger","equal","equal","larger","equal","equal","larger","equal","equal","equal","larger","equal","equal","equal","equal","equal","larger","equal","larger","equal","equal","equal","equal","equal","equal","equal","equal","equal","equal","equal","equal","equal","equal","equal","equal","equal","equal","equal","equal","equal","equal","equal","equal","equal","equal","equal","equal","equal","equal","equal","equal","equal","equal","equal","equal","equal","equal","equal","equal","equal","equal","equal","equal","equal","equal","equal","equal","equal","equal","equal","equal","equal","equal","equal","equal","equal","equal","equal","equal","equal","equal","equal","equal","equal","equal","equal","equal","equal","equal","equal","equal"
13,"NN","reliable","exp1a_s13_NN_r","N","N",1,1,1,2.24431954888581,2.74232103903553,2.06056986142536,0,0,0,1,1,1,0,0,0,1.5,1.5,1.5,0,0,0,2,2,2,1,0,1,2.24431954888581,2.5,2.06056986142536,1,1,1,2.24431954888581,2.74232103903553,2.06056986142536,1,1,1,2.24431954888581,2.74232103903553,2.06056986142536,1,1,1,2.24431954888581,2.74232103903553,2.06056986142536,1,1,1,2.24431954888581,2.74232103903553,2.06056986142536,1,1,1,2.24431954888581,2.74232103903553,2.06056986142536,1,1,1,2.24431954888581,2.74232103903553,2.06056986142536,1,1,1,2.24431954888581,2.74232103903553,2.06056986142536,1,1,1,2.24431954888581,2.74232103903553,2.06056986142536,1,1,1,2.24431954888581,2.74232103903553,2.06056986142536,0,1,0,0.511668238090351,2.76828279821091,2.05171361332759,0,0,0,1,1,1,0,0,0,1.5,1.5,1.5,0,0,0,2,2,2,0,0,0,2.5,2.5,2.5,0,1,0,3,2.76828279821091,3,1,1,0,3.27995103630126,2.76828279821091,3.5,1,1,0,3.27995103630126,2.76828279821091,4,1,1,1,3.27995103630126,2.76828279821091,4.2960331622134,1,1,1,3.27995103630126,2.76828279821091,4.2960331622134,1,1,1,3.27995103630126,2.76828279821091,4.2960331622134,1,1,1,3.27995103630126,2.76828279821091,4.2960331622134,1,1,1,3.27995103630126,2.76828279821091,4.2960331622134,1,1,1,3.27995103630126,2.76828279821091,4.2960331622134,"equal","equal","larger","equal","equal","equal","equal","equal","equal","larger","larger","larger","equal","equal","equal","larger","larger","larger","equal","equal","equal","larger","larger","larger","equal","equal","equal","equal","larger","equal","equal","equal","larger","equal","equal","equal","equal","equal","larger","equal","equal","equal","equal","equal","larger","equal","equal","equal","equal","equal","larger","equal","equal","equal","equal","equal","larger","equal","equal","equal","equal","equal","larger","equal","equal","equal","equal","equal","larger","equal","equal","equal","equal","equal","larger","equal","equal","equal","equal","equal","larger","equal","equal","equal","equal","equal","equal","larger","equal","larger","equal","equal","equal","larger","larger","larger","equal","equal","equal","larger","larger","larger","equal","equal","equal","larger","larger","larger","equal","equal","equal","larger","larger","larger","equal","equal","equal","larger","equal","larger","equal","equal","equal","equal","equal","larger","equal","equal","equal","equal","equal","larger","equal","equal","equal","equal","equal","equal","equal","equal","equal","equal","equal","equal","equal","equal","equal","equal","equal","equal","equal","equal","equal","equal","equal","equal","equal","equal","equal","equal","equal","equal","equal","equal","equal","equal","equal","equal"
13,"NN","unreliable","exp1a_s13_NN_u","N","N",1,2,0,2.88607995686879,0.874331875652828,2.54181310092099,0,1,0,1,0.874331875652828,1,0,1,0,1.5,0.874331875652828,1.5,0,1,0,2,0.874331875652828,2,0,1,0,2.5,0.874331875652828,2.5,1,1,0,2.88607995686879,0.874331875652828,2.54181310092099,1,1,0,2.88607995686879,0.874331875652828,2.54181310092099,1,2,0,2.88607995686879,0.874331875652828,2.54181310092099,1,2,0,2.88607995686879,0.874331875652828,2.54181310092099,1,2,0,2.88607995686879,0.874331875652828,2.54181310092099,1,2,0,2.88607995686879,0.874331875652828,2.54181310092099,2,2,0,2.88607995686879,0.874331875652828,2.54181310092099,2,2,0,2.88607995686879,0.874331875652828,2.54181310092099,2,2,0,2.88607995686879,0.874331875652828,2.54181310092099,0,1,0,0.511668238090351,1.13061309277323,2.05171361332759,0,0,0,1,1,1,0,1,0,1.5,1.13061309277323,1.5,1,1,0,1.64228133086358,1.13061309277323,2,1,1,0,1.64228133086358,1.13061309277323,2.5,1,1,0,1.64228133086358,1.13061309277323,3,1,1,0,1.64228133086358,1.13061309277323,3.5,1,1,0,1.64228133086358,1.13061309277323,4,1,1,0,1.64228133086358,1.13061309277323,4.5,1,1,1,1.64228133086358,1.13061309277323,4.93779357019638,1,1,1,1.64228133086358,1.13061309277323,4.93779357019638,1,1,1,1.64228133086358,1.13061309277323,4.93779357019638,1,1,1,1.64228133086358,1.13061309277323,4.93779357019638,1,1,1,1.64228133086358,1.13061309277323,4.93779357019638,"equal","equal","larger","equal","equal","larger","equal","equal","equal","larger","equal","larger","equal","equal","equal","larger","equal","larger","equal","equal","equal","larger","equal","larger","equal","equal","equal","larger","equal","larger","equal","equal","larger","equal","equal","larger","equal","equal","larger","equal","equal","larger","equal","equal","larger","equal","equal","larger","equal","equal","larger","equal","equal","larger","equal","equal","larger","equal","equal","larger","equal","equal","larger","equal","equal","larger","equal","equal","larger","equal","equal","larger","equal","equal","larger","equal","equal","larger","equal","equal","larger","equal","equal","larger","equal","equal","equal","larger","equal","larger","equal","equal","equal","larger","larger","larger","equal","equal","equal","larger","equal","larger","equal","equal","equal","equal","equal","larger","equal","equal","equal","equal","equal","larger","equal","equal","equal","equal","equal","larger","equal","equal","equal","equal","equal","larger","equal","equal","equal","equal","equal","larger","equal","equal","equal","equal","equal","larger","equal","equal","equal","equal","equal","equal","equal","equal","equal","equal","equal","equal","equal","equal","equal","equal","equal","equal","equal","equal","equal","equal","equal","equal","equal","equal","equal","equal","equal","equal"
13,"NP","reliable","exp1a_s13_NP_r","N","P",1,1,1,2.24431954888581,2.74232103903553,2.06056986142536,0,0,0,1,1,1,0,0,0,1.5,1.5,1.5,0,0,0,2,2,2,1,0,1,2.24431954888581,2.5,2.06056986142536,1,1,1,2.24431954888581,2.74232103903553,2.06056986142536,1,1,1,2.24431954888581,2.74232103903553,2.06056986142536,1,1,1,2.24431954888581,2.74232103903553,2.06056986142536,1,1,1,2.24431954888581,2.74232103903553,2.06056986142536,1,1,1,2.24431954888581,2.74232103903553,2.06056986142536,1,1,1,2.24431954888581,2.74232103903553,2.06056986142536,1,1,1,2.24431954888581,2.74232103903553,2.06056986142536,1,1,1,2.24431954888581,2.74232103903553,2.06056986142536,1,1,1,2.24431954888581,2.74232103903553,2.06056986142536,0,0,0,0.511668238090351,3.80205729673617,2.05171361332759,0,0,0,1,1,1,0,0,0,1.5,1.5,1.5,0,0,0,2,2,2,0,0,0,2.5,2.5,2.5,0,0,0,3,3,3,0,0,0,3.5,3.5,3.5,0,0,0,4,4,4,0,0,1,4.5,4.5,4.2960331622134,0,0,1,5,5,4.2960331622134,0,0,1,5.5,5.5,4.2960331622134,0,0,1,6,6,4.2960331622134,0,0,1,6.5,6.5,4.2960331622134,0,0,1,7,7,4.2960331622134,"equal","equal","larger","equal","equal","equal","equal","equal","equal","larger","larger","larger","equal","equal","equal","larger","larger","larger","equal","equal","equal","larger","larger","larger","equal","equal","equal","equal","larger","equal","equal","equal","larger","equal","equal","equal","equal","equal","larger","equal","equal","equal","equal","equal","larger","equal","equal","equal","equal","equal","larger","equal","equal","equal","equal","equal","larger","equal","equal","equal","equal","equal","larger","equal","equal","equal","equal","equal","larger","equal","equal","equal","equal","equal","larger","equal","equal","equal","equal","equal","larger","equal","equal","equal","equal","equal","equal","larger","larger","larger","equal","equal","equal","larger","larger","larger","equal","equal","equal","larger","larger","larger","equal","equal","equal","larger","larger","larger","equal","equal","equal","larger","larger","larger","equal","equal","equal","larger","larger","larger","equal","equal","equal","larger","larger","larger","equal","equal","equal","larger","larger","larger","equal","equal","equal","larger","larger","equal","equal","equal","equal","larger","larger","equal","equal","equal","equal","larger","larger","equal","equal","equal","equal","larger","larger","equal","equal","equal","equal","larger","larger","equal","equal","equal","equal","larger","larger","equal"
13,"NP","unreliable","exp1a_s13_NP_u","N","P",1,2,0,2.88607995686879,0.874331875652828,2.54181310092099,0,1,0,1,0.874331875652828,1,0,1,0,1.5,0.874331875652828,1.5,0,1,0,2,0.874331875652828,2,0,1,0,2.5,0.874331875652828,2.5,1,1,0,2.88607995686879,0.874331875652828,2.54181310092099,1,1,0,2.88607995686879,0.874331875652828,2.54181310092099,1,2,0,2.88607995686879,0.874331875652828,2.54181310092099,1,2,0,2.88607995686879,0.874331875652828,2.54181310092099,1,2,0,2.88607995686879,0.874331875652828,2.54181310092099,1,2,0,2.88607995686879,0.874331875652828,2.54181310092099,2,2,0,2.88607995686879,0.874331875652828,2.54181310092099,2,2,0,2.88607995686879,0.874331875652828,2.54181310092099,2,2,0,2.88607995686879,0.874331875652828,2.54181310092099,0,0,0,0.511668238090351,3.80205729673617,2.05171361332759,0,0,0,1,1,1,0,0,0,1.5,1.5,1.5,0,0,0,2,2,2,0,0,0,2.5,2.5,2.5,0,0,0,3,3,3,0,0,0,3.5,3.5,3.5,0,0,0,4,4,4,0,0,0,4.5,4.5,4.5,0,0,1,5,5,4.93779357019638,0,0,1,5.5,5.5,4.93779357019638,0,0,1,6,6,4.93779357019638,0,0,1,6.5,6.5,4.93779357019638,0,0,1,7,7,4.93779357019638,"equal","equal","larger","equal","equal","larger","equal","equal","equal","larger","equal","larger","equal","equal","equal","larger","equal","larger","equal","equal","equal","larger","equal","larger","equal","equal","equal","larger","equal","larger","equal","equal","larger","equal","equal","larger","equal","equal","larger","equal","equal","larger","equal","equal","larger","equal","equal","larger","equal","equal","larger","equal","equal","larger","equal","equal","larger","equal","equal","larger","equal","equal","larger","equal","equal","larger","equal","equal","larger","equal","equal","larger","equal","equal","larger","equal","equal","larger","equal","equal","larger","equal","equal","larger","equal","equal","equal","larger","larger","larger","equal","equal","equal","larger","larger","larger","equal","equal","equal","larger","larger","larger","equal","equal","equal","larger","larger","larger","equal","equal","equal","larger","larger","larger","equal","equal","equal","larger","larger","larger","equal","equal","equal","larger","larger","larger","equal","equal","equal","larger","larger","larger","equal","equal","equal","larger","larger","larger","equal","equal","equal","larger","larger","equal","equal","equal","equal","larger","larger","equal","equal","equal","equal","larger","larger","equal","equal","equal","equal","larger","larger","equal","equal","equal","equal","larger","larger","equal"
13,"PG","reliable","exp1a_s13_PG_r","P","G",0,0,0,4.63451287825592,5.56286660488695,2.54181310092099,0,0,0,1,1,1,0,0,0,1.5,1.5,1.5,0,0,0,2,2,2,0,0,0,2.5,2.5,2.5,0,0,0,3,3,2.54181310092099,0,0,0,3.5,3.5,2.54181310092099,0,0,0,4,4,2.54181310092099,0,0,0,4.5,4.5,2.54181310092099,0,0,0,5,5,2.54181310092099,0,0,0,5.5,5.5,2.54181310092099,0,0,0,6,6,2.54181310092099,0,0,0,6.5,6.5,2.54181310092099,0,0,0,7,7,2.54181310092099,0,3,1,0.511668238090351,0.598988262205745,1.16871357370948,0,1,0,1,0.598988262205745,1,1,1,1,1.1106565002961,0.598988262205745,1.16871357370948,1,2,1,1.1106565002961,0.598988262205745,1.16871357370948,2,2,1,1.1106565002961,0.598988262205745,1.16871357370948,2,3,1,1.1106565002961,0.598988262205745,1.16871357370948,3,3,1,1.1106565002961,0.598988262205745,1.16871357370948,3,3,1,1.1106565002961,0.598988262205745,1.16871357370948,3,3,1,1.1106565002961,0.598988262205745,1.16871357370948,3,4,1,1.1106565002961,0.598988262205745,1.16871357370948,4,4,1,1.1106565002961,0.598988262205745,1.16871357370948,4,4,1,1.1106565002961,0.598988262205745,1.16871357370948,4,4,1,1.1106565002961,0.598988262205745,1.16871357370948,4,4,1,1.1106565002961,0.598988262205745,1.16871357370948,"equal","equal","larger","larger","larger","larger","equal","equal","equal","larger","larger","larger","equal","equal","equal","larger","larger","larger","equal","equal","equal","larger","larger","larger","equal","equal","equal","larger","larger","larger","equal","equal","larger","larger","larger","larger","equal","equal","larger","larger","larger","larger","equal","equal","larger","larger","larger","larger","equal","equal","larger","larger","larger","larger","equal","equal","larger","larger","larger","larger","equal","equal","larger","larger","larger","larger","equal","equal","larger","larger","larger","larger","equal","equal","larger","larger","larger","larger","equal","equal","larger","larger","larger","larger","equal","equal","equal","larger","equal","equal","equal","equal","equal","larger","equal","larger","equal","equal","equal","equal","equal","equal","equal","equal","equal","equal","equal","equal","equal","equal","equal","equal","equal","equal","equal","equal","equal","equal","equal","equal","equal","equal","equal","equal","equal","equal","equal","equal","equal","equal","equal","equal","equal","equal","equal","equal","equal","equal","equal","equal","equal","equal","equal","equal","equal","equal","equal","equal","equal","equal","equal","equal","equal","equal","equal","equal","equal","equal","equal","equal","equal","equal","equal","equal","equal","equal","equal","equal"
13,"PG","unreliable","exp1a_s13_PG_u","P","G",0,1,0,4.63451287825592,3.59389532605361,2.54181310092099,0,0,0,1,1,1,0,0,0,1.5,1.5,1.5,0,0,0,2,2,2,0,0,0,2.5,2.5,2.5,0,0,0,3,3,2.54181310092099,0,0,0,3.5,3.5,2.54181310092099,0,1,0,4,3.59389532605361,2.54181310092099,0,1,0,4.5,3.59389532605361,2.54181310092099,0,1,0,5,3.59389532605361,2.54181310092099,0,1,0,5.5,3.59389532605361,2.54181310092099,0,1,0,6,3.59389532605361,2.54181310092099,0,1,0,6.5,3.59389532605361,2.54181310092099,0,1,0,7,3.59389532605361,2.54181310092099,0,3,1,0.511668238090351,0.598988262205745,1.16871357370948,0,1,0,1,0.598988262205745,1,1,2,1,1.1106565002961,0.598988262205745,1.16871357370948,2,3,1,1.1106565002961,0.598988262205745,1.16871357370948,3,3,1,1.1106565002961,0.598988262205745,1.16871357370948,3,3,1,1.1106565002961,0.598988262205745,1.16871357370948,3,3,1,1.1106565002961,0.598988262205745,1.16871357370948,3,3,1,1.1106565002961,0.598988262205745,1.16871357370948,3,3,1,1.1106565002961,0.598988262205745,1.16871357370948,3,4,1,1.1106565002961,0.598988262205745,1.16871357370948,4,4,1,1.1106565002961,0.598988262205745,1.16871357370948,4,4,1,1.1106565002961,0.598988262205745,1.16871357370948,4,4,1,1.1106565002961,0.598988262205745,1.16871357370948,4,4,1,1.1106565002961,0.598988262205745,1.16871357370948,"equal","equal","larger","larger","equal","larger","equal","equal","equal","larger","larger","larger","equal","equal","equal","larger","larger","larger","equal","equal","equal","larger","larger","larger","equal","equal","equal","larger","larger","larger","equal","equal","larger","larger","larger","larger","equal","equal","larger","larger","larger","larger","equal","equal","larger","larger","equal","larger","equal","equal","larger","larger","equal","larger","equal","equal","larger","larger","equal","larger","equal","equal","larger","larger","equal","larger","equal","equal","larger","larger","equal","larger","equal","equal","larger","larger","equal","larger","equal","equal","larger","larger","equal","larger","equal","equal","equal","larger","equal","equal","equal","equal","equal","larger","equal","larger","equal","equal","equal","equal","equal","equal","equal","equal","equal","equal","equal","equal","equal","equal","equal","equal","equal","equal","equal","equal","equal","equal","equal","equal","equal","equal","equal","equal","equal","equal","equal","equal","equal","equal","equal","equal","equal","equal","equal","equal","equal","equal","equal","equal","equal","equal","equal","equal","equal","equal","equal","equal","equal","equal","equal","equal","equal","equal","equal","equal","equal","equal","equal","equal","equal","equal","equal","equal","equal","equal","equal","equal"
13,"PN","reliable","exp1a_s13_PN_r","P","N",0,0,0,4.63451287825592,5.56286660488695,2.54181310092099,0,0,0,1,1,1,0,0,0,1.5,1.5,1.5,0,0,0,2,2,2,0,0,0,2.5,2.5,2.5,0,0,0,3,3,2.54181310092099,0,0,0,3.5,3.5,2.54181310092099,0,0,0,4,4,2.54181310092099,0,0,0,4.5,4.5,2.54181310092099,0,0,0,5,5,2.54181310092099,0,0,0,5.5,5.5,2.54181310092099,0,0,0,6,6,2.54181310092099,0,0,0,6.5,6.5,2.54181310092099,0,0,0,7,7,2.54181310092099,0,1,0,0.511668238090351,2.76828279821091,2.05171361332759,0,0,0,1,1,1,0,0,0,1.5,1.5,1.5,0,0,0,2,2,2,0,0,0,2.5,2.5,2.5,0,1,0,3,2.76828279821091,3,1,1,0,3.27995103630126,2.76828279821091,3.5,1,1,0,3.27995103630126,2.76828279821091,4,1,1,0,3.27995103630126,2.76828279821091,4.5,1,1,0,3.27995103630126,2.76828279821091,5,1,1,0,3.27995103630126,2.76828279821091,5.5,1,1,0,3.27995103630126,2.76828279821091,6,1,1,0,3.27995103630126,2.76828279821091,6.5,1,1,0,3.27995103630126,2.76828279821091,7,"equal","equal","larger","larger","larger","larger","equal","equal","equal","larger","larger","larger","equal","equal","equal","larger","larger","larger","equal","equal","equal","larger","larger","larger","equal","equal","equal","larger","larger","larger","equal","equal","larger","larger","larger","larger","equal","equal","larger","larger","larger","larger","equal","equal","larger","larger","larger","larger","equal","equal","larger","larger","larger","larger","equal","equal","larger","larger","larger","larger","equal","equal","larger","larger","larger","larger","equal","equal","larger","larger","larger","larger","equal","equal","larger","larger","larger","larger","equal","equal","larger","larger","larger","larger","equal","equal","equal","larger","equal","larger","equal","equal","equal","larger","larger","larger","equal","equal","equal","larger","larger","larger","equal","equal","equal","larger","larger","larger","equal","equal","equal","larger","larger","larger","equal","equal","equal","larger","equal","larger","equal","equal","equal","equal","equal","larger","equal","equal","equal","equal","equal","larger","equal","equal","equal","equal","equal","larger","equal","equal","equal","equal","equal","larger","equal","equal","equal","equal","equal","larger","equal","equal","equal","equal","equal","larger","equal","equal","equal","equal","equal","larger","equal","equal","equal","equal","equal","larger"
13,"PN","unreliable","exp1a_s13_PN_u","P","N",0,1,0,4.63451287825592,3.59389532605361,2.54181310092099,0,0,0,1,1,1,0,0,0,1.5,1.5,1.5,0,0,0,2,2,2,0,0,0,2.5,2.5,2.5,0,0,0,3,3,2.54181310092099,0,0,0,3.5,3.5,2.54181310092099,0,1,0,4,3.59389532605361,2.54181310092099,0,1,0,4.5,3.59389532605361,2.54181310092099,0,1,0,5,3.59389532605361,2.54181310092099,0,1,0,5.5,3.59389532605361,2.54181310092099,0,1,0,6,3.59389532605361,2.54181310092099,0,1,0,6.5,3.59389532605361,2.54181310092099,0,1,0,7,3.59389532605361,2.54181310092099,0,1,0,0.511668238090351,1.13061309277323,2.05171361332759,0,0,0,1,1,1,0,1,0,1.5,1.13061309277323,1.5,1,1,0,1.64228133086358,1.13061309277323,2,1,1,0,1.64228133086358,1.13061309277323,2.5,1,1,0,1.64228133086358,1.13061309277323,3,1,1,0,1.64228133086358,1.13061309277323,3.5,1,1,0,1.64228133086358,1.13061309277323,4,1,1,0,1.64228133086358,1.13061309277323,4.5,1,1,0,1.64228133086358,1.13061309277323,5,1,1,0,1.64228133086358,1.13061309277323,5.5,1,1,0,1.64228133086358,1.13061309277323,6,1,1,0,1.64228133086358,1.13061309277323,6.5,1,1,0,1.64228133086358,1.13061309277323,7,"equal","equal","larger","larger","equal","larger","equal","equal","equal","larger","larger","larger","equal","equal","equal","larger","larger","larger","equal","equal","equal","larger","larger","larger","equal","equal","equal","larger","larger","larger","equal","equal","larger","larger","larger","larger","equal","equal","larger","larger","larger","larger","equal","equal","larger","larger","equal","larger","equal","equal","larger","larger","equal","larger","equal","equal","larger","larger","equal","larger","equal","equal","larger","larger","equal","larger","equal","equal","larger","larger","equal","larger","equal","equal","larger","larger","equal","larger","equal","equal","larger","larger","equal","larger","equal","equal","equal","larger","equal","larger","equal","equal","equal","larger","larger","larger","equal","equal","equal","larger","equal","larger","equal","equal","equal","equal","equal","larger","equal","equal","equal","equal","equal","larger","equal","equal","equal","equal","equal","larger","equal","equal","equal","equal","equal","larger","equal","equal","equal","equal","equal","larger","equal","equal","equal","equal","equal","larger","equal","equal","equal","equal","equal","larger","equal","equal","equal","equal","equal","larger","equal","equal","equal","equal","equal","larger","equal","equal","equal","equal","equal","larger","equal","equal","equal","equal","equal","larger"
13,"PP","reliable","exp1a_s13_PP_r","P","P",0,0,0,4.63451287825592,5.56286660488695,2.54181310092099,0,0,0,1,1,1,0,0,0,1.5,1.5,1.5,0,0,0,2,2,2,0,0,0,2.5,2.5,2.5,0,0,0,3,3,2.54181310092099,0,0,0,3.5,3.5,2.54181310092099,0,0,0,4,4,2.54181310092099,0,0,0,4.5,4.5,2.54181310092099,0,0,0,5,5,2.54181310092099,0,0,0,5.5,5.5,2.54181310092099,0,0,0,6,6,2.54181310092099,0,0,0,6.5,6.5,2.54181310092099,0,0,0,7,7,2.54181310092099,0,0,0,0.511668238090351,3.80205729673617,2.05171361332759,0,0,0,1,1,1,0,0,0,1.5,1.5,1.5,0,0,0,2,2,2,0,0,0,2.5,2.5,2.5,0,0,0,3,3,3,0,0,0,3.5,3.5,3.5,0,0,0,4,4,4,0,0,0,4.5,4.5,4.5,0,0,0,5,5,5,0,0,0,5.5,5.5,5.5,0,0,0,6,6,6,0,0,0,6.5,6.5,6.5,0,0,0,7,7,7,"equal","equal","larger","larger","larger","larger","equal","equal","equal","larger","larger","larger","equal","equal","equal","larger","larger","larger","equal","equal","equal","larger","larger","larger","equal","equal","equal","larger","larger","larger","equal","equal","larger","larger","larger","larger","equal","equal","larger","larger","larger","larger","equal","equal","larger","larger","larger","larger","equal","equal","larger","larger","larger","larger","equal","equal","larger","larger","larger","larger","equal","equal","larger","larger","larger","larger","equal","equal","larger","larger","larger","larger","equal","equal","larger","larger","larger","larger","equal","equal","larger","larger","larger","larger","equal","equal","equal","larger","larger","larger","equal","equal","equal","larger","larger","larger","equal","equal","equal","larger","larger","larger","equal","equal","equal","larger","larger","larger","equal","equal","equal","larger","larger","larger","equal","equal","equal","larger","larger","larger","equal","equal","equal","larger","larger","larger","equal","equal","equal","larger","larger","larger","equal","equal","equal","larger","larger","larger","equal","equal","equal","larger","larger","larger","equal","equal","equal","larger","larger","larger","equal","equal","equal","larger","larger","larger","equal","equal","equal","larger","larger","larger","equal","equal","equal","larger","larger","larger"
13,"PP","unreliable","exp1a_s13_PP_u","P","P",0,1,0,4.63451287825592,3.59389532605361,2.54181310092099,0,0,0,1,1,1,0,0,0,1.5,1.5,1.5,0,0,0,2,2,2,0,0,0,2.5,2.5,2.5,0,0,0,3,3,2.54181310092099,0,0,0,3.5,3.5,2.54181310092099,0,1,0,4,3.59389532605361,2.54181310092099,0,1,0,4.5,3.59389532605361,2.54181310092099,0,1,0,5,3.59389532605361,2.54181310092099,0,1,0,5.5,3.59389532605361,2.54181310092099,0,1,0,6,3.59389532605361,2.54181310092099,0,1,0,6.5,3.59389532605361,2.54181310092099,0,1,0,7,3.59389532605361,2.54181310092099,0,0,0,0.511668238090351,3.80205729673617,2.05171361332759,0,0,0,1,1,1,0,0,0,1.5,1.5,1.5,0,0,0,2,2,2,0,0,0,2.5,2.5,2.5,0,0,0,3,3,3,0,0,0,3.5,3.5,3.5,0,0,0,4,4,4,0,0,0,4.5,4.5,4.5,0,0,0,5,5,5,0,0,0,5.5,5.5,5.5,0,0,0,6,6,6,0,0,0,6.5,6.5,6.5,0,0,0,7,7,7,"equal","equal","larger","larger","equal","larger","equal","equal","equal","larger","larger","larger","equal","equal","equal","larger","larger","larger","equal","equal","equal","larger","larger","larger","equal","equal","equal","larger","larger","larger","equal","equal","larger","larger","larger","larger","equal","equal","larger","larger","larger","larger","equal","equal","larger","larger","equal","larger","equal","equal","larger","larger","equal","larger","equal","equal","larger","larger","equal","larger","equal","equal","larger","larger","equal","larger","equal","equal","larger","larger","equal","larger","equal","equal","larger","larger","equal","larger","equal","equal","larger","larger","equal","larger","equal","equal","equal","larger","larger","larger","equal","equal","equal","larger","larger","larger","equal","equal","equal","larger","larger","larger","equal","equal","equal","larger","larger","larger","equal","equal","equal","larger","larger","larger","equal","equal","equal","larger","larger","larger","equal","equal","equal","larger","larger","larger","equal","equal","equal","larger","larger","larger","equal","equal","equal","larger","larger","larger","equal","equal","equal","larger","larger","larger","equal","equal","equal","larger","larger","larger","equal","equal","equal","larger","larger","larger","equal","equal","equal","larger","larger","larger","equal","equal","equal","larger","larger","larger"
14,"GG","reliable","exp1a_s14_GG_r","G","G",2,2,1,1.15633366080808,1.04416745673658,2.34699809421522,0,0,0,1,1,1,1,1,0,1.15633366080808,1.04416745673658,1.5,2,1,0,1.15633366080808,1.04416745673658,2,2,1,1,1.15633366080808,1.04416745673658,2.34699809421522,2,2,1,1.15633366080808,1.04416745673658,2.34699809421522,2,2,1,1.15633366080808,1.04416745673658,2.34699809421522,2,2,1,1.15633366080808,1.04416745673658,2.34699809421522,2,2,1,1.15633366080808,1.04416745673658,2.34699809421522,2,2,1,1.15633366080808,1.04416745673658,2.34699809421522,2,2,1,1.15633366080808,1.04416745673658,2.34699809421522,3,2,1,1.15633366080808,1.04416745673658,2.34699809421522,3,3,1,1.15633366080808,1.04416745673658,2.34699809421522,3,3,1,1.15633366080808,1.04416745673658,2.34699809421522,0,3,1,1.31576988822781,0.47045343611449,1.41206952815217,0,1,0,1,0.47045343611449,1,0,1,1,1.5,0.47045343611449,1.41206952815217,1,2,1,1.7862233243423,0.47045343611449,1.41206952815217,1,3,1,1.7862233243423,0.47045343611449,1.41206952815217,1,3,1,1.7862233243423,0.47045343611449,1.41206952815217,2,3,2,1.7862233243423,0.47045343611449,1.41206952815217,3,3,2,1.7862233243423,0.47045343611449,1.41206952815217,3,4,3,1.7862233243423,0.47045343611449,1.41206952815217,3,4,3,1.7862233243423,0.47045343611449,1.41206952815217,3,4,3,1.7862233243423,0.47045343611449,1.41206952815217,4,4,3,1.7862233243423,0.47045343611449,1.41206952815217,4,5,3,1.7862233243423,0.47045343611449,1.41206952815217,4,6,3,1.7862233243423,0.47045343611449,1.41206952815217,"equal","equal","larger","equal","equal","equal","equal","equal","equal","larger","larger","larger","equal","equal","equal","equal","equal","larger","equal","equal","equal","equal","equal","larger","equal","equal","equal","equal","equal","equal","equal","equal","larger","equal","equal","equal","equal","equal","larger","equal","equal","equal","equal","equal","larger","equal","equal","equal","equal","equal","larger","equal","equal","equal","equal","equal","larger","equal","equal","equal","equal","equal","larger","equal","equal","equal","equal","equal","larger","equal","equal","equal","equal","larger","larger","equal","equal","equal","equal","larger","larger","equal","equal","equal","equal","equal","equal","larger","equal","equal","equal","equal","equal","larger","equal","larger","equal","equal","equal","larger","equal","equal","equal","equal","equal","equal","equal","equal","equal","equal","equal","equal","equal","equal","equal","equal","equal","equal","equal","equal","equal","equal","equal","equal","equal","equal","equal","equal","equal","equal","equal","equal","equal","equal","equal","equal","equal","equal","equal","equal","equal","equal","equal","equal","equal","equal","equal","equal","equal","equal","equal","equal","equal","equal","equal","equal","equal","equal","equal","equal","equal","equal","equal","equal","equal","equal","equal","equal"
14,"GG","unreliable","exp1a_s14_GG_u","G","G",2,2,1,0.6826395210234,1.04416745673658,2.34699809421522,1,0,0,0.6826395210234,1,1,2,1,0,0.6826395210234,1.04416745673658,1.5,2,2,0,0.6826395210234,1.04416745673658,2,2,2,1,0.6826395210234,1.04416745673658,2.34699809421522,2,2,1,0.6826395210234,1.04416745673658,2.34699809421522,2,2,1,0.6826395210234,1.04416745673658,2.34699809421522,2,2,1,0.6826395210234,1.04416745673658,2.34699809421522,2,2,1,0.6826395210234,1.04416745673658,2.34699809421522,2,2,1,0.6826395210234,1.04416745673658,2.34699809421522,2,2,1,0.6826395210234,1.04416745673658,2.34699809421522,3,2,1,0.6826395210234,1.04416745673658,2.34699809421522,3,3,1,0.6826395210234,1.04416745673658,2.34699809421522,4,3,1,0.6826395210234,1.04416745673658,2.34699809421522,1,2,1,0.463668096112659,0.47045343611449,1.41206952815217,1,1,0,0.463668096112659,0.47045343611449,1,1,1,1,0.463668096112659,0.47045343611449,1.41206952815217,2,2,1,0.463668096112659,0.47045343611449,1.41206952815217,2,2,1,0.463668096112659,0.47045343611449,1.41206952815217,2,2,2,0.463668096112659,0.47045343611449,1.41206952815217,3,2,3,0.463668096112659,0.47045343611449,1.41206952815217,3,2,3,0.463668096112659,0.47045343611449,1.41206952815217,3,3,3,0.463668096112659,0.47045343611449,1.41206952815217,3,3,3,0.463668096112659,0.47045343611449,1.41206952815217,3,3,3,0.463668096112659,0.47045343611449,1.41206952815217,4,4,3,0.463668096112659,0.47045343611449,1.41206952815217,4,5,3,0.463668096112659,0.47045343611449,1.41206952815217,4,5,3,0.463668096112659,0.47045343611449,1.41206952815217,"equal","equal","larger","equal","equal","equal","equal","equal","equal","equal","larger","larger","equal","equal","equal","equal","equal","larger","equal","equal","equal","equal","equal","larger","equal","equal","equal","equal","equal","equal","equal","equal","larger","equal","equal","equal","equal","equal","larger","equal","equal","equal","equal","equal","larger","equal","equal","equal","equal","equal","larger","equal","equal","equal","equal","equal","larger","equal","equal","equal","equal","equal","larger","equal","equal","equal","equal","equal","larger","equal","equal","equal","equal","larger","larger","equal","equal","equal","equal","larger","larger","equal","equal","equal","equal","equal","equal","equal","equal","equal","equal","equal","equal","equal","equal","larger","equal","equal","equal","equal","equal","equal","equal","equal","equal","equal","equal","equal","equal","equal","equal","equal","equal","equal","equal","equal","equal","equal","equal","equal","equal","equal","equal","equal","equal","equal","equal","equal","equal","equal","equal","equal","equal","equal","equal","equal","equal","equal","equal","equal","equal","equal","equal","equal","equal","equal","equal","equal","equal","equal","equal","equal","equal","equal","equal","equal","equal","equal","equal","equal","equal","equal","equal","equal","equal","equal","equal","equal"
14,"GN","reliable","exp1a_s14_GN_r","G","N",2,2,1,1.15633366080808,1.04416745673658,2.34699809421522,0,0,0,1,1,1,1,1,0,1.15633366080808,1.04416745673658,1.5,2,1,0,1.15633366080808,1.04416745673658,2,2,1,1,1.15633366080808,1.04416745673658,2.34699809421522,2,2,1,1.15633366080808,1.04416745673658,2.34699809421522,2,2,1,1.15633366080808,1.04416745673658,2.34699809421522,2,2,1,1.15633366080808,1.04416745673658,2.34699809421522,2,2,1,1.15633366080808,1.04416745673658,2.34699809421522,2,2,1,1.15633366080808,1.04416745673658,2.34699809421522,2,2,1,1.15633366080808,1.04416745673658,2.34699809421522,3,2,1,1.15633366080808,1.04416745673658,2.34699809421522,3,3,1,1.15633366080808,1.04416745673658,2.34699809421522,3,3,1,1.15633366080808,1.04416745673658,2.34699809421522,0,1,0,1.31576988822781,2.32231376201607,2.28624453791417,0,0,0,1,1,1,0,0,0,1.5,1.5,1.5,0,0,0,2,2,2,0,1,0,2.5,2.32231376201607,2.5,0,1,0,3,2.32231376201607,3,0,1,1,3.5,2.32231376201607,3.44257819872226,1,1,1,3.63808365024387,2.32231376201607,3.44257819872226,1,1,2,3.63808365024387,2.32231376201607,3.44257819872226,1,1,2,3.63808365024387,2.32231376201607,3.44257819872226,1,1,2,3.63808365024387,2.32231376201607,3.44257819872226,1,1,2,3.63808365024387,2.32231376201607,3.44257819872226,1,2,2,3.63808365024387,2.32231376201607,3.44257819872226,1,3,2,3.63808365024387,2.32231376201607,3.44257819872226,"equal","equal","larger","equal","equal","equal","equal","equal","equal","larger","larger","larger","equal","equal","equal","equal","equal","larger","equal","equal","equal","equal","equal","larger","equal","equal","equal","equal","equal","equal","equal","equal","larger","equal","equal","equal","equal","equal","larger","equal","equal","equal","equal","equal","larger","equal","equal","equal","equal","equal","larger","equal","equal","equal","equal","equal","larger","equal","equal","equal","equal","equal","larger","equal","equal","equal","equal","equal","larger","equal","equal","equal","equal","larger","larger","equal","equal","equal","equal","larger","larger","equal","equal","equal","equal","equal","equal","larger","equal","larger","equal","equal","equal","larger","larger","larger","equal","equal","equal","larger","larger","larger","equal","equal","equal","larger","larger","larger","equal","equal","equal","larger","equal","larger","equal","equal","equal","larger","equal","larger","equal","equal","equal","larger","equal","equal","equal","equal","equal","equal","equal","equal","equal","equal","equal","equal","equal","equal","equal","equal","equal","equal","equal","equal","equal","equal","equal","equal","equal","equal","equal","equal","equal","equal","equal","equal","equal","equal","equal","equal","equal","equal","equal","equal","equal","equal","equal","equal"
14,"GN","unreliable","exp1a_s14_GN_u","G","N",2,2,1,0.6826395210234,1.04416745673658,2.34699809421522,1,0,0,0.6826395210234,1,1,2,1,0,0.6826395210234,1.04416745673658,1.5,2,2,0,0.6826395210234,1.04416745673658,2,2,2,1,0.6826395210234,1.04416745673658,2.34699809421522,2,2,1,0.6826395210234,1.04416745673658,2.34699809421522,2,2,1,0.6826395210234,1.04416745673658,2.34699809421522,2,2,1,0.6826395210234,1.04416745673658,2.34699809421522,2,2,1,0.6826395210234,1.04416745673658,2.34699809421522,2,2,1,0.6826395210234,1.04416745673658,2.34699809421522,2,2,1,0.6826395210234,1.04416745673658,2.34699809421522,3,2,1,0.6826395210234,1.04416745673658,2.34699809421522,3,3,1,0.6826395210234,1.04416745673658,2.34699809421522,4,3,1,0.6826395210234,1.04416745673658,2.34699809421522,1,0,0,0.463668096112659,2.91746498644352,2.28624453791417,1,0,0,0.463668096112659,1,1,1,0,0,0.463668096112659,1.5,1.5,1,0,0,0.463668096112659,2,2,1,0,0,0.463668096112659,2.5,2.5,1,0,1,0.463668096112659,3,2.96888405893757,1,0,2,0.463668096112659,3.5,2.96888405893757,1,0,2,0.463668096112659,4,2.96888405893757,1,0,2,0.463668096112659,4.5,2.96888405893757,1,0,2,0.463668096112659,5,2.96888405893757,1,0,2,0.463668096112659,5.5,2.96888405893757,1,1,2,0.463668096112659,5.88634904538109,2.96888405893757,1,2,2,0.463668096112659,5.88634904538109,2.96888405893757,1,2,2,0.463668096112659,5.88634904538109,2.96888405893757,"equal","equal","larger","equal","equal","equal","equal","equal","equal","equal","larger","larger","equal","equal","equal","equal","equal","larger","equal","equal","equal","equal","equal","larger","equal","equal","equal","equal","equal","equal","equal","equal","larger","equal","equal","equal","equal","equal","larger","equal","equal","equal","equal","equal","larger","equal","equal","equal","equal","equal","larger","equal","equal","equal","equal","equal","larger","equal","equal","equal","equal","equal","larger","equal","equal","equal","equal","equal","larger","equal","equal","equal","equal","larger","larger","equal","equal","equal","equal","larger","larger","equal","equal","equal","equal","equal","equal","equal","larger","larger","equal","equal","equal","equal","larger","larger","equal","equal","equal","equal","larger","larger","equal","equal","equal","equal","larger","larger","equal","equal","equal","equal","larger","larger","equal","equal","equal","equal","larger","equal","equal","equal","equal","equal","larger","equal","equal","equal","equal","equal","larger","equal","equal","equal","equal","equal","larger","equal","equal","equal","equal","equal","larger","equal","equal","equal","equal","equal","larger","equal","equal","equal","equal","equal","equal","equal","equal","equal","equal","equal","equal","equal","equal","equal","equal","equal","equal","equal"
14,"GP","reliable","exp1a_s14_GP_r","G","P",2,2,1,1.15633366080808,1.04416745673658,2.34699809421522,0,0,0,1,1,1,1,1,0,1.15633366080808,1.04416745673658,1.5,2,1,0,1.15633366080808,1.04416745673658,2,2,1,1,1.15633366080808,1.04416745673658,2.34699809421522,2,2,1,1.15633366080808,1.04416745673658,2.34699809421522,2,2,1,1.15633366080808,1.04416745673658,2.34699809421522,2,2,1,1.15633366080808,1.04416745673658,2.34699809421522,2,2,1,1.15633366080808,1.04416745673658,2.34699809421522,2,2,1,1.15633366080808,1.04416745673658,2.34699809421522,2,2,1,1.15633366080808,1.04416745673658,2.34699809421522,3,2,1,1.15633366080808,1.04416745673658,2.34699809421522,3,3,1,1.15633366080808,1.04416745673658,2.34699809421522,3,3,1,1.15633366080808,1.04416745673658,2.34699809421522,0,0,0,1.31576988822781,2.91746498644352,2.28624453791417,0,0,0,1,1,1,0,0,0,1.5,1.5,1.5,0,0,0,2,2,2,0,0,0,2.5,2.5,2.5,0,0,0,3,3,3,0,0,1,3.5,3.5,3.44257819872226,0,0,1,4,4,3.44257819872226,0,0,2,4.5,4.5,3.44257819872226,0,0,2,5,5,3.44257819872226,0,0,2,5.5,5.5,3.44257819872226,0,0,2,6,6,3.44257819872226,0,1,2,6.5,6.36004318516578,3.44257819872226,0,2,2,7,6.36004318516578,3.44257819872226,"equal","equal","larger","equal","equal","equal","equal","equal","equal","larger","larger","larger","equal","equal","equal","equal","equal","larger","equal","equal","equal","equal","equal","larger","equal","equal","equal","equal","equal","equal","equal","equal","larger","equal","equal","equal","equal","equal","larger","equal","equal","equal","equal","equal","larger","equal","equal","equal","equal","equal","larger","equal","equal","equal","equal","equal","larger","equal","equal","equal","equal","equal","larger","equal","equal","equal","equal","equal","larger","equal","equal","equal","equal","larger","larger","equal","equal","equal","equal","larger","larger","equal","equal","equal","equal","equal","equal","larger","larger","larger","equal","equal","equal","larger","larger","larger","equal","equal","equal","larger","larger","larger","equal","equal","equal","larger","larger","larger","equal","equal","equal","larger","larger","larger","equal","equal","equal","larger","larger","larger","equal","equal","equal","larger","larger","equal","equal","equal","equal","larger","larger","equal","equal","equal","equal","larger","larger","equal","equal","equal","equal","larger","larger","equal","equal","equal","equal","larger","larger","equal","equal","equal","equal","larger","larger","equal","equal","equal","equal","larger","equal","equal","equal","equal","equal","larger","equal","equal"
14,"GP","unreliable","exp1a_s14_GP_u","G","P",2,2,1,0.6826395210234,1.04416745673658,2.34699809421522,1,0,0,0.6826395210234,1,1,2,1,0,0.6826395210234,1.04416745673658,1.5,2,2,0,0.6826395210234,1.04416745673658,2,2,2,1,0.6826395210234,1.04416745673658,2.34699809421522,2,2,1,0.6826395210234,1.04416745673658,2.34699809421522,2,2,1,0.6826395210234,1.04416745673658,2.34699809421522,2,2,1,0.6826395210234,1.04416745673658,2.34699809421522,2,2,1,0.6826395210234,1.04416745673658,2.34699809421522,2,2,1,0.6826395210234,1.04416745673658,2.34699809421522,2,2,1,0.6826395210234,1.04416745673658,2.34699809421522,3,2,1,0.6826395210234,1.04416745673658,2.34699809421522,3,3,1,0.6826395210234,1.04416745673658,2.34699809421522,4,3,1,0.6826395210234,1.04416745673658,2.34699809421522,0,0,0,1.31576988822781,2.91746498644352,2.28624453791417,0,0,0,1,1,1,0,0,0,1.5,1.5,1.5,0,0,0,2,2,2,0,0,0,2.5,2.5,2.5,0,0,1,3,3,2.96888405893757,0,0,2,3.5,3.5,2.96888405893757,0,0,2,4,4,2.96888405893757,0,0,2,4.5,4.5,2.96888405893757,0,0,2,5,5,2.96888405893757,0,0,2,5.5,5.5,2.96888405893757,0,1,2,6,5.88634904538109,2.96888405893757,0,2,2,6.5,5.88634904538109,2.96888405893757,0,2,2,7,5.88634904538109,2.96888405893757,"equal","equal","larger","equal","equal","equal","equal","equal","equal","equal","larger","larger","equal","equal","equal","equal","equal","larger","equal","equal","equal","equal","equal","larger","equal","equal","equal","equal","equal","equal","equal","equal","larger","equal","equal","equal","equal","equal","larger","equal","equal","equal","equal","equal","larger","equal","equal","equal","equal","equal","larger","equal","equal","equal","equal","equal","larger","equal","equal","equal","equal","equal","larger","equal","equal","equal","equal","equal","larger","equal","equal","equal","equal","larger","larger","equal","equal","equal","equal","larger","larger","equal","equal","equal","equal","equal","equal","larger","larger","larger","equal","equal","equal","larger","larger","larger","equal","equal","equal","larger","larger","larger","equal","equal","equal","larger","larger","larger","equal","equal","equal","larger","larger","larger","equal","equal","equal","larger","larger","equal","equal","equal","equal","larger","larger","equal","equal","equal","equal","larger","larger","equal","equal","equal","equal","larger","larger","equal","equal","equal","equal","larger","larger","equal","equal","equal","equal","larger","larger","equal","equal","equal","equal","larger","equal","equal","equal","equal","equal","larger","equal","equal","equal","equal","equal","larger","equal","equal"
14,"NG","reliable","exp1a_s14_NG_r","N","G",1,1,0,1.72243924094234,2.51866024058828,2.57483996194787,0,0,0,1,1,1,0,0,0,1.5,1.5,1.5,1,0,0,1.72243924094234,2,2,1,0,0,1.72243924094234,2.5,2.5,1,1,0,1.72243924094234,2.51866024058828,2.57483996194787,1,1,0,1.72243924094234,2.51866024058828,2.57483996194787,1,1,0,1.72243924094234,2.51866024058828,2.57483996194787,1,1,0,1.72243924094234,2.51866024058828,2.57483996194787,1,1,0,1.72243924094234,2.51866024058828,2.57483996194787,1,1,0,1.72243924094234,2.51866024058828,2.57483996194787,1,1,0,1.72243924094234,2.51866024058828,2.57483996194787,1,1,0,1.72243924094234,2.51866024058828,2.57483996194787,1,1,0,1.72243924094234,2.51866024058828,2.57483996194787,0,3,1,1.31576988822781,0.47045343611449,1.41206952815217,0,1,0,1,0.47045343611449,1,0,1,1,1.5,0.47045343611449,1.41206952815217,1,2,1,1.7862233243423,0.47045343611449,1.41206952815217,1,3,1,1.7862233243423,0.47045343611449,1.41206952815217,1,3,1,1.7862233243423,0.47045343611449,1.41206952815217,2,3,1,1.7862233243423,0.47045343611449,1.41206952815217,3,3,1,1.7862233243423,0.47045343611449,1.41206952815217,3,4,2,1.7862233243423,0.47045343611449,1.41206952815217,3,4,2,1.7862233243423,0.47045343611449,1.41206952815217,3,4,2,1.7862233243423,0.47045343611449,1.41206952815217,4,4,2,1.7862233243423,0.47045343611449,1.41206952815217,4,4,2,1.7862233243423,0.47045343611449,1.41206952815217,4,5,2,1.7862233243423,0.47045343611449,1.41206952815217,"equal","equal","larger","equal","equal","larger","equal","equal","equal","larger","larger","larger","equal","equal","equal","larger","larger","larger","equal","equal","equal","equal","larger","larger","equal","equal","equal","equal","larger","larger","equal","equal","larger","equal","equal","larger","equal","equal","larger","equal","equal","larger","equal","equal","larger","equal","equal","larger","equal","equal","larger","equal","equal","larger","equal","equal","larger","equal","equal","larger","equal","equal","larger","equal","equal","larger","equal","equal","larger","equal","equal","larger","equal","larger","larger","equal","equal","larger","equal","larger","larger","equal","equal","larger","equal","equal","equal","larger","equal","equal","equal","equal","equal","larger","equal","larger","equal","equal","equal","larger","equal","equal","equal","equal","equal","equal","equal","equal","equal","equal","equal","equal","equal","equal","equal","equal","equal","equal","equal","equal","equal","equal","equal","equal","equal","equal","equal","equal","equal","equal","equal","equal","equal","equal","equal","equal","equal","equal","equal","equal","equal","equal","equal","equal","equal","equal","equal","equal","equal","equal","equal","equal","equal","equal","equal","equal","equal","equal","equal","equal","equal","equal","equal","equal","equal","equal","equal","equal"
14,"NG","unreliable","exp1a_s14_NG_u","N","G",1,1,0,0.6826395210234,1.88641234607027,2.57483996194787,1,0,0,0.6826395210234,1,1,1,0,0,0.6826395210234,1.5,1.5,1,1,0,0.6826395210234,1.88641234607027,2,1,1,0,0.6826395210234,1.88641234607027,2.5,1,1,0,0.6826395210234,1.88641234607027,2.57483996194787,1,1,0,0.6826395210234,1.88641234607027,2.57483996194787,1,1,0,0.6826395210234,1.88641234607027,2.57483996194787,1,1,0,0.6826395210234,1.88641234607027,2.57483996194787,1,1,0,0.6826395210234,1.88641234607027,2.57483996194787,1,1,0,0.6826395210234,1.88641234607027,2.57483996194787,1,1,0,0.6826395210234,1.88641234607027,2.57483996194787,1,1,0,0.6826395210234,1.88641234607027,2.57483996194787,2,1,0,0.6826395210234,1.88641234607027,2.57483996194787,1,2,1,0.463668096112659,0.47045343611449,1.41206952815217,1,1,0,0.463668096112659,0.47045343611449,1,1,1,1,0.463668096112659,0.47045343611449,1.41206952815217,2,2,1,0.463668096112659,0.47045343611449,1.41206952815217,2,2,1,0.463668096112659,0.47045343611449,1.41206952815217,2,2,2,0.463668096112659,0.47045343611449,1.41206952815217,3,2,2,0.463668096112659,0.47045343611449,1.41206952815217,3,2,2,0.463668096112659,0.47045343611449,1.41206952815217,3,3,2,0.463668096112659,0.47045343611449,1.41206952815217,3,3,2,0.463668096112659,0.47045343611449,1.41206952815217,3,3,2,0.463668096112659,0.47045343611449,1.41206952815217,4,4,2,0.463668096112659,0.47045343611449,1.41206952815217,4,4,2,0.463668096112659,0.47045343611449,1.41206952815217,4,4,2,0.463668096112659,0.47045343611449,1.41206952815217,"equal","equal","larger","equal","equal","larger","equal","equal","equal","equal","larger","larger","equal","equal","equal","equal","larger","larger","equal","equal","equal","equal","equal","larger","equal","equal","equal","equal","equal","larger","equal","equal","larger","equal","equal","larger","equal","equal","larger","equal","equal","larger","equal","equal","larger","equal","equal","larger","equal","equal","larger","equal","equal","larger","equal","equal","larger","equal","equal","larger","equal","equal","larger","equal","equal","larger","equal","equal","larger","equal","equal","larger","equal","larger","larger","equal","equal","larger","equal","larger","larger","equal","equal","larger","equal","equal","equal","equal","equal","equal","equal","equal","equal","equal","equal","larger","equal","equal","equal","equal","equal","equal","equal","equal","equal","equal","equal","equal","equal","equal","equal","equal","equal","equal","equal","equal","equal","equal","equal","equal","equal","equal","equal","equal","equal","equal","equal","equal","equal","equal","equal","equal","equal","equal","equal","equal","equal","equal","equal","equal","equal","equal","equal","equal","equal","equal","equal","equal","equal","equal","equal","equal","equal","equal","equal","equal","equal","equal","equal","equal","equal","equal","equal","equal","equal","equal","equal","equal"
14,"NN","reliable","exp1a_s14_NN_r","N","N",1,1,0,1.72243924094234,2.51866024058828,2.57483996194787,0,0,0,1,1,1,0,0,0,1.5,1.5,1.5,1,0,0,1.72243924094234,2,2,1,0,0,1.72243924094234,2.5,2.5,1,1,0,1.72243924094234,2.51866024058828,2.57483996194787,1,1,0,1.72243924094234,2.51866024058828,2.57483996194787,1,1,0,1.72243924094234,2.51866024058828,2.57483996194787,1,1,0,1.72243924094234,2.51866024058828,2.57483996194787,1,1,0,1.72243924094234,2.51866024058828,2.57483996194787,1,1,0,1.72243924094234,2.51866024058828,2.57483996194787,1,1,0,1.72243924094234,2.51866024058828,2.57483996194787,1,1,0,1.72243924094234,2.51866024058828,2.57483996194787,1,1,0,1.72243924094234,2.51866024058828,2.57483996194787,0,1,0,1.31576988822781,2.32231376201607,2.28624453791417,0,0,0,1,1,1,0,0,0,1.5,1.5,1.5,0,0,0,2,2,2,0,1,0,2.5,2.32231376201607,2.5,0,1,0,3,2.32231376201607,3,0,1,0,3.5,2.32231376201607,3.5,1,1,0,3.63808365024387,2.32231376201607,4,1,1,1,3.63808365024387,2.32231376201607,4.00868377885651,1,1,1,3.63808365024387,2.32231376201607,4.00868377885651,1,1,1,3.63808365024387,2.32231376201607,4.00868377885651,1,1,1,3.63808365024387,2.32231376201607,4.00868377885651,1,1,1,3.63808365024387,2.32231376201607,4.00868377885651,1,2,1,3.63808365024387,2.32231376201607,4.00868377885651,"equal","equal","larger","equal","equal","larger","equal","equal","equal","larger","larger","larger","equal","equal","equal","larger","larger","larger","equal","equal","equal","equal","larger","larger","equal","equal","equal","equal","larger","larger","equal","equal","larger","equal","equal","larger","equal","equal","larger","equal","equal","larger","equal","equal","larger","equal","equal","larger","equal","equal","larger","equal","equal","larger","equal","equal","larger","equal","equal","larger","equal","equal","larger","equal","equal","larger","equal","equal","larger","equal","equal","larger","equal","larger","larger","equal","equal","larger","equal","larger","larger","equal","equal","larger","equal","equal","equal","larger","equal","larger","equal","equal","equal","larger","larger","larger","equal","equal","equal","larger","larger","larger","equal","equal","equal","larger","larger","larger","equal","equal","equal","larger","equal","larger","equal","equal","equal","larger","equal","larger","equal","equal","equal","larger","equal","larger","equal","equal","equal","equal","equal","larger","equal","equal","equal","equal","equal","equal","equal","equal","equal","equal","equal","equal","equal","equal","equal","equal","equal","equal","equal","equal","equal","equal","equal","equal","equal","equal","equal","equal","equal","equal","equal","equal","equal","equal","equal","equal"
14,"NN","unreliable","exp1a_s14_NN_u","N","N",1,1,0,0.6826395210234,1.88641234607027,2.57483996194787,1,0,0,0.6826395210234,1,1,1,0,0,0.6826395210234,1.5,1.5,1,1,0,0.6826395210234,1.88641234607027,2,1,1,0,0.6826395210234,1.88641234607027,2.5,1,1,0,0.6826395210234,1.88641234607027,2.57483996194787,1,1,0,0.6826395210234,1.88641234607027,2.57483996194787,1,1,0,0.6826395210234,1.88641234607027,2.57483996194787,1,1,0,0.6826395210234,1.88641234607027,2.57483996194787,1,1,0,0.6826395210234,1.88641234607027,2.57483996194787,1,1,0,0.6826395210234,1.88641234607027,2.57483996194787,1,1,0,0.6826395210234,1.88641234607027,2.57483996194787,1,1,0,0.6826395210234,1.88641234607027,2.57483996194787,2,1,0,0.6826395210234,1.88641234607027,2.57483996194787,1,0,0,0.463668096112659,2.91746498644352,2.28624453791417,1,0,0,0.463668096112659,1,1,1,0,0,0.463668096112659,1.5,1.5,1,0,0,0.463668096112659,2,2,1,0,0,0.463668096112659,2.5,2.5,1,0,1,0.463668096112659,3,2.96888405893757,1,0,1,0.463668096112659,3.5,2.96888405893757,1,0,1,0.463668096112659,4,2.96888405893757,1,0,1,0.463668096112659,4.5,2.96888405893757,1,0,1,0.463668096112659,5,2.96888405893757,1,0,1,0.463668096112659,5.5,2.96888405893757,1,1,1,0.463668096112659,5.88634904538109,2.96888405893757,1,1,1,0.463668096112659,5.88634904538109,2.96888405893757,1,1,1,0.463668096112659,5.88634904538109,2.96888405893757,"equal","equal","larger","equal","equal","larger","equal","equal","equal","equal","larger","larger","equal","equal","equal","equal","larger","larger","equal","equal","equal","equal","equal","larger","equal","equal","equal","equal","equal","larger","equal","equal","larger","equal","equal","larger","equal","equal","larger","equal","equal","larger","equal","equal","larger","equal","equal","larger","equal","equal","larger","equal","equal","larger","equal","equal","larger","equal","equal","larger","equal","equal","larger","equal","equal","larger","equal","equal","larger","equal","equal","larger","equal","larger","larger","equal","equal","larger","equal","larger","larger","equal","equal","larger","equal","equal","equal","equal","larger","larger","equal","equal","equal","equal","larger","larger","equal","equal","equal","equal","larger","larger","equal","equal","equal","equal","larger","larger","equal","equal","equal","equal","larger","larger","equal","equal","equal","equal","larger","equal","equal","equal","equal","equal","larger","equal","equal","equal","equal","equal","larger","equal","equal","equal","equal","equal","larger","equal","equal","equal","equal","equal","larger","equal","equal","equal","equal","equal","larger","equal","equal","equal","equal","equal","equal","equal","equal","equal","equal","equal","equal","equal","equal","equal","equal","equal","equal","equal"
14,"NP","reliable","exp1a_s14_NP_r","N","P",1,1,0,1.72243924094234,2.51866024058828,2.57483996194787,0,0,0,1,1,1,0,0,0,1.5,1.5,1.5,1,0,0,1.72243924094234,2,2,1,0,0,1.72243924094234,2.5,2.5,1,1,0,1.72243924094234,2.51866024058828,2.57483996194787,1,1,0,1.72243924094234,2.51866024058828,2.57483996194787,1,1,0,1.72243924094234,2.51866024058828,2.57483996194787,1,1,0,1.72243924094234,2.51866024058828,2.57483996194787,1,1,0,1.72243924094234,2.51866024058828,2.57483996194787,1,1,0,1.72243924094234,2.51866024058828,2.57483996194787,1,1,0,1.72243924094234,2.51866024058828,2.57483996194787,1,1,0,1.72243924094234,2.51866024058828,2.57483996194787,1,1,0,1.72243924094234,2.51866024058828,2.57483996194787,0,0,0,1.31576988822781,2.91746498644352,2.28624453791417,0,0,0,1,1,1,0,0,0,1.5,1.5,1.5,0,0,0,2,2,2,0,0,0,2.5,2.5,2.5,0,0,0,3,3,3,0,0,0,3.5,3.5,3.5,0,0,0,4,4,4,0,0,1,4.5,4.5,4.00868377885651,0,0,1,5,5,4.00868377885651,0,0,1,5.5,5.5,4.00868377885651,0,0,1,6,6,4.00868377885651,0,0,1,6.5,6.5,4.00868377885651,0,1,1,7,6.92614876530003,4.00868377885651,"equal","equal","larger","equal","equal","larger","equal","equal","equal","larger","larger","larger","equal","equal","equal","larger","larger","larger","equal","equal","equal","equal","larger","larger","equal","equal","equal","equal","larger","larger","equal","equal","larger","equal","equal","larger","equal","equal","larger","equal","equal","larger","equal","equal","larger","equal","equal","larger","equal","equal","larger","equal","equal","larger","equal","equal","larger","equal","equal","larger","equal","equal","larger","equal","equal","larger","equal","equal","larger","equal","equal","larger","equal","larger","larger","equal","equal","larger","equal","larger","larger","equal","equal","larger","equal","equal","equal","larger","larger","larger","equal","equal","equal","larger","larger","larger","equal","equal","equal","larger","larger","larger","equal","equal","equal","larger","larger","larger","equal","equal","equal","larger","larger","larger","equal","equal","equal","larger","larger","larger","equal","equal","equal","larger","larger","larger","equal","equal","equal","larger","larger","larger","equal","equal","equal","larger","larger","equal","equal","equal","equal","larger","larger","equal","equal","equal","equal","larger","larger","equal","equal","equal","equal","larger","larger","equal","equal","equal","equal","larger","larger","equal","equal","equal","equal","larger","equal","equal"
14,"NP","unreliable","exp1a_s14_NP_u","N","P",1,1,0,0.6826395210234,1.88641234607027,2.57483996194787,1,0,0,0.6826395210234,1,1,1,0,0,0.6826395210234,1.5,1.5,1,1,0,0.6826395210234,1.88641234607027,2,1,1,0,0.6826395210234,1.88641234607027,2.5,1,1,0,0.6826395210234,1.88641234607027,2.57483996194787,1,1,0,0.6826395210234,1.88641234607027,2.57483996194787,1,1,0,0.6826395210234,1.88641234607027,2.57483996194787,1,1,0,0.6826395210234,1.88641234607027,2.57483996194787,1,1,0,0.6826395210234,1.88641234607027,2.57483996194787,1,1,0,0.6826395210234,1.88641234607027,2.57483996194787,1,1,0,0.6826395210234,1.88641234607027,2.57483996194787,1,1,0,0.6826395210234,1.88641234607027,2.57483996194787,2,1,0,0.6826395210234,1.88641234607027,2.57483996194787,0,0,0,1.31576988822781,2.91746498644352,2.28624453791417,0,0,0,1,1,1,0,0,0,1.5,1.5,1.5,0,0,0,2,2,2,0,0,0,2.5,2.5,2.5,0,0,1,3,3,2.96888405893757,0,0,1,3.5,3.5,2.96888405893757,0,0,1,4,4,2.96888405893757,0,0,1,4.5,4.5,2.96888405893757,0,0,1,5,5,2.96888405893757,0,0,1,5.5,5.5,2.96888405893757,0,1,1,6,5.88634904538109,2.96888405893757,0,1,1,6.5,5.88634904538109,2.96888405893757,0,1,1,7,5.88634904538109,2.96888405893757,"equal","equal","larger","equal","equal","larger","equal","equal","equal","equal","larger","larger","equal","equal","equal","equal","larger","larger","equal","equal","equal","equal","equal","larger","equal","equal","equal","equal","equal","larger","equal","equal","larger","equal","equal","larger","equal","equal","larger","equal","equal","larger","equal","equal","larger","equal","equal","larger","equal","equal","larger","equal","equal","larger","equal","equal","larger","equal","equal","larger","equal","equal","larger","equal","equal","larger","equal","equal","larger","equal","equal","larger","equal","larger","larger","equal","equal","larger","equal","larger","larger","equal","equal","larger","equal","equal","equal","larger","larger","larger","equal","equal","equal","larger","larger","larger","equal","equal","equal","larger","larger","larger","equal","equal","equal","larger","larger","larger","equal","equal","equal","larger","larger","larger","equal","equal","equal","larger","larger","equal","equal","equal","equal","larger","larger","equal","equal","equal","equal","larger","larger","equal","equal","equal","equal","larger","larger","equal","equal","equal","equal","larger","larger","equal","equal","equal","equal","larger","larger","equal","equal","equal","equal","larger","equal","equal","equal","equal","equal","larger","equal","equal","equal","equal","equal","larger","equal","equal"
14,"PG","reliable","exp1a_s14_PG_r","P","G",0,0,0,4.88412395888008,3.8300342024304,2.57483996194787,0,0,0,1,1,1,0,0,0,1.5,1.5,1.5,0,0,0,2,2,2,0,0,0,2.5,2.5,2.5,0,0,0,3,3,2.57483996194787,0,0,0,3.5,3.5,2.57483996194787,0,0,0,4,4,2.57483996194787,0,0,0,4.5,4.5,2.57483996194787,0,0,0,5,5,2.57483996194787,0,0,0,5.5,5.5,2.57483996194787,0,0,0,6,6,2.57483996194787,0,0,0,6.5,6.40487416437827,2.57483996194787,0,0,0,7,6.40487416437827,2.57483996194787,0,3,1,1.31576988822781,0.47045343611449,1.41206952815217,0,1,0,1,0.47045343611449,1,0,1,1,1.5,0.47045343611449,1.41206952815217,1,2,1,1.7862233243423,0.47045343611449,1.41206952815217,1,3,1,1.7862233243423,0.47045343611449,1.41206952815217,1,3,1,1.7862233243423,0.47045343611449,1.41206952815217,2,3,1,1.7862233243423,0.47045343611449,1.41206952815217,3,3,1,1.7862233243423,0.47045343611449,1.41206952815217,3,4,1,1.7862233243423,0.47045343611449,1.41206952815217,3,4,1,1.7862233243423,0.47045343611449,1.41206952815217,3,4,1,1.7862233243423,0.47045343611449,1.41206952815217,4,4,1,1.7862233243423,0.47045343611449,1.41206952815217,4,4,1,1.7862233243423,0.47045343611449,1.41206952815217,4,4,1,1.7862233243423,0.47045343611449,1.41206952815217,"equal","equal","larger","larger","larger","larger","equal","equal","equal","larger","larger","larger","equal","equal","equal","larger","larger","larger","equal","equal","equal","larger","larger","larger","equal","equal","equal","larger","larger","larger","equal","equal","larger","larger","larger","larger","equal","equal","larger","larger","larger","larger","equal","equal","larger","larger","larger","larger","equal","equal","larger","larger","larger","larger","equal","equal","larger","larger","larger","larger","equal","equal","larger","larger","larger","larger","equal","equal","larger","larger","larger","larger","equal","larger","larger","larger","larger","larger","equal","larger","larger","larger","larger","larger","equal","equal","equal","larger","equal","equal","equal","equal","equal","larger","equal","larger","equal","equal","equal","larger","equal","equal","equal","equal","equal","equal","equal","equal","equal","equal","equal","equal","equal","equal","equal","equal","equal","equal","equal","equal","equal","equal","equal","equal","equal","equal","equal","equal","equal","equal","equal","equal","equal","equal","equal","equal","equal","equal","equal","equal","equal","equal","equal","equal","equal","equal","equal","equal","equal","equal","equal","equal","equal","equal","equal","equal","equal","equal","equal","equal","equal","equal","equal","equal","equal","equal","equal","equal"
14,"PG","unreliable","exp1a_s14_PG_u","P","G",0,0,0,4.88412395888008,3.8300342024304,2.57483996194787,0,0,0,1,1,1,0,0,0,1.5,1.5,1.5,0,0,0,2,2,2,0,0,0,2.5,2.5,2.5,0,0,0,3,3,2.57483996194787,0,0,0,3.5,3.5,2.57483996194787,0,0,0,4,4,2.57483996194787,0,0,0,4.5,4.5,2.57483996194787,0,0,0,5,5,2.57483996194787,0,0,0,5.5,5.5,2.57483996194787,0,0,0,6,6,2.57483996194787,0,0,0,6.5,6.40487416437827,2.57483996194787,0,0,0,7,6.40487416437827,2.57483996194787,1,2,1,0.463668096112659,0.47045343611449,1.41206952815217,1,1,0,0.463668096112659,0.47045343611449,1,1,1,1,0.463668096112659,0.47045343611449,1.41206952815217,2,2,1,0.463668096112659,0.47045343611449,1.41206952815217,2,2,1,0.463668096112659,0.47045343611449,1.41206952815217,2,2,1,0.463668096112659,0.47045343611449,1.41206952815217,3,2,1,0.463668096112659,0.47045343611449,1.41206952815217,3,2,1,0.463668096112659,0.47045343611449,1.41206952815217,3,3,1,0.463668096112659,0.47045343611449,1.41206952815217,3,3,1,0.463668096112659,0.47045343611449,1.41206952815217,3,3,1,0.463668096112659,0.47045343611449,1.41206952815217,4,3,1,0.463668096112659,0.47045343611449,1.41206952815217,4,3,1,0.463668096112659,0.47045343611449,1.41206952815217,4,3,1,0.463668096112659,0.47045343611449,1.41206952815217,"equal","equal","larger","larger","larger","larger","equal","equal","equal","larger","larger","larger","equal","equal","equal","larger","larger","larger","equal","equal","equal","larger","larger","larger","equal","equal","equal","larger","larger","larger","equal","equal","larger","larger","larger","larger","equal","equal","larger","larger","larger","larger","equal","equal","larger","larger","larger","larger","equal","equal","larger","larger","larger","larger","equal","equal","larger","larger","larger","larger","equal","equal","larger","larger","larger","larger","equal","equal","larger","larger","larger","larger","equal","larger","larger","larger","larger","larger","equal","larger","larger","larger","larger","larger","equal","equal","equal","equal","equal","equal","equal","equal","equal","equal","equal","larger","equal","equal","equal","equal","equal","equal","equal","equal","equal","equal","equal","equal","equal","equal","equal","equal","equal","equal","equal","equal","equal","equal","equal","equal","equal","equal","equal","equal","equal","equal","equal","equal","equal","equal","equal","equal","equal","equal","equal","equal","equal","equal","equal","equal","equal","equal","equal","equal","equal","equal","equal","equal","equal","equal","equal","equal","equal","equal","equal","equal","equal","equal","equal","equal","equal","equal","equal","equal","equal","equal","equal","equal"
14,"PN","reliable","exp1a_s14_PN_r","P","N",0,0,0,4.88412395888008,3.8300342024304,2.57483996194787,0,0,0,1,1,1,0,0,0,1.5,1.5,1.5,0,0,0,2,2,2,0,0,0,2.5,2.5,2.5,0,0,0,3,3,2.57483996194787,0,0,0,3.5,3.5,2.57483996194787,0,0,0,4,4,2.57483996194787,0,0,0,4.5,4.5,2.57483996194787,0,0,0,5,5,2.57483996194787,0,0,0,5.5,5.5,2.57483996194787,0,0,0,6,6,2.57483996194787,0,0,0,6.5,6.40487416437827,2.57483996194787,0,0,0,7,6.40487416437827,2.57483996194787,0,1,0,1.31576988822781,2.32231376201607,2.28624453791417,0,0,0,1,1,1,0,0,0,1.5,1.5,1.5,0,0,0,2,2,2,0,1,0,2.5,2.32231376201607,2.5,0,1,0,3,2.32231376201607,3,0,1,0,3.5,2.32231376201607,3.5,1,1,0,3.63808365024387,2.32231376201607,4,1,1,0,3.63808365024387,2.32231376201607,4.5,1,1,0,3.63808365024387,2.32231376201607,5,1,1,0,3.63808365024387,2.32231376201607,5.5,1,1,0,3.63808365024387,2.32231376201607,6,1,1,0,3.63808365024387,2.32231376201607,6.5,1,1,0,3.63808365024387,2.32231376201607,7,"equal","equal","larger","larger","larger","larger","equal","equal","equal","larger","larger","larger","equal","equal","equal","larger","larger","larger","equal","equal","equal","larger","larger","larger","equal","equal","equal","larger","larger","larger","equal","equal","larger","larger","larger","larger","equal","equal","larger","larger","larger","larger","equal","equal","larger","larger","larger","larger","equal","equal","larger","larger","larger","larger","equal","equal","larger","larger","larger","larger","equal","equal","larger","larger","larger","larger","equal","equal","larger","larger","larger","larger","equal","larger","larger","larger","larger","larger","equal","larger","larger","larger","larger","larger","equal","equal","equal","larger","equal","larger","equal","equal","equal","larger","larger","larger","equal","equal","equal","larger","larger","larger","equal","equal","equal","larger","larger","larger","equal","equal","equal","larger","equal","larger","equal","equal","equal","larger","equal","larger","equal","equal","equal","larger","equal","larger","equal","equal","equal","equal","equal","larger","equal","equal","equal","equal","equal","larger","equal","equal","equal","equal","equal","larger","equal","equal","equal","equal","equal","larger","equal","equal","equal","equal","equal","larger","equal","equal","equal","equal","equal","larger","equal","equal","equal","equal","equal","larger"
14,"PN","unreliable","exp1a_s14_PN_u","P","N",0,0,0,4.88412395888008,3.8300342024304,2.57483996194787,0,0,0,1,1,1,0,0,0,1.5,1.5,1.5,0,0,0,2,2,2,0,0,0,2.5,2.5,2.5,0,0,0,3,3,2.57483996194787,0,0,0,3.5,3.5,2.57483996194787,0,0,0,4,4,2.57483996194787,0,0,0,4.5,4.5,2.57483996194787,0,0,0,5,5,2.57483996194787,0,0,0,5.5,5.5,2.57483996194787,0,0,0,6,6,2.57483996194787,0,0,0,6.5,6.40487416437827,2.57483996194787,0,0,0,7,6.40487416437827,2.57483996194787,1,0,0,0.463668096112659,2.91746498644352,2.28624453791417,1,0,0,0.463668096112659,1,1,1,0,0,0.463668096112659,1.5,1.5,1,0,0,0.463668096112659,2,2,1,0,0,0.463668096112659,2.5,2.5,1,0,0,0.463668096112659,3,3,1,0,0,0.463668096112659,3.5,3.5,1,0,0,0.463668096112659,4,4,1,0,0,0.463668096112659,4.5,4.5,1,0,0,0.463668096112659,5,5,1,0,0,0.463668096112659,5.5,5.5,1,0,0,0.463668096112659,6,6,1,0,0,0.463668096112659,6.5,6.5,1,0,0,0.463668096112659,7,7,"equal","equal","larger","larger","larger","larger","equal","equal","equal","larger","larger","larger","equal","equal","equal","larger","larger","larger","equal","equal","equal","larger","larger","larger","equal","equal","equal","larger","larger","larger","equal","equal","larger","larger","larger","larger","equal","equal","larger","larger","larger","larger","equal","equal","larger","larger","larger","larger","equal","equal","larger","larger","larger","larger","equal","equal","larger","larger","larger","larger","equal","equal","larger","larger","larger","larger","equal","equal","larger","larger","larger","larger","equal","larger","larger","larger","larger","larger","equal","larger","larger","larger","larger","larger","equal","equal","equal","equal","larger","larger","equal","equal","equal","equal","larger","larger","equal","equal","equal","equal","larger","larger","equal","equal","equal","equal","larger","larger","equal","equal","equal","equal","larger","larger","equal","equal","equal","equal","larger","larger","equal","equal","equal","equal","larger","larger","equal","equal","equal","equal","larger","larger","equal","equal","equal","equal","larger","larger","equal","equal","equal","equal","larger","larger","equal","equal","equal","equal","larger","larger","equal","equal","equal","equal","larger","larger","equal","equal","equal","equal","larger","larger","equal","equal","equal","equal","larger","larger"
14,"PP","reliable","exp1a_s14_PP_r","P","P",0,0,0,4.88412395888008,3.8300342024304,2.57483996194787,0,0,0,1,1,1,0,0,0,1.5,1.5,1.5,0,0,0,2,2,2,0,0,0,2.5,2.5,2.5,0,0,0,3,3,2.57483996194787,0,0,0,3.5,3.5,2.57483996194787,0,0,0,4,4,2.57483996194787,0,0,0,4.5,4.5,2.57483996194787,0,0,0,5,5,2.57483996194787,0,0,0,5.5,5.5,2.57483996194787,0,0,0,6,6,2.57483996194787,0,0,0,6.5,6.40487416437827,2.57483996194787,0,0,0,7,6.40487416437827,2.57483996194787,0,0,0,1.31576988822781,2.91746498644352,2.28624453791417,0,0,0,1,1,1,0,0,0,1.5,1.5,1.5,0,0,0,2,2,2,0,0,0,2.5,2.5,2.5,0,0,0,3,3,3,0,0,0,3.5,3.5,3.5,0,0,0,4,4,4,0,0,0,4.5,4.5,4.5,0,0,0,5,5,5,0,0,0,5.5,5.5,5.5,0,0,0,6,6,6,0,0,0,6.5,6.5,6.5,0,0,0,7,7,7,"equal","equal","larger","larger","larger","larger","equal","equal","equal","larger","larger","larger","equal","equal","equal","larger","larger","larger","equal","equal","equal","larger","larger","larger","equal","equal","equal","larger","larger","larger","equal","equal","larger","larger","larger","larger","equal","equal","larger","larger","larger","larger","equal","equal","larger","larger","larger","larger","equal","equal","larger","larger","larger","larger","equal","equal","larger","larger","larger","larger","equal","equal","larger","larger","larger","larger","equal","equal","larger","larger","larger","larger","equal","larger","larger","larger","larger","larger","equal","larger","larger","larger","larger","larger","equal","equal","equal","larger","larger","larger","equal","equal","equal","larger","larger","larger","equal","equal","equal","larger","larger","larger","equal","equal","equal","larger","larger","larger","equal","equal","equal","larger","larger","larger","equal","equal","equal","larger","larger","larger","equal","equal","equal","larger","larger","larger","equal","equal","equal","larger","larger","larger","equal","equal","equal","larger","larger","larger","equal","equal","equal","larger","larger","larger","equal","equal","equal","larger","larger","larger","equal","equal","equal","larger","larger","larger","equal","equal","equal","larger","larger","larger","equal","equal","equal","larger","larger","larger"
14,"PP","unreliable","exp1a_s14_PP_u","P","P",0,0,0,4.88412395888008,3.8300342024304,2.57483996194787,0,0,0,1,1,1,0,0,0,1.5,1.5,1.5,0,0,0,2,2,2,0,0,0,2.5,2.5,2.5,0,0,0,3,3,2.57483996194787,0,0,0,3.5,3.5,2.57483996194787,0,0,0,4,4,2.57483996194787,0,0,0,4.5,4.5,2.57483996194787,0,0,0,5,5,2.57483996194787,0,0,0,5.5,5.5,2.57483996194787,0,0,0,6,6,2.57483996194787,0,0,0,6.5,6.40487416437827,2.57483996194787,0,0,0,7,6.40487416437827,2.57483996194787,0,0,0,1.31576988822781,2.91746498644352,2.28624453791417,0,0,0,1,1,1,0,0,0,1.5,1.5,1.5,0,0,0,2,2,2,0,0,0,2.5,2.5,2.5,0,0,0,3,3,3,0,0,0,3.5,3.5,3.5,0,0,0,4,4,4,0,0,0,4.5,4.5,4.5,0,0,0,5,5,5,0,0,0,5.5,5.5,5.5,0,0,0,6,6,6,0,0,0,6.5,6.5,6.5,0,0,0,7,7,7,"equal","equal","larger","larger","larger","larger","equal","equal","equal","larger","larger","larger","equal","equal","equal","larger","larger","larger","equal","equal","equal","larger","larger","larger","equal","equal","equal","larger","larger","larger","equal","equal","larger","larger","larger","larger","equal","equal","larger","larger","larger","larger","equal","equal","larger","larger","larger","larger","equal","equal","larger","larger","larger","larger","equal","equal","larger","larger","larger","larger","equal","equal","larger","larger","larger","larger","equal","equal","larger","larger","larger","larger","equal","larger","larger","larger","larger","larger","equal","larger","larger","larger","larger","larger","equal","equal","equal","larger","larger","larger","equal","equal","equal","larger","larger","larger","equal","equal","equal","larger","larger","larger","equal","equal","equal","larger","larger","larger","equal","equal","equal","larger","larger","larger","equal","equal","equal","larger","larger","larger","equal","equal","equal","larger","larger","larger","equal","equal","equal","larger","larger","larger","equal","equal","equal","larger","larger","larger","equal","equal","equal","larger","larger","larger","equal","equal","equal","larger","larger","larger","equal","equal","equal","larger","larger","larger","equal","equal","equal","larger","larger","larger","equal","equal","equal","larger","larger","larger"
15,"GG","reliable","exp1a_s15_GG_r","G","G",2,1,2,1.20697393585332,1.29706635617256,0.919984452632363,0,0,1,1,1,0.919984452632363,1,1,1,1.20697393585332,1.29706635617256,0.919984452632363,1,1,2,1.20697393585332,1.29706635617256,0.919984452632363,1,1,2,1.20697393585332,1.29706635617256,0.919984452632363,1,1,2,1.20697393585332,1.29706635617256,0.919984452632363,1,1,3,1.20697393585332,1.29706635617256,0.919984452632363,1,1,3,1.20697393585332,1.29706635617256,0.919984452632363,2,1,3,1.20697393585332,1.29706635617256,0.919984452632363,2,2,3,1.20697393585332,1.29706635617256,0.919984452632363,2,3,3,1.20697393585332,1.29706635617256,0.919984452632363,2,3,3,1.20697393585332,1.29706635617256,0.919984452632363,2,3,3,1.20697393585332,1.29706635617256,0.919984452632363,3,3,3,1.20697393585332,1.29706635617256,0.919984452632363,0,3,1,0.706477261148393,0.526670906223848,1.07438911146829,0,1,0,1,0.526670906223848,1,1,1,1,1.23314816737224,0.526670906223848,1.07438911146829,1,2,1,1.23314816737224,0.526670906223848,1.07438911146829,2,2,1,1.23314816737224,0.526670906223848,1.07438911146829,2,3,1,1.23314816737224,0.526670906223848,1.07438911146829,2,3,1,1.23314816737224,0.526670906223848,1.07438911146829,3,3,1,1.23314816737224,0.526670906223848,1.07438911146829,3,3,1,1.23314816737224,0.526670906223848,1.07438911146829,3,3,1,1.23314816737224,0.526670906223848,1.07438911146829,3,4,1,1.23314816737224,0.526670906223848,1.07438911146829,4,4,1,1.23314816737224,0.526670906223848,1.07438911146829,4,4,1,1.23314816737224,0.526670906223848,1.07438911146829,4,4,1,1.23314816737224,0.526670906223848,1.07438911146829,"equal","equal","equal","equal","equal","equal","equal","equal","equal","larger","larger","equal","equal","equal","equal","equal","equal","equal","equal","equal","equal","equal","equal","equal","equal","equal","equal","equal","equal","equal","equal","equal","equal","equal","equal","equal","equal","equal","equal","equal","equal","equal","equal","equal","equal","equal","equal","equal","equal","equal","equal","equal","equal","equal","equal","equal","larger","equal","equal","equal","equal","equal","larger","equal","equal","equal","equal","equal","larger","equal","equal","equal","equal","equal","larger","equal","equal","equal","equal","equal","larger","equal","equal","equal","equal","equal","larger","larger","equal","equal","equal","equal","equal","larger","equal","larger","equal","equal","equal","equal","equal","equal","equal","equal","equal","equal","equal","equal","equal","equal","larger","equal","equal","equal","equal","equal","larger","equal","equal","equal","equal","equal","larger","equal","equal","equal","equal","equal","larger","equal","equal","equal","equal","equal","larger","equal","equal","equal","equal","equal","larger","equal","equal","equal","equal","equal","larger","equal","equal","equal","equal","equal","larger","equal","equal","equal","equal","equal","larger","equal","equal","equal","equal","equal","larger","equal","equal","equal"
15,"GG","unreliable","exp1a_s15_GG_u","G","G",3,1,2,1.20697393585332,1.29706635617256,1.00664252421719,0,0,0,1,1,1,1,1,1,1.20697393585332,1.29706635617256,1.00664252421719,1,1,2,1.20697393585332,1.29706635617256,1.00664252421719,2,1,2,1.20697393585332,1.29706635617256,1.00664252421719,2,1,2,1.20697393585332,1.29706635617256,1.00664252421719,2,1,3,1.20697393585332,1.29706635617256,1.00664252421719,3,1,3,1.20697393585332,1.29706635617256,1.00664252421719,3,1,4,1.20697393585332,1.29706635617256,1.00664252421719,3,2,4,1.20697393585332,1.29706635617256,1.00664252421719,3,3,4,1.20697393585332,1.29706635617256,1.00664252421719,3,3,4,1.20697393585332,1.29706635617256,1.00664252421719,3,3,4,1.20697393585332,1.29706635617256,1.00664252421719,4,3,4,1.20697393585332,1.29706635617256,1.00664252421719,0,3,2,0.706477261148393,0.526670906223848,1.07438911146829,0,1,0,1,0.526670906223848,1,1,2,1,1.23314816737224,0.526670906223848,1.07438911146829,2,3,2,1.23314816737224,0.526670906223848,1.07438911146829,3,3,2,1.23314816737224,0.526670906223848,1.07438911146829,3,3,2,1.23314816737224,0.526670906223848,1.07438911146829,3,3,2,1.23314816737224,0.526670906223848,1.07438911146829,3,3,2,1.23314816737224,0.526670906223848,1.07438911146829,3,3,2,1.23314816737224,0.526670906223848,1.07438911146829,3,3,2,1.23314816737224,0.526670906223848,1.07438911146829,3,4,2,1.23314816737224,0.526670906223848,1.07438911146829,4,5,2,1.23314816737224,0.526670906223848,1.07438911146829,4,5,2,1.23314816737224,0.526670906223848,1.07438911146829,5,5,2,1.23314816737224,0.526670906223848,1.07438911146829,"equal","equal","equal","equal","equal","equal","equal","equal","equal","larger","larger","larger","equal","equal","equal","equal","equal","equal","equal","equal","equal","equal","equal","equal","equal","equal","equal","equal","equal","equal","equal","equal","equal","equal","equal","equal","equal","equal","equal","equal","equal","equal","equal","equal","equal","equal","equal","equal","equal","equal","equal","equal","equal","equal","equal","equal","larger","equal","equal","equal","equal","equal","larger","equal","equal","equal","equal","equal","larger","equal","equal","equal","equal","equal","larger","equal","equal","equal","equal","equal","larger","equal","equal","equal","equal","equal","larger","larger","equal","equal","equal","equal","equal","larger","equal","larger","equal","equal","equal","equal","equal","equal","equal","equal","equal","equal","equal","equal","equal","equal","larger","equal","equal","equal","equal","equal","larger","equal","equal","equal","equal","equal","larger","equal","equal","equal","equal","equal","larger","equal","equal","equal","equal","equal","larger","equal","equal","equal","equal","equal","larger","equal","equal","equal","equal","equal","larger","equal","equal","equal","equal","equal","larger","equal","equal","equal","equal","equal","larger","equal","equal","equal","equal","equal","larger","equal","equal","equal"
15,"GN","reliable","exp1a_s15_GN_r","G","N",2,1,2,1.20697393585332,1.29706635617256,0.919984452632363,0,0,1,1,1,0.919984452632363,1,1,1,1.20697393585332,1.29706635617256,0.919984452632363,1,1,2,1.20697393585332,1.29706635617256,0.919984452632363,1,1,2,1.20697393585332,1.29706635617256,0.919984452632363,1,1,2,1.20697393585332,1.29706635617256,0.919984452632363,1,1,2,1.20697393585332,1.29706635617256,0.919984452632363,1,1,2,1.20697393585332,1.29706635617256,0.919984452632363,2,1,2,1.20697393585332,1.29706635617256,0.919984452632363,2,2,2,1.20697393585332,1.29706635617256,0.919984452632363,2,3,2,1.20697393585332,1.29706635617256,0.919984452632363,2,3,2,1.20697393585332,1.29706635617256,0.919984452632363,2,3,2,1.20697393585332,1.29706635617256,0.919984452632363,3,3,2,1.20697393585332,1.29706635617256,0.919984452632363,0,1,0,0.706477261148393,2.83970794285909,2.10886631533504,0,0,0,1,1,1,0,0,0,1.5,1.5,1.5,0,0,0,2,2,2,0,0,0,2.5,2.5,2.10886631533504,0,1,0,3,2.83970794285909,2.10886631533504,0,1,0,3.5,2.83970794285909,2.10886631533504,1,1,0,3.54618520400748,2.83970794285909,2.10886631533504,1,1,0,3.54618520400748,2.83970794285909,2.10886631533504,1,1,0,3.54618520400748,2.83970794285909,2.10886631533504,1,2,0,3.54618520400748,2.83970794285909,2.10886631533504,2,2,0,3.54618520400748,2.83970794285909,2.10886631533504,2,2,0,3.54618520400748,2.83970794285909,2.10886631533504,2,2,0,3.54618520400748,2.83970794285909,2.10886631533504,"equal","equal","equal","equal","equal","equal","equal","equal","equal","larger","larger","equal","equal","equal","equal","equal","equal","equal","equal","equal","equal","equal","equal","equal","equal","equal","equal","equal","equal","equal","equal","equal","equal","equal","equal","equal","equal","equal","equal","equal","equal","equal","equal","equal","equal","equal","equal","equal","equal","equal","equal","equal","equal","equal","equal","equal","larger","equal","equal","equal","equal","equal","larger","equal","equal","equal","equal","equal","larger","equal","equal","equal","equal","equal","larger","equal","equal","equal","equal","equal","larger","equal","equal","equal","equal","equal","larger","larger","equal","larger","equal","equal","equal","larger","larger","larger","equal","equal","equal","larger","larger","larger","equal","equal","equal","larger","larger","larger","equal","equal","larger","larger","larger","larger","equal","equal","larger","larger","equal","larger","equal","equal","larger","larger","equal","larger","equal","equal","larger","equal","equal","larger","equal","equal","larger","equal","equal","larger","equal","equal","larger","equal","equal","larger","equal","equal","larger","equal","equal","larger","equal","equal","larger","equal","equal","larger","equal","equal","larger","equal","equal","larger","equal","equal","larger","equal","equal","larger"
15,"GN","unreliable","exp1a_s15_GN_u","G","N",3,1,2,1.20697393585332,1.29706635617256,1.00664252421719,0,0,0,1,1,1,1,1,1,1.20697393585332,1.29706635617256,1.00664252421719,1,1,2,1.20697393585332,1.29706635617256,1.00664252421719,2,1,2,1.20697393585332,1.29706635617256,1.00664252421719,2,1,2,1.20697393585332,1.29706635617256,1.00664252421719,2,1,2,1.20697393585332,1.29706635617256,1.00664252421719,3,1,2,1.20697393585332,1.29706635617256,1.00664252421719,3,1,3,1.20697393585332,1.29706635617256,1.00664252421719,3,2,3,1.20697393585332,1.29706635617256,1.00664252421719,3,3,3,1.20697393585332,1.29706635617256,1.00664252421719,3,3,3,1.20697393585332,1.29706635617256,1.00664252421719,3,3,3,1.20697393585332,1.29706635617256,1.00664252421719,4,3,3,1.20697393585332,1.29706635617256,1.00664252421719,0,1,1,0.706477261148393,1.09691066566882,1.76431670614589,0,0,0,1,1,1,0,1,0,1.5,1.09691066566882,1.5,1,1,1,1.80338792681721,1.09691066566882,1.76431670614589,1,1,1,1.80338792681721,1.09691066566882,1.76431670614589,1,1,1,1.80338792681721,1.09691066566882,1.76431670614589,1,1,1,1.80338792681721,1.09691066566882,1.76431670614589,1,1,1,1.80338792681721,1.09691066566882,1.76431670614589,1,1,1,1.80338792681721,1.09691066566882,1.76431670614589,1,1,1,1.80338792681721,1.09691066566882,1.76431670614589,1,2,1,1.80338792681721,1.09691066566882,1.76431670614589,2,3,1,1.80338792681721,1.09691066566882,1.76431670614589,2,3,1,1.80338792681721,1.09691066566882,1.76431670614589,3,3,1,1.80338792681721,1.09691066566882,1.76431670614589,"equal","equal","equal","equal","equal","equal","equal","equal","equal","larger","larger","larger","equal","equal","equal","equal","equal","equal","equal","equal","equal","equal","equal","equal","equal","equal","equal","equal","equal","equal","equal","equal","equal","equal","equal","equal","equal","equal","equal","equal","equal","equal","equal","equal","equal","equal","equal","equal","equal","equal","equal","equal","equal","equal","equal","equal","larger","equal","equal","equal","equal","equal","larger","equal","equal","equal","equal","equal","larger","equal","equal","equal","equal","equal","larger","equal","equal","equal","equal","equal","larger","equal","equal","equal","equal","equal","larger","larger","equal","equal","equal","equal","equal","larger","larger","larger","equal","equal","equal","larger","equal","larger","equal","equal","equal","equal","equal","equal","equal","equal","larger","equal","equal","equal","equal","equal","larger","equal","equal","equal","equal","equal","larger","equal","equal","equal","equal","equal","larger","equal","equal","equal","equal","equal","larger","equal","equal","equal","equal","equal","larger","equal","equal","equal","equal","equal","larger","equal","equal","equal","equal","equal","larger","equal","equal","equal","equal","equal","larger","equal","equal","equal","equal","equal","larger","equal","equal","equal"
15,"GP","reliable","exp1a_s15_GP_r","G","P",2,1,2,1.20697393585332,1.29706635617256,0.919984452632363,0,0,1,1,1,0.919984452632363,1,1,1,1.20697393585332,1.29706635617256,0.919984452632363,1,1,2,1.20697393585332,1.29706635617256,0.919984452632363,1,1,2,1.20697393585332,1.29706635617256,0.919984452632363,1,1,2,1.20697393585332,1.29706635617256,0.919984452632363,1,1,2,1.20697393585332,1.29706635617256,0.919984452632363,1,1,2,1.20697393585332,1.29706635617256,0.919984452632363,2,1,2,1.20697393585332,1.29706635617256,0.919984452632363,2,2,2,1.20697393585332,1.29706635617256,0.919984452632363,2,3,2,1.20697393585332,1.29706635617256,0.919984452632363,2,3,2,1.20697393585332,1.29706635617256,0.919984452632363,2,3,2,1.20697393585332,1.29706635617256,0.919984452632363,3,3,2,1.20697393585332,1.29706635617256,0.919984452632363,0,0,0,0.706477261148393,3.96929717622697,2.10886631533504,0,0,0,1,1,1,0,0,0,1.5,1.5,1.5,0,0,0,2,2,2,0,0,0,2.5,2.5,2.10886631533504,0,0,0,3,3,2.10886631533504,0,0,0,3.5,3.5,2.10886631533504,0,0,0,4,4,2.10886631533504,0,0,0,4.5,4.5,2.10886631533504,0,0,0,5,5,2.10886631533504,0,1,0,5.5,5.17627111208029,2.10886631533504,1,1,0,5.88274837322868,5.17627111208029,2.10886631533504,1,1,0,5.88274837322868,5.17627111208029,2.10886631533504,1,1,0,5.88274837322868,5.17627111208029,2.10886631533504,"equal","equal","equal","equal","equal","equal","equal","equal","equal","larger","larger","equal","equal","equal","equal","equal","equal","equal","equal","equal","equal","equal","equal","equal","equal","equal","equal","equal","equal","equal","equal","equal","equal","equal","equal","equal","equal","equal","equal","equal","equal","equal","equal","equal","equal","equal","equal","equal","equal","equal","equal","equal","equal","equal","equal","equal","larger","equal","equal","equal","equal","equal","larger","equal","equal","equal","equal","equal","larger","equal","equal","equal","equal","equal","larger","equal","equal","equal","equal","equal","larger","equal","equal","equal","equal","equal","larger","larger","larger","larger","equal","equal","equal","larger","larger","larger","equal","equal","equal","larger","larger","larger","equal","equal","equal","larger","larger","larger","equal","equal","larger","larger","larger","larger","equal","equal","larger","larger","larger","larger","equal","equal","larger","larger","larger","larger","equal","equal","larger","larger","larger","larger","equal","equal","larger","larger","larger","larger","equal","equal","larger","larger","larger","larger","equal","equal","larger","larger","equal","larger","equal","equal","larger","equal","equal","larger","equal","equal","larger","equal","equal","larger","equal","equal","larger","equal","equal","larger"
15,"GP","unreliable","exp1a_s15_GP_u","G","P",3,1,2,1.20697393585332,1.29706635617256,1.00664252421719,0,0,0,1,1,1,1,1,1,1.20697393585332,1.29706635617256,1.00664252421719,1,1,2,1.20697393585332,1.29706635617256,1.00664252421719,2,1,2,1.20697393585332,1.29706635617256,1.00664252421719,2,1,2,1.20697393585332,1.29706635617256,1.00664252421719,2,1,2,1.20697393585332,1.29706635617256,1.00664252421719,3,1,2,1.20697393585332,1.29706635617256,1.00664252421719,3,1,2,1.20697393585332,1.29706635617256,1.00664252421719,3,2,2,1.20697393585332,1.29706635617256,1.00664252421719,3,3,2,1.20697393585332,1.29706635617256,1.00664252421719,3,3,2,1.20697393585332,1.29706635617256,1.00664252421719,3,3,2,1.20697393585332,1.29706635617256,1.00664252421719,4,3,2,1.20697393585332,1.29706635617256,1.00664252421719,0,0,0,0.706477261148393,3.96929717622697,2.10886631533504,0,0,0,1,1,1,0,0,0,1.5,1.5,1.5,0,0,0,2,2,2,0,0,0,2.5,2.5,2.10886631533504,0,0,0,3,3,2.10886631533504,0,0,0,3.5,3.5,2.10886631533504,0,0,0,4,4,2.10886631533504,0,0,0,4.5,4.5,2.10886631533504,0,0,0,5,5,2.10886631533504,0,1,0,5.5,5.17627111208029,2.10886631533504,1,2,0,5.88274837322868,5.17627111208029,2.10886631533504,1,2,0,5.88274837322868,5.17627111208029,2.10886631533504,2,2,0,5.88274837322868,5.17627111208029,2.10886631533504,"equal","equal","equal","equal","equal","equal","equal","equal","equal","larger","larger","larger","equal","equal","equal","equal","equal","equal","equal","equal","equal","equal","equal","equal","equal","equal","equal","equal","equal","equal","equal","equal","equal","equal","equal","equal","equal","equal","equal","equal","equal","equal","equal","equal","equal","equal","equal","equal","equal","equal","equal","equal","equal","equal","equal","equal","larger","equal","equal","equal","equal","equal","larger","equal","equal","equal","equal","equal","larger","equal","equal","equal","equal","equal","larger","equal","equal","equal","equal","equal","larger","equal","equal","equal","equal","equal","larger","larger","larger","larger","equal","equal","equal","larger","larger","larger","equal","equal","equal","larger","larger","larger","equal","equal","equal","larger","larger","larger","equal","equal","larger","larger","larger","larger","equal","equal","larger","larger","larger","larger","equal","equal","larger","larger","larger","larger","equal","equal","larger","larger","larger","larger","equal","equal","larger","larger","larger","larger","equal","equal","larger","larger","larger","larger","equal","equal","larger","larger","equal","larger","equal","equal","larger","equal","equal","larger","equal","equal","larger","equal","equal","larger","equal","equal","larger","equal","equal","larger"
15,"NG","reliable","exp1a_s15_NG_r","N","G",1,0,1,4.29196420368081,3.59073643572628,0.919984452632363,0,0,1,1,1,0.919984452632363,0,0,1,1.5,1.5,0.919984452632363,0,0,1,2,2,0.919984452632363,0,0,1,2.5,2.5,0.919984452632363,0,0,1,3,3,0.919984452632363,0,0,2,3.5,3.5,0.919984452632363,0,0,2,4,4,0.919984452632363,1,0,2,4.29196420368081,4.5,0.919984452632363,1,1,2,4.29196420368081,4.51072088835865,0.919984452632363,1,1,2,4.29196420368081,4.51072088835865,0.919984452632363,1,1,2,4.29196420368081,4.51072088835865,0.919984452632363,1,1,2,4.29196420368081,4.51072088835865,0.919984452632363,1,1,2,4.29196420368081,4.51072088835865,0.919984452632363,0,3,1,0.706477261148393,0.526670906223848,1.07438911146829,0,1,0,1,0.526670906223848,1,1,1,1,1.23314816737224,0.526670906223848,1.07438911146829,1,2,1,1.23314816737224,0.526670906223848,1.07438911146829,2,2,1,1.23314816737224,0.526670906223848,1.07438911146829,2,3,1,1.23314816737224,0.526670906223848,1.07438911146829,2,3,1,1.23314816737224,0.526670906223848,1.07438911146829,3,3,1,1.23314816737224,0.526670906223848,1.07438911146829,3,3,1,1.23314816737224,0.526670906223848,1.07438911146829,3,3,1,1.23314816737224,0.526670906223848,1.07438911146829,3,3,1,1.23314816737224,0.526670906223848,1.07438911146829,3,3,1,1.23314816737224,0.526670906223848,1.07438911146829,3,3,1,1.23314816737224,0.526670906223848,1.07438911146829,3,3,1,1.23314816737224,0.526670906223848,1.07438911146829,"equal","equal","equal","equal","larger","equal","equal","equal","equal","larger","larger","equal","equal","equal","equal","larger","larger","equal","equal","equal","equal","larger","larger","equal","equal","equal","equal","larger","larger","equal","equal","equal","equal","larger","larger","equal","equal","equal","equal","larger","larger","equal","equal","equal","equal","larger","larger","equal","equal","equal","equal","equal","larger","equal","equal","equal","larger","equal","equal","equal","equal","equal","larger","equal","equal","equal","equal","equal","larger","equal","equal","equal","equal","equal","larger","equal","equal","equal","equal","equal","larger","equal","equal","equal","equal","equal","larger","larger","equal","equal","equal","equal","equal","larger","equal","larger","equal","equal","equal","equal","equal","equal","equal","equal","equal","equal","equal","equal","equal","equal","larger","equal","equal","equal","equal","equal","larger","equal","equal","equal","equal","equal","larger","equal","equal","equal","equal","equal","larger","equal","equal","equal","equal","equal","larger","equal","equal","equal","equal","equal","larger","equal","equal","equal","equal","equal","larger","equal","equal","equal","equal","equal","larger","equal","equal","equal","equal","equal","larger","equal","equal","equal","equal","equal","larger","equal","equal","equal"
15,"NG","unreliable","exp1a_s15_NG_u","N","G",2,0,1,2.00917726369097,3.59073643572628,1.00664252421719,0,0,0,1,1,1,0,0,1,1.5,1.5,1.00664252421719,0,0,1,2,2,1.00664252421719,1,0,1,2.00917726369097,2.5,1.00664252421719,1,0,1,2.00917726369097,3,1.00664252421719,1,0,2,2.00917726369097,3.5,1.00664252421719,2,0,2,2.00917726369097,4,1.00664252421719,2,0,3,2.00917726369097,4.5,1.00664252421719,2,1,3,2.00917726369097,4.59737895994347,1.00664252421719,2,1,3,2.00917726369097,4.59737895994347,1.00664252421719,2,1,3,2.00917726369097,4.59737895994347,1.00664252421719,2,1,3,2.00917726369097,4.59737895994347,1.00664252421719,2,1,3,2.00917726369097,4.59737895994347,1.00664252421719,0,3,2,0.706477261148393,0.526670906223848,1.07438911146829,0,1,0,1,0.526670906223848,1,1,2,1,1.23314816737224,0.526670906223848,1.07438911146829,2,3,2,1.23314816737224,0.526670906223848,1.07438911146829,3,3,2,1.23314816737224,0.526670906223848,1.07438911146829,3,3,2,1.23314816737224,0.526670906223848,1.07438911146829,3,3,2,1.23314816737224,0.526670906223848,1.07438911146829,3,3,2,1.23314816737224,0.526670906223848,1.07438911146829,3,3,2,1.23314816737224,0.526670906223848,1.07438911146829,3,3,2,1.23314816737224,0.526670906223848,1.07438911146829,3,3,2,1.23314816737224,0.526670906223848,1.07438911146829,3,4,2,1.23314816737224,0.526670906223848,1.07438911146829,3,4,2,1.23314816737224,0.526670906223848,1.07438911146829,4,4,2,1.23314816737224,0.526670906223848,1.07438911146829,"equal","equal","equal","equal","larger","equal","equal","equal","equal","larger","larger","larger","equal","equal","equal","larger","larger","equal","equal","equal","equal","larger","larger","equal","equal","equal","equal","equal","larger","equal","equal","equal","equal","equal","larger","equal","equal","equal","equal","equal","larger","equal","equal","equal","equal","equal","larger","equal","equal","equal","equal","equal","larger","equal","equal","equal","larger","equal","equal","equal","equal","equal","larger","equal","equal","equal","equal","equal","larger","equal","equal","equal","equal","equal","larger","equal","equal","equal","equal","equal","larger","equal","equal","equal","equal","equal","larger","larger","equal","equal","equal","equal","equal","larger","equal","larger","equal","equal","equal","equal","equal","equal","equal","equal","equal","equal","equal","equal","equal","equal","larger","equal","equal","equal","equal","equal","larger","equal","equal","equal","equal","equal","larger","equal","equal","equal","equal","equal","larger","equal","equal","equal","equal","equal","larger","equal","equal","equal","equal","equal","larger","equal","equal","equal","equal","equal","larger","equal","equal","equal","equal","equal","larger","equal","equal","equal","equal","equal","larger","equal","equal","equal","equal","equal","larger","equal","equal","equal"
15,"NN","reliable","exp1a_s15_NN_r","N","N",1,0,1,4.29196420368081,3.59073643572628,0.919984452632363,0,0,1,1,1,0.919984452632363,0,0,1,1.5,1.5,0.919984452632363,0,0,1,2,2,0.919984452632363,0,0,1,2.5,2.5,0.919984452632363,0,0,1,3,3,0.919984452632363,0,0,1,3.5,3.5,0.919984452632363,0,0,1,4,4,0.919984452632363,1,0,1,4.29196420368081,4.5,0.919984452632363,1,1,1,4.29196420368081,4.51072088835865,0.919984452632363,1,1,1,4.29196420368081,4.51072088835865,0.919984452632363,1,1,1,4.29196420368081,4.51072088835865,0.919984452632363,1,1,1,4.29196420368081,4.51072088835865,0.919984452632363,1,1,1,4.29196420368081,4.51072088835865,0.919984452632363,0,1,0,0.706477261148393,2.83970794285909,2.10886631533504,0,0,0,1,1,1,0,0,0,1.5,1.5,1.5,0,0,0,2,2,2,0,0,0,2.5,2.5,2.10886631533504,0,1,0,3,2.83970794285909,2.10886631533504,0,1,0,3.5,2.83970794285909,2.10886631533504,1,1,0,3.54618520400748,2.83970794285909,2.10886631533504,1,1,0,3.54618520400748,2.83970794285909,2.10886631533504,1,1,0,3.54618520400748,2.83970794285909,2.10886631533504,1,1,0,3.54618520400748,2.83970794285909,2.10886631533504,1,1,0,3.54618520400748,2.83970794285909,2.10886631533504,1,1,0,3.54618520400748,2.83970794285909,2.10886631533504,1,1,0,3.54618520400748,2.83970794285909,2.10886631533504,"equal","equal","equal","equal","larger","equal","equal","equal","equal","larger","larger","equal","equal","equal","equal","larger","larger","equal","equal","equal","equal","larger","larger","equal","equal","equal","equal","larger","larger","equal","equal","equal","equal","larger","larger","equal","equal","equal","equal","larger","larger","equal","equal","equal","equal","larger","larger","equal","equal","equal","equal","equal","larger","equal","equal","equal","larger","equal","equal","equal","equal","equal","larger","equal","equal","equal","equal","equal","larger","equal","equal","equal","equal","equal","larger","equal","equal","equal","equal","equal","larger","equal","equal","equal","equal","equal","larger","larger","equal","larger","equal","equal","equal","larger","larger","larger","equal","equal","equal","larger","larger","larger","equal","equal","equal","larger","larger","larger","equal","equal","larger","larger","larger","larger","equal","equal","larger","larger","equal","larger","equal","equal","larger","larger","equal","larger","equal","equal","larger","equal","equal","larger","equal","equal","larger","equal","equal","larger","equal","equal","larger","equal","equal","larger","equal","equal","larger","equal","equal","larger","equal","equal","larger","equal","equal","larger","equal","equal","larger","equal","equal","larger","equal","equal","larger","equal","equal","larger"
15,"NN","unreliable","exp1a_s15_NN_u","N","N",2,0,1,2.00917726369097,3.59073643572628,1.00664252421719,0,0,0,1,1,1,0,0,1,1.5,1.5,1.00664252421719,0,0,1,2,2,1.00664252421719,1,0,1,2.00917726369097,2.5,1.00664252421719,1,0,1,2.00917726369097,3,1.00664252421719,1,0,1,2.00917726369097,3.5,1.00664252421719,2,0,1,2.00917726369097,4,1.00664252421719,2,0,2,2.00917726369097,4.5,1.00664252421719,2,1,2,2.00917726369097,4.59737895994347,1.00664252421719,2,1,2,2.00917726369097,4.59737895994347,1.00664252421719,2,1,2,2.00917726369097,4.59737895994347,1.00664252421719,2,1,2,2.00917726369097,4.59737895994347,1.00664252421719,2,1,2,2.00917726369097,4.59737895994347,1.00664252421719,0,1,1,0.706477261148393,1.09691066566882,1.76431670614589,0,0,0,1,1,1,0,1,0,1.5,1.09691066566882,1.5,1,1,1,1.80338792681721,1.09691066566882,1.76431670614589,1,1,1,1.80338792681721,1.09691066566882,1.76431670614589,1,1,1,1.80338792681721,1.09691066566882,1.76431670614589,1,1,1,1.80338792681721,1.09691066566882,1.76431670614589,1,1,1,1.80338792681721,1.09691066566882,1.76431670614589,1,1,1,1.80338792681721,1.09691066566882,1.76431670614589,1,1,1,1.80338792681721,1.09691066566882,1.76431670614589,1,1,1,1.80338792681721,1.09691066566882,1.76431670614589,1,2,1,1.80338792681721,1.09691066566882,1.76431670614589,1,2,1,1.80338792681721,1.09691066566882,1.76431670614589,2,2,1,1.80338792681721,1.09691066566882,1.76431670614589,"equal","equal","equal","equal","larger","equal","equal","equal","equal","larger","larger","larger","equal","equal","equal","larger","larger","equal","equal","equal","equal","larger","larger","equal","equal","equal","equal","equal","larger","equal","equal","equal","equal","equal","larger","equal","equal","equal","equal","equal","larger","equal","equal","equal","equal","equal","larger","equal","equal","equal","equal","equal","larger","equal","equal","equal","larger","equal","equal","equal","equal","equal","larger","equal","equal","equal","equal","equal","larger","equal","equal","equal","equal","equal","larger","equal","equal","equal","equal","equal","larger","equal","equal","equal","equal","equal","larger","larger","equal","equal","equal","equal","equal","larger","larger","larger","equal","equal","equal","larger","equal","larger","equal","equal","equal","equal","equal","equal","equal","equal","larger","equal","equal","equal","equal","equal","larger","equal","equal","equal","equal","equal","larger","equal","equal","equal","equal","equal","larger","equal","equal","equal","equal","equal","larger","equal","equal","equal","equal","equal","larger","equal","equal","equal","equal","equal","larger","equal","equal","equal","equal","equal","larger","equal","equal","equal","equal","equal","larger","equal","equal","equal","equal","equal","larger","equal","equal","equal"
15,"NP","reliable","exp1a_s15_NP_r","N","P",1,0,1,4.29196420368081,3.59073643572628,0.919984452632363,0,0,1,1,1,0.919984452632363,0,0,1,1.5,1.5,0.919984452632363,0,0,1,2,2,0.919984452632363,0,0,1,2.5,2.5,0.919984452632363,0,0,1,3,3,0.919984452632363,0,0,1,3.5,3.5,0.919984452632363,0,0,1,4,4,0.919984452632363,1,0,1,4.29196420368081,4.5,0.919984452632363,1,1,1,4.29196420368081,4.51072088835865,0.919984452632363,1,1,1,4.29196420368081,4.51072088835865,0.919984452632363,1,1,1,4.29196420368081,4.51072088835865,0.919984452632363,1,1,1,4.29196420368081,4.51072088835865,0.919984452632363,1,1,1,4.29196420368081,4.51072088835865,0.919984452632363,0,0,0,0.706477261148393,3.96929717622697,2.10886631533504,0,0,0,1,1,1,0,0,0,1.5,1.5,1.5,0,0,0,2,2,2,0,0,0,2.5,2.5,2.10886631533504,0,0,0,3,3,2.10886631533504,0,0,0,3.5,3.5,2.10886631533504,0,0,0,4,4,2.10886631533504,0,0,0,4.5,4.5,2.10886631533504,0,0,0,5,5,2.10886631533504,0,0,0,5.5,5.5,2.10886631533504,0,0,0,6,6,2.10886631533504,0,0,0,6.5,6.5,2.10886631533504,0,0,0,7,7,2.10886631533504,"equal","equal","equal","equal","larger","equal","equal","equal","equal","larger","larger","equal","equal","equal","equal","larger","larger","equal","equal","equal","equal","larger","larger","equal","equal","equal","equal","larger","larger","equal","equal","equal","equal","larger","larger","equal","equal","equal","equal","larger","larger","equal","equal","equal","equal","larger","larger","equal","equal","equal","equal","equal","larger","equal","equal","equal","larger","equal","equal","equal","equal","equal","larger","equal","equal","equal","equal","equal","larger","equal","equal","equal","equal","equal","larger","equal","equal","equal","equal","equal","larger","equal","equal","equal","equal","equal","larger","larger","larger","larger","equal","equal","equal","larger","larger","larger","equal","equal","equal","larger","larger","larger","equal","equal","equal","larger","larger","larger","equal","equal","larger","larger","larger","larger","equal","equal","larger","larger","larger","larger","equal","equal","larger","larger","larger","larger","equal","equal","larger","larger","larger","larger","equal","equal","larger","larger","larger","larger","equal","equal","larger","larger","larger","larger","equal","equal","larger","larger","larger","larger","equal","equal","larger","larger","larger","larger","equal","equal","larger","larger","larger","larger","equal","equal","larger","larger","larger","larger"
15,"NP","unreliable","exp1a_s15_NP_u","N","P",2,0,1,2.00917726369097,3.59073643572628,1.00664252421719,0,0,0,1,1,1,0,0,1,1.5,1.5,1.00664252421719,0,0,1,2,2,1.00664252421719,1,0,1,2.00917726369097,2.5,1.00664252421719,1,0,1,2.00917726369097,3,1.00664252421719,1,0,1,2.00917726369097,3.5,1.00664252421719,2,0,1,2.00917726369097,4,1.00664252421719,2,0,1,2.00917726369097,4.5,1.00664252421719,2,1,1,2.00917726369097,4.59737895994347,1.00664252421719,2,1,1,2.00917726369097,4.59737895994347,1.00664252421719,2,1,1,2.00917726369097,4.59737895994347,1.00664252421719,2,1,1,2.00917726369097,4.59737895994347,1.00664252421719,2,1,1,2.00917726369097,4.59737895994347,1.00664252421719,0,0,0,0.706477261148393,3.96929717622697,2.10886631533504,0,0,0,1,1,1,0,0,0,1.5,1.5,1.5,0,0,0,2,2,2,0,0,0,2.5,2.5,2.10886631533504,0,0,0,3,3,2.10886631533504,0,0,0,3.5,3.5,2.10886631533504,0,0,0,4,4,2.10886631533504,0,0,0,4.5,4.5,2.10886631533504,0,0,0,5,5,2.10886631533504,0,0,0,5.5,5.5,2.10886631533504,0,1,0,6,5.97847443991795,2.10886631533504,0,1,0,6.5,5.97847443991795,2.10886631533504,1,1,0,6.68495170106634,5.97847443991795,2.10886631533504,"equal","equal","equal","equal","larger","equal","equal","equal","equal","larger","larger","larger","equal","equal","equal","larger","larger","equal","equal","equal","equal","larger","larger","equal","equal","equal","equal","equal","larger","equal","equal","equal","equal","equal","larger","equal","equal","equal","equal","equal","larger","equal","equal","equal","equal","equal","larger","equal","equal","equal","equal","equal","larger","equal","equal","equal","larger","equal","equal","equal","equal","equal","larger","equal","equal","equal","equal","equal","larger","equal","equal","equal","equal","equal","larger","equal","equal","equal","equal","equal","larger","equal","equal","equal","equal","equal","larger","larger","larger","larger","equal","equal","equal","larger","larger","larger","equal","equal","equal","larger","larger","larger","equal","equal","equal","larger","larger","larger","equal","equal","larger","larger","larger","larger","equal","equal","larger","larger","larger","larger","equal","equal","larger","larger","larger","larger","equal","equal","larger","larger","larger","larger","equal","equal","larger","larger","larger","larger","equal","equal","larger","larger","larger","larger","equal","equal","larger","larger","larger","larger","equal","equal","larger","larger","equal","larger","equal","equal","larger","larger","equal","larger","equal","equal","larger","equal","equal","larger"
15,"PG","reliable","exp1a_s15_PG_r","P","G",1,0,0,4.29196420368081,3.59073643572628,2.40219115791842,0,0,0,1,1,1,0,0,0,1.5,1.5,1.5,0,0,0,2,2,2,0,0,0,2.5,2.5,2.5,0,0,0,3,3,3,0,0,0,3.5,3.5,3.5,0,0,0,4,4,4,1,0,0,4.29196420368081,4.5,4.5,1,0,0,4.29196420368081,5,4.51105747325346,1,0,0,4.29196420368081,5.5,4.51105747325346,1,0,0,4.29196420368081,6,4.51105747325346,1,0,0,4.29196420368081,6.5,4.51105747325346,1,0,0,4.29196420368081,7,4.51105747325346,0,3,0,0.706477261148393,0.526670906223848,2.10886631533504,0,1,0,1,0.526670906223848,1,1,1,0,1.23314816737224,0.526670906223848,1.5,1,2,0,1.23314816737224,0.526670906223848,2,2,2,0,1.23314816737224,0.526670906223848,2.10886631533504,2,3,0,1.23314816737224,0.526670906223848,2.10886631533504,2,3,0,1.23314816737224,0.526670906223848,2.10886631533504,3,3,0,1.23314816737224,0.526670906223848,2.10886631533504,3,3,0,1.23314816737224,0.526670906223848,2.10886631533504,3,3,0,1.23314816737224,0.526670906223848,2.10886631533504,3,3,0,1.23314816737224,0.526670906223848,2.10886631533504,3,3,0,1.23314816737224,0.526670906223848,2.10886631533504,3,3,0,1.23314816737224,0.526670906223848,2.10886631533504,3,3,0,1.23314816737224,0.526670906223848,2.10886631533504,"equal","equal","equal","equal","larger","larger","equal","equal","equal","larger","larger","larger","equal","equal","equal","larger","larger","larger","equal","equal","equal","larger","larger","larger","equal","equal","equal","larger","larger","larger","equal","equal","equal","larger","larger","larger","equal","equal","equal","larger","larger","larger","equal","equal","equal","larger","larger","larger","equal","equal","equal","equal","larger","larger","equal","equal","larger","equal","larger","larger","equal","equal","larger","equal","larger","larger","equal","equal","larger","equal","larger","larger","equal","equal","larger","equal","larger","larger","equal","equal","larger","equal","larger","larger","equal","equal","larger","larger","equal","larger","equal","equal","equal","larger","equal","larger","equal","equal","equal","equal","equal","larger","equal","equal","equal","equal","equal","larger","equal","equal","larger","equal","equal","larger","equal","equal","larger","equal","equal","larger","equal","equal","larger","equal","equal","larger","equal","equal","larger","equal","equal","larger","equal","equal","larger","equal","equal","larger","equal","equal","larger","equal","equal","larger","equal","equal","larger","equal","equal","larger","equal","equal","larger","equal","equal","larger","equal","equal","larger","equal","equal","larger","equal","equal","larger","equal","equal","larger"
15,"PG","unreliable","exp1a_s15_PG_u","P","G",1,0,0,3.74107398696986,3.59073643572628,2.40219115791842,0,0,0,1,1,1,0,0,0,1.5,1.5,1.5,0,0,0,2,2,2,0,0,0,2.5,2.5,2.5,0,0,0,3,3,3,0,0,0,3.5,3.5,3.5,1,0,0,3.74107398696986,4,4,1,0,1,3.74107398696986,4.5,4.16650786406431,1,0,1,3.74107398696986,5,4.16650786406431,1,0,1,3.74107398696986,5.5,4.16650786406431,1,0,1,3.74107398696986,6,4.16650786406431,1,0,1,3.74107398696986,6.5,4.16650786406431,1,0,1,3.74107398696986,7,4.16650786406431,0,3,1,0.706477261148393,0.526670906223848,1.76431670614589,0,1,0,1,0.526670906223848,1,1,2,0,1.23314816737224,0.526670906223848,1.5,2,3,1,1.23314816737224,0.526670906223848,1.76431670614589,3,3,1,1.23314816737224,0.526670906223848,1.76431670614589,3,3,1,1.23314816737224,0.526670906223848,1.76431670614589,3,3,1,1.23314816737224,0.526670906223848,1.76431670614589,3,3,1,1.23314816737224,0.526670906223848,1.76431670614589,3,3,1,1.23314816737224,0.526670906223848,1.76431670614589,3,3,1,1.23314816737224,0.526670906223848,1.76431670614589,3,3,1,1.23314816737224,0.526670906223848,1.76431670614589,3,3,1,1.23314816737224,0.526670906223848,1.76431670614589,3,3,1,1.23314816737224,0.526670906223848,1.76431670614589,3,3,1,1.23314816737224,0.526670906223848,1.76431670614589,"equal","equal","equal","equal","larger","larger","equal","equal","equal","larger","larger","larger","equal","equal","equal","larger","larger","larger","equal","equal","equal","larger","larger","larger","equal","equal","equal","larger","larger","larger","equal","equal","equal","larger","larger","larger","equal","equal","equal","larger","larger","larger","equal","equal","equal","equal","larger","larger","equal","equal","equal","equal","larger","equal","equal","equal","larger","equal","larger","equal","equal","equal","larger","equal","larger","equal","equal","equal","larger","equal","larger","equal","equal","equal","larger","equal","larger","equal","equal","equal","larger","equal","larger","equal","equal","equal","larger","larger","equal","equal","equal","equal","equal","larger","equal","larger","equal","equal","equal","equal","equal","larger","equal","equal","equal","equal","equal","equal","equal","equal","larger","equal","equal","equal","equal","equal","larger","equal","equal","equal","equal","equal","larger","equal","equal","equal","equal","equal","larger","equal","equal","equal","equal","equal","larger","equal","equal","equal","equal","equal","larger","equal","equal","equal","equal","equal","larger","equal","equal","equal","equal","equal","larger","equal","equal","equal","equal","equal","larger","equal","equal","equal","equal","equal","larger","equal","equal","equal"
15,"PN","reliable","exp1a_s15_PN_r","P","N",1,0,0,4.29196420368081,3.59073643572628,2.40219115791842,0,0,0,1,1,1,0,0,0,1.5,1.5,1.5,0,0,0,2,2,2,0,0,0,2.5,2.5,2.5,0,0,0,3,3,3,0,0,0,3.5,3.5,3.5,0,0,0,4,4,4,1,0,0,4.29196420368081,4.5,4.5,1,0,0,4.29196420368081,5,4.51105747325346,1,0,0,4.29196420368081,5.5,4.51105747325346,1,0,0,4.29196420368081,6,4.51105747325346,1,0,0,4.29196420368081,6.5,4.51105747325346,1,0,0,4.29196420368081,7,4.51105747325346,0,1,0,0.706477261148393,2.83970794285909,2.10886631533504,0,0,0,1,1,1,0,0,0,1.5,1.5,1.5,0,0,0,2,2,2,0,0,0,2.5,2.5,2.10886631533504,0,1,0,3,2.83970794285909,2.10886631533504,0,1,0,3.5,2.83970794285909,2.10886631533504,1,1,0,3.54618520400748,2.83970794285909,2.10886631533504,1,1,0,3.54618520400748,2.83970794285909,2.10886631533504,1,1,0,3.54618520400748,2.83970794285909,2.10886631533504,1,1,0,3.54618520400748,2.83970794285909,2.10886631533504,1,1,0,3.54618520400748,2.83970794285909,2.10886631533504,1,1,0,3.54618520400748,2.83970794285909,2.10886631533504,1,1,0,3.54618520400748,2.83970794285909,2.10886631533504,"equal","equal","equal","equal","larger","larger","equal","equal","equal","larger","larger","larger","equal","equal","equal","larger","larger","larger","equal","equal","equal","larger","larger","larger","equal","equal","equal","larger","larger","larger","equal","equal","equal","larger","larger","larger","equal","equal","equal","larger","larger","larger","equal","equal","equal","larger","larger","larger","equal","equal","equal","equal","larger","larger","equal","equal","larger","equal","larger","larger","equal","equal","larger","equal","larger","larger","equal","equal","larger","equal","larger","larger","equal","equal","larger","equal","larger","larger","equal","equal","larger","equal","larger","larger","equal","equal","larger","larger","equal","larger","equal","equal","equal","larger","larger","larger","equal","equal","equal","larger","larger","larger","equal","equal","equal","larger","larger","larger","equal","equal","larger","larger","larger","larger","equal","equal","larger","larger","equal","larger","equal","equal","larger","larger","equal","larger","equal","equal","larger","equal","equal","larger","equal","equal","larger","equal","equal","larger","equal","equal","larger","equal","equal","larger","equal","equal","larger","equal","equal","larger","equal","equal","larger","equal","equal","larger","equal","equal","larger","equal","equal","larger","equal","equal","larger","equal","equal","larger"
15,"PN","unreliable","exp1a_s15_PN_u","P","N",1,0,0,3.74107398696986,3.59073643572628,2.40219115791842,0,0,0,1,1,1,0,0,0,1.5,1.5,1.5,0,0,0,2,2,2,0,0,0,2.5,2.5,2.5,0,0,0,3,3,3,0,0,0,3.5,3.5,3.5,1,0,0,3.74107398696986,4,4,1,0,1,3.74107398696986,4.5,4.16650786406431,1,0,1,3.74107398696986,5,4.16650786406431,1,0,1,3.74107398696986,5.5,4.16650786406431,1,0,1,3.74107398696986,6,4.16650786406431,1,0,1,3.74107398696986,6.5,4.16650786406431,1,0,1,3.74107398696986,7,4.16650786406431,0,1,1,0.706477261148393,1.09691066566882,1.76431670614589,0,0,0,1,1,1,0,1,0,1.5,1.09691066566882,1.5,1,1,1,1.80338792681721,1.09691066566882,1.76431670614589,1,1,1,1.80338792681721,1.09691066566882,1.76431670614589,1,1,1,1.80338792681721,1.09691066566882,1.76431670614589,1,1,1,1.80338792681721,1.09691066566882,1.76431670614589,1,1,1,1.80338792681721,1.09691066566882,1.76431670614589,1,1,1,1.80338792681721,1.09691066566882,1.76431670614589,1,1,1,1.80338792681721,1.09691066566882,1.76431670614589,1,1,1,1.80338792681721,1.09691066566882,1.76431670614589,1,1,1,1.80338792681721,1.09691066566882,1.76431670614589,1,1,1,1.80338792681721,1.09691066566882,1.76431670614589,1,1,1,1.80338792681721,1.09691066566882,1.76431670614589,"equal","equal","equal","equal","larger","larger","equal","equal","equal","larger","larger","larger","equal","equal","equal","larger","larger","larger","equal","equal","equal","larger","larger","larger","equal","equal","equal","larger","larger","larger","equal","equal","equal","larger","larger","larger","equal","equal","equal","larger","larger","larger","equal","equal","equal","equal","larger","larger","equal","equal","equal","equal","larger","equal","equal","equal","larger","equal","larger","equal","equal","equal","larger","equal","larger","equal","equal","equal","larger","equal","larger","equal","equal","equal","larger","equal","larger","equal","equal","equal","larger","equal","larger","equal","equal","equal","larger","larger","equal","equal","equal","equal","equal","larger","larger","larger","equal","equal","equal","larger","equal","larger","equal","equal","equal","equal","equal","equal","equal","equal","larger","equal","equal","equal","equal","equal","larger","equal","equal","equal","equal","equal","larger","equal","equal","equal","equal","equal","larger","equal","equal","equal","equal","equal","larger","equal","equal","equal","equal","equal","larger","equal","equal","equal","equal","equal","larger","equal","equal","equal","equal","equal","larger","equal","equal","equal","equal","equal","larger","equal","equal","equal","equal","equal","larger","equal","equal","equal"
15,"PP","reliable","exp1a_s15_PP_r","P","P",1,0,0,4.29196420368081,3.59073643572628,2.40219115791842,0,0,0,1,1,1,0,0,0,1.5,1.5,1.5,0,0,0,2,2,2,0,0,0,2.5,2.5,2.5,0,0,0,3,3,3,0,0,0,3.5,3.5,3.5,0,0,0,4,4,4,1,0,0,4.29196420368081,4.5,4.5,1,0,0,4.29196420368081,5,4.51105747325346,1,0,0,4.29196420368081,5.5,4.51105747325346,1,0,0,4.29196420368081,6,4.51105747325346,1,0,0,4.29196420368081,6.5,4.51105747325346,1,0,0,4.29196420368081,7,4.51105747325346,0,0,0,0.706477261148393,3.96929717622697,2.10886631533504,0,0,0,1,1,1,0,0,0,1.5,1.5,1.5,0,0,0,2,2,2,0,0,0,2.5,2.5,2.10886631533504,0,0,0,3,3,2.10886631533504,0,0,0,3.5,3.5,2.10886631533504,0,0,0,4,4,2.10886631533504,0,0,0,4.5,4.5,2.10886631533504,0,0,0,5,5,2.10886631533504,0,0,0,5.5,5.5,2.10886631533504,0,0,0,6,6,2.10886631533504,0,0,0,6.5,6.5,2.10886631533504,0,0,0,7,7,2.10886631533504,"equal","equal","equal","equal","larger","larger","equal","equal","equal","larger","larger","larger","equal","equal","equal","larger","larger","larger","equal","equal","equal","larger","larger","larger","equal","equal","equal","larger","larger","larger","equal","equal","equal","larger","larger","larger","equal","equal","equal","larger","larger","larger","equal","equal","equal","larger","larger","larger","equal","equal","equal","equal","larger","larger","equal","equal","larger","equal","larger","larger","equal","equal","larger","equal","larger","larger","equal","equal","larger","equal","larger","larger","equal","equal","larger","equal","larger","larger","equal","equal","larger","equal","larger","larger","equal","equal","larger","larger","larger","larger","equal","equal","equal","larger","larger","larger","equal","equal","equal","larger","larger","larger","equal","equal","equal","larger","larger","larger","equal","equal","larger","larger","larger","larger","equal","equal","larger","larger","larger","larger","equal","equal","larger","larger","larger","larger","equal","equal","larger","larger","larger","larger","equal","equal","larger","larger","larger","larger","equal","equal","larger","larger","larger","larger","equal","equal","larger","larger","larger","larger","equal","equal","larger","larger","larger","larger","equal","equal","larger","larger","larger","larger","equal","equal","larger","larger","larger","larger"
15,"PP","unreliable","exp1a_s15_PP_u","P","P",1,0,0,3.74107398696986,3.59073643572628,2.40219115791842,0,0,0,1,1,1,0,0,0,1.5,1.5,1.5,0,0,0,2,2,2,0,0,0,2.5,2.5,2.5,0,0,0,3,3,3,0,0,0,3.5,3.5,3.5,1,0,0,3.74107398696986,4,4,1,0,0,3.74107398696986,4.5,4.5,1,0,0,3.74107398696986,5,4.51105747325346,1,0,0,3.74107398696986,5.5,4.51105747325346,1,0,0,3.74107398696986,6,4.51105747325346,1,0,0,3.74107398696986,6.5,4.51105747325346,1,0,0,3.74107398696986,7,4.51105747325346,0,0,0,0.706477261148393,3.96929717622697,2.10886631533504,0,0,0,1,1,1,0,0,0,1.5,1.5,1.5,0,0,0,2,2,2,0,0,0,2.5,2.5,2.10886631533504,0,0,0,3,3,2.10886631533504,0,0,0,3.5,3.5,2.10886631533504,0,0,0,4,4,2.10886631533504,0,0,0,4.5,4.5,2.10886631533504,0,0,0,5,5,2.10886631533504,0,0,0,5.5,5.5,2.10886631533504,0,0,0,6,6,2.10886631533504,0,0,0,6.5,6.5,2.10886631533504,0,0,0,7,7,2.10886631533504,"equal","equal","equal","equal","larger","larger","equal","equal","equal","larger","larger","larger","equal","equal","equal","larger","larger","larger","equal","equal","equal","larger","larger","larger","equal","equal","equal","larger","larger","larger","equal","equal","equal","larger","larger","larger","equal","equal","equal","larger","larger","larger","equal","equal","equal","equal","larger","larger","equal","equal","equal","equal","larger","larger","equal","equal","larger","equal","larger","larger","equal","equal","larger","equal","larger","larger","equal","equal","larger","equal","larger","larger","equal","equal","larger","equal","larger","larger","equal","equal","larger","equal","larger","larger","equal","equal","larger","larger","larger","larger","equal","equal","equal","larger","larger","larger","equal","equal","equal","larger","larger","larger","equal","equal","equal","larger","larger","larger","equal","equal","larger","larger","larger","larger","equal","equal","larger","larger","larger","larger","equal","equal","larger","larger","larger","larger","equal","equal","larger","larger","larger","larger","equal","equal","larger","larger","larger","larger","equal","equal","larger","larger","larger","larger","equal","equal","larger","larger","larger","larger","equal","equal","larger","larger","larger","larger","equal","equal","larger","larger","larger","larger","equal","equal","larger","larger","larger","larger"
16,"GG","reliable","exp1a_s16_GG_r","G","G",1,2,2,1.21402476756752,0.572644770035904,1.91334048687549,0,1,0,1,0.572644770035904,1,1,1,0,1.21402476756752,0.572644770035904,1.5,1,1,1,1.21402476756752,0.572644770035904,1.91334048687549,1,1,1,1.21402476756752,0.572644770035904,1.91334048687549,1,1,1,1.21402476756752,0.572644770035904,1.91334048687549,3,2,2,1.21402476756752,0.572644770035904,1.91334048687549,3,2,2,1.21402476756752,0.572644770035904,1.91334048687549,3,2,2,1.21402476756752,0.572644770035904,1.91334048687549,4,2,2,1.21402476756752,0.572644770035904,1.91334048687549,4,2,2,1.21402476756752,0.572644770035904,1.91334048687549,4,2,2,1.21402476756752,0.572644770035904,1.91334048687549,4,2,2,1.21402476756752,0.572644770035904,1.91334048687549,4,3,2,1.21402476756752,0.572644770035904,1.91334048687549,0,3,2,0.482879364863038,0.771628841650614,0.814818820096594,0,1,1,1,0.771628841650614,0.814818820096594,1,1,2,1.25450820651365,0.771628841650614,0.814818820096594,1,2,2,1.25450820651365,0.771628841650614,0.814818820096594,2,2,2,1.25450820651365,0.771628841650614,0.814818820096594,3,3,3,1.25450820651365,0.771628841650614,0.814818820096594,3,3,3,1.25450820651365,0.771628841650614,0.814818820096594,3,3,3,1.25450820651365,0.771628841650614,0.814818820096594,3,3,3,1.25450820651365,0.771628841650614,0.814818820096594,3,3,3,1.25450820651365,0.771628841650614,0.814818820096594,3,3,4,1.25450820651365,0.771628841650614,0.814818820096594,3,3,4,1.25450820651365,0.771628841650614,0.814818820096594,3,4,4,1.25450820651365,0.771628841650614,0.814818820096594,4,4,4,1.25450820651365,0.771628841650614,0.814818820096594,"equal","equal","larger","equal","equal","equal","equal","equal","equal","larger","equal","larger","equal","equal","equal","equal","equal","larger","equal","equal","equal","equal","equal","equal","equal","equal","equal","equal","equal","equal","equal","equal","equal","equal","equal","equal","equal","equal","equal","equal","equal","equal","equal","equal","equal","equal","equal","equal","equal","equal","larger","equal","equal","equal","equal","equal","larger","equal","equal","equal","equal","equal","larger","equal","equal","equal","equal","equal","larger","equal","equal","equal","equal","equal","larger","equal","equal","equal","equal","equal","larger","equal","equal","equal","equal","equal","equal","larger","equal","equal","equal","equal","equal","larger","equal","equal","equal","equal","equal","equal","equal","equal","equal","equal","equal","equal","equal","equal","equal","equal","equal","equal","equal","equal","equal","equal","equal","equal","equal","equal","equal","equal","equal","equal","equal","equal","equal","equal","equal","equal","equal","equal","equal","equal","equal","equal","equal","equal","equal","equal","equal","equal","equal","equal","equal","equal","equal","equal","equal","equal","equal","equal","equal","equal","equal","equal","equal","equal","equal","equal","equal","equal","equal","equal","equal","equal","equal","equal"
16,"GG","unreliable","exp1a_s16_GG_u","G","G",1,2,2,1.21402476756752,0.572644770035904,1.10278886286169,0,1,0,1,0.572644770035904,1,1,1,1,1.21402476756752,0.572644770035904,1.10278886286169,1,1,2,1.21402476756752,0.572644770035904,1.10278886286169,1,2,2,1.21402476756752,0.572644770035904,1.10278886286169,1,2,2,1.21402476756752,0.572644770035904,1.10278886286169,2,2,2,1.21402476756752,0.572644770035904,1.10278886286169,2,2,2,1.21402476756752,0.572644770035904,1.10278886286169,2,2,2,1.21402476756752,0.572644770035904,1.10278886286169,3,2,2,1.21402476756752,0.572644770035904,1.10278886286169,3,2,2,1.21402476756752,0.572644770035904,1.10278886286169,3,2,2,1.21402476756752,0.572644770035904,1.10278886286169,4,3,2,1.21402476756752,0.572644770035904,1.10278886286169,4,4,2,1.21402476756752,0.572644770035904,1.10278886286169,0,3,1,0.482879364863038,0.771628841650614,1.27290861355223,0,1,0,1,0.771628841650614,1,1,1,1,1.25450820651365,0.771628841650614,1.27290861355223,1,2,1,1.25450820651365,0.771628841650614,1.27290861355223,2,3,1,1.25450820651365,0.771628841650614,1.27290861355223,3,3,2,1.25450820651365,0.771628841650614,1.27290861355223,3,3,2,1.25450820651365,0.771628841650614,1.27290861355223,3,3,2,1.25450820651365,0.771628841650614,1.27290861355223,3,3,3,1.25450820651365,0.771628841650614,1.27290861355223,3,3,3,1.25450820651365,0.771628841650614,1.27290861355223,3,3,3,1.25450820651365,0.771628841650614,1.27290861355223,3,3,3,1.25450820651365,0.771628841650614,1.27290861355223,3,4,3,1.25450820651365,0.771628841650614,1.27290861355223,4,4,3,1.25450820651365,0.771628841650614,1.27290861355223,"equal","equal","larger","equal","equal","equal","equal","equal","equal","larger","equal","larger","equal","equal","equal","equal","equal","equal","equal","equal","equal","equal","equal","equal","equal","equal","equal","equal","equal","equal","equal","equal","equal","equal","equal","equal","equal","equal","equal","equal","equal","equal","equal","equal","equal","equal","equal","equal","equal","equal","larger","equal","equal","equal","equal","equal","larger","equal","equal","equal","equal","equal","larger","equal","equal","equal","equal","equal","larger","equal","equal","equal","equal","equal","larger","equal","equal","equal","equal","equal","larger","equal","equal","equal","equal","equal","equal","larger","equal","equal","equal","equal","equal","larger","equal","larger","equal","equal","equal","equal","equal","equal","equal","equal","equal","equal","equal","equal","equal","equal","equal","equal","equal","equal","equal","equal","equal","equal","equal","equal","equal","equal","equal","equal","equal","equal","equal","equal","equal","equal","equal","equal","equal","equal","equal","equal","equal","equal","equal","equal","equal","equal","equal","equal","equal","equal","equal","equal","equal","equal","equal","equal","equal","equal","equal","equal","equal","equal","equal","equal","equal","equal","equal","equal","equal","equal","equal","equal"
16,"GN","reliable","exp1a_s16_GN_r","G","N",1,2,2,1.21402476756752,0.572644770035904,1.91334048687549,0,1,0,1,0.572644770035904,1,1,1,0,1.21402476756752,0.572644770035904,1.5,1,1,1,1.21402476756752,0.572644770035904,1.91334048687549,1,1,1,1.21402476756752,0.572644770035904,1.91334048687549,1,1,1,1.21402476756752,0.572644770035904,1.91334048687549,2,2,2,1.21402476756752,0.572644770035904,1.91334048687549,2,2,2,1.21402476756752,0.572644770035904,1.91334048687549,2,2,2,1.21402476756752,0.572644770035904,1.91334048687549,3,2,2,1.21402476756752,0.572644770035904,1.91334048687549,3,2,2,1.21402476756752,0.572644770035904,1.91334048687549,3,2,2,1.21402476756752,0.572644770035904,1.91334048687549,3,2,2,1.21402476756752,0.572644770035904,1.91334048687549,3,3,2,1.21402476756752,0.572644770035904,1.91334048687549,0,1,1,0.482879364863038,2.51102851925001,0.814818820096594,0,0,1,1,1,0.814818820096594,0,0,1,1.5,1.5,0.814818820096594,0,0,1,2,2,0.814818820096594,0,0,1,2.5,2.5,0.814818820096594,1,1,2,2.99390788411305,2.51102851925001,0.814818820096594,1,1,2,2.99390788411305,2.51102851925001,0.814818820096594,1,1,2,2.99390788411305,2.51102851925001,0.814818820096594,1,1,2,2.99390788411305,2.51102851925001,0.814818820096594,1,1,2,2.99390788411305,2.51102851925001,0.814818820096594,1,1,3,2.99390788411305,2.51102851925001,0.814818820096594,1,1,3,2.99390788411305,2.51102851925001,0.814818820096594,1,2,3,2.99390788411305,2.51102851925001,0.814818820096594,2,2,3,2.99390788411305,2.51102851925001,0.814818820096594,"equal","equal","larger","equal","equal","equal","equal","equal","equal","larger","equal","larger","equal","equal","equal","equal","equal","larger","equal","equal","equal","equal","equal","equal","equal","equal","equal","equal","equal","equal","equal","equal","equal","equal","equal","equal","equal","equal","equal","equal","equal","equal","equal","equal","equal","equal","equal","equal","equal","equal","larger","equal","equal","equal","equal","equal","larger","equal","equal","equal","equal","equal","larger","equal","equal","equal","equal","equal","larger","equal","equal","equal","equal","equal","larger","equal","equal","equal","equal","equal","larger","equal","equal","equal","equal","equal","equal","larger","equal","equal","equal","equal","equal","larger","larger","equal","equal","equal","equal","larger","larger","equal","equal","equal","equal","larger","larger","equal","equal","equal","equal","larger","larger","equal","equal","equal","equal","equal","equal","equal","equal","equal","equal","equal","equal","equal","equal","equal","equal","equal","equal","equal","equal","equal","equal","equal","equal","equal","equal","equal","equal","equal","equal","equal","equal","equal","equal","equal","equal","equal","equal","equal","equal","equal","equal","equal","equal","equal","equal","equal","equal","equal","equal","equal","equal","equal","equal","equal"
16,"GN","unreliable","exp1a_s16_GN_u","G","N",1,2,2,1.21402476756752,0.572644770035904,1.10278886286169,0,1,0,1,0.572644770035904,1,1,1,1,1.21402476756752,0.572644770035904,1.10278886286169,1,1,2,1.21402476756752,0.572644770035904,1.10278886286169,1,2,2,1.21402476756752,0.572644770035904,1.10278886286169,1,2,2,1.21402476756752,0.572644770035904,1.10278886286169,1,2,2,1.21402476756752,0.572644770035904,1.10278886286169,1,2,2,1.21402476756752,0.572644770035904,1.10278886286169,1,2,2,1.21402476756752,0.572644770035904,1.10278886286169,2,2,2,1.21402476756752,0.572644770035904,1.10278886286169,2,2,2,1.21402476756752,0.572644770035904,1.10278886286169,2,2,2,1.21402476756752,0.572644770035904,1.10278886286169,3,3,2,1.21402476756752,0.572644770035904,1.10278886286169,3,4,2,1.21402476756752,0.572644770035904,1.10278886286169,0,1,0,0.482879364863038,2.21475801472313,1.96357134939171,0,0,0,1,1,1,0,0,0,1.5,1.5,1.5,0,0,0,2,2,2,0,1,0,2.5,2.21475801472313,2.5,1,1,1,2.69763737958616,2.21475801472313,2.53621611942762,1,1,1,2.69763737958616,2.21475801472313,2.53621611942762,1,1,1,2.69763737958616,2.21475801472313,2.53621611942762,1,1,2,2.69763737958616,2.21475801472313,2.53621611942762,1,1,2,2.69763737958616,2.21475801472313,2.53621611942762,1,1,2,2.69763737958616,2.21475801472313,2.53621611942762,1,1,2,2.69763737958616,2.21475801472313,2.53621611942762,1,2,2,2.69763737958616,2.21475801472313,2.53621611942762,2,2,2,2.69763737958616,2.21475801472313,2.53621611942762,"equal","equal","larger","equal","equal","equal","equal","equal","equal","larger","equal","larger","equal","equal","equal","equal","equal","equal","equal","equal","equal","equal","equal","equal","equal","equal","equal","equal","equal","equal","equal","equal","equal","equal","equal","equal","equal","equal","equal","equal","equal","equal","equal","equal","equal","equal","equal","equal","equal","equal","larger","equal","equal","equal","equal","equal","larger","equal","equal","equal","equal","equal","larger","equal","equal","equal","equal","equal","larger","equal","equal","equal","equal","equal","larger","equal","equal","equal","equal","equal","larger","equal","equal","equal","equal","equal","equal","larger","equal","larger","equal","equal","equal","larger","larger","larger","equal","equal","equal","larger","larger","larger","equal","equal","equal","larger","larger","larger","equal","equal","equal","larger","equal","larger","equal","equal","equal","equal","equal","equal","equal","equal","equal","equal","equal","equal","equal","equal","equal","equal","equal","equal","equal","equal","equal","equal","equal","equal","equal","equal","equal","equal","equal","equal","equal","equal","equal","equal","equal","equal","equal","equal","equal","equal","equal","equal","equal","equal","equal","equal","equal","equal","equal","equal","equal","equal","equal","equal"
16,"GP","reliable","exp1a_s16_GP_r","G","P",1,1,2,1.21402476756752,3.30045265015989,1.91334048687549,0,0,0,1,1,1,1,0,0,1.21402476756752,1.5,1.5,1,0,1,1.21402476756752,2,1.91334048687549,1,0,1,1.21402476756752,2.5,1.91334048687549,1,0,1,1.21402476756752,3,1.91334048687549,1,1,2,1.21402476756752,3.30045265015989,1.91334048687549,1,1,2,1.21402476756752,3.30045265015989,1.91334048687549,1,1,2,1.21402476756752,3.30045265015989,1.91334048687549,1,1,2,1.21402476756752,3.30045265015989,1.91334048687549,1,1,2,1.21402476756752,3.30045265015989,1.91334048687549,1,1,2,1.21402476756752,3.30045265015989,1.91334048687549,1,1,2,1.21402476756752,3.30045265015989,1.91334048687549,1,2,2,1.21402476756752,3.30045265015989,1.91334048687549,0,0,0,0.482879364863038,4.97645117831416,1.96357134939171,0,0,0,1,1,1,0,0,0,1.5,1.5,1.5,0,0,0,2,2,2,0,0,0,2.5,2.5,2.5,0,0,0,3,3,3,0,0,0,3.5,3.5,3.5,0,0,0,4,4,4,0,0,0,4.5,4.5,4.5,0,0,0,5,5,5,0,0,1,5.5,5.5,5.26402399955161,0,0,1,6,6,5.26402399955161,0,1,1,6.5,6.19047594588168,5.26402399955161,1,1,1,6.67335531074472,6.19047594588168,5.26402399955161,"equal","equal","larger","equal","equal","equal","equal","equal","equal","larger","larger","larger","equal","equal","equal","equal","larger","larger","equal","equal","equal","equal","larger","equal","equal","equal","equal","equal","larger","equal","equal","equal","equal","equal","larger","equal","equal","equal","equal","equal","equal","equal","equal","equal","equal","equal","equal","equal","equal","equal","larger","equal","equal","equal","equal","equal","larger","equal","equal","equal","equal","equal","larger","equal","equal","equal","equal","equal","larger","equal","equal","equal","equal","equal","larger","equal","equal","equal","equal","equal","larger","equal","equal","equal","equal","equal","equal","larger","larger","larger","equal","equal","equal","larger","larger","larger","equal","equal","equal","larger","larger","larger","equal","equal","equal","larger","larger","larger","equal","equal","equal","larger","larger","larger","equal","equal","equal","larger","larger","larger","equal","equal","equal","larger","larger","larger","equal","equal","equal","larger","larger","larger","equal","equal","equal","larger","larger","larger","equal","equal","equal","larger","larger","larger","equal","equal","equal","larger","larger","equal","equal","equal","equal","larger","larger","equal","equal","equal","equal","larger","equal","equal","equal","equal","equal","equal","equal","equal"
16,"GP","unreliable","exp1a_s16_GP_u","G","P",1,1,2,1.21402476756752,2.34579936301115,1.10278886286169,0,0,0,1,1,1,1,0,1,1.21402476756752,1.5,1.10278886286169,1,0,2,1.21402476756752,2,1.10278886286169,1,1,2,1.21402476756752,2.34579936301115,1.10278886286169,1,1,2,1.21402476756752,2.34579936301115,1.10278886286169,1,1,2,1.21402476756752,2.34579936301115,1.10278886286169,1,1,2,1.21402476756752,2.34579936301115,1.10278886286169,1,1,2,1.21402476756752,2.34579936301115,1.10278886286169,1,1,2,1.21402476756752,2.34579936301115,1.10278886286169,1,1,2,1.21402476756752,2.34579936301115,1.10278886286169,1,1,2,1.21402476756752,2.34579936301115,1.10278886286169,2,2,2,1.21402476756752,2.34579936301115,1.10278886286169,2,3,2,1.21402476756752,2.34579936301115,1.10278886286169,0,0,0,0.482879364863038,4.97645117831416,1.96357134939171,0,0,0,1,1,1,0,0,0,1.5,1.5,1.5,0,0,0,2,2,2,0,0,0,2.5,2.5,2.5,0,0,0,3,3,3,0,0,0,3.5,3.5,3.5,0,0,0,4,4,4,0,0,1,4.5,4.5,4.30937071240286,0,0,1,5,5,4.30937071240286,0,0,1,5.5,5.5,4.30937071240286,0,0,1,6,6,4.30937071240286,0,1,1,6.5,6.19047594588168,4.30937071240286,1,1,1,6.67335531074472,6.19047594588168,4.30937071240286,"equal","equal","larger","equal","equal","equal","equal","equal","equal","larger","larger","larger","equal","equal","equal","equal","larger","equal","equal","equal","equal","equal","larger","equal","equal","equal","equal","equal","equal","equal","equal","equal","equal","equal","equal","equal","equal","equal","equal","equal","equal","equal","equal","equal","equal","equal","equal","equal","equal","equal","larger","equal","equal","equal","equal","equal","larger","equal","equal","equal","equal","equal","larger","equal","equal","equal","equal","equal","larger","equal","equal","equal","equal","equal","larger","equal","equal","equal","equal","equal","larger","equal","equal","equal","equal","equal","equal","larger","larger","larger","equal","equal","equal","larger","larger","larger","equal","equal","equal","larger","larger","larger","equal","equal","equal","larger","larger","larger","equal","equal","equal","larger","larger","larger","equal","equal","equal","larger","larger","larger","equal","equal","equal","larger","larger","larger","equal","equal","equal","larger","larger","larger","equal","equal","equal","larger","larger","equal","equal","equal","equal","larger","larger","equal","equal","equal","equal","larger","larger","equal","equal","equal","equal","larger","larger","equal","equal","equal","equal","larger","equal","equal","equal","equal","equal","equal","equal","equal"
16,"NG","reliable","exp1a_s16_NG_r","N","G",0,1,1,2.18683132622391,3.30045265015989,3.15452402134107,0,0,0,1,1,1,0,0,0,1.5,1.5,1.5,0,0,0,2,2,2,0,0,0,2.5,2.5,2.5,0,0,0,3,3,3,2,1,1,3.0016501463205,3.30045265015989,3.15452402134107,2,1,1,3.0016501463205,3.30045265015989,3.15452402134107,2,1,1,3.0016501463205,3.30045265015989,3.15452402134107,2,1,1,3.0016501463205,3.30045265015989,3.15452402134107,2,1,1,3.0016501463205,3.30045265015989,3.15452402134107,2,1,1,3.0016501463205,3.30045265015989,3.15452402134107,2,1,1,3.0016501463205,3.30045265015989,3.15452402134107,2,1,1,3.0016501463205,3.30045265015989,3.15452402134107,0,3,2,0.482879364863038,0.771628841650614,0.814818820096594,0,1,1,1,0.771628841650614,0.814818820096594,1,1,2,1.25450820651365,0.771628841650614,0.814818820096594,1,2,2,1.25450820651365,0.771628841650614,0.814818820096594,2,2,2,1.25450820651365,0.771628841650614,0.814818820096594,3,3,2,1.25450820651365,0.771628841650614,0.814818820096594,3,3,2,1.25450820651365,0.771628841650614,0.814818820096594,3,3,2,1.25450820651365,0.771628841650614,0.814818820096594,3,3,2,1.25450820651365,0.771628841650614,0.814818820096594,3,3,2,1.25450820651365,0.771628841650614,0.814818820096594,3,3,3,1.25450820651365,0.771628841650614,0.814818820096594,3,3,3,1.25450820651365,0.771628841650614,0.814818820096594,3,3,3,1.25450820651365,0.771628841650614,0.814818820096594,3,3,3,1.25450820651365,0.771628841650614,0.814818820096594,"equal","equal","larger","larger","equal","equal","equal","equal","equal","larger","larger","larger","equal","equal","equal","larger","larger","larger","equal","equal","equal","larger","larger","larger","equal","equal","equal","larger","larger","larger","equal","equal","equal","larger","larger","larger","equal","equal","equal","equal","equal","equal","equal","equal","equal","equal","equal","equal","equal","equal","larger","equal","equal","equal","equal","equal","larger","equal","equal","equal","equal","equal","larger","equal","equal","equal","equal","equal","larger","equal","equal","equal","equal","equal","larger","equal","equal","equal","equal","equal","larger","equal","equal","equal","equal","equal","equal","larger","equal","equal","equal","equal","equal","larger","equal","equal","equal","equal","equal","equal","equal","equal","equal","equal","equal","equal","equal","equal","equal","equal","equal","equal","equal","equal","equal","equal","equal","equal","equal","equal","equal","equal","equal","equal","equal","equal","equal","equal","equal","equal","equal","equal","equal","equal","equal","equal","equal","equal","equal","equal","equal","equal","equal","equal","equal","equal","equal","equal","equal","equal","equal","equal","equal","equal","equal","equal","equal","equal","equal","equal","equal","equal","equal","equal","equal","equal","equal","equal"
16,"NG","unreliable","exp1a_s16_NG_u","N","G",0,1,1,2.18683132622391,2.34579936301115,1.10278886286169,0,0,0,1,1,1,0,0,1,1.5,1.5,1.10278886286169,0,0,1,2,2,1.10278886286169,0,1,1,2.5,2.34579936301115,1.10278886286169,0,1,1,3,2.34579936301115,1.10278886286169,1,1,1,3.45973993977614,2.34579936301115,1.10278886286169,1,1,1,3.45973993977614,2.34579936301115,1.10278886286169,1,1,1,3.45973993977614,2.34579936301115,1.10278886286169,1,1,1,3.45973993977614,2.34579936301115,1.10278886286169,1,1,1,3.45973993977614,2.34579936301115,1.10278886286169,1,1,1,3.45973993977614,2.34579936301115,1.10278886286169,2,2,1,3.45973993977614,2.34579936301115,1.10278886286169,2,2,1,3.45973993977614,2.34579936301115,1.10278886286169,0,3,1,0.482879364863038,0.771628841650614,1.27290861355223,0,1,0,1,0.771628841650614,1,1,1,1,1.25450820651365,0.771628841650614,1.27290861355223,1,2,1,1.25450820651365,0.771628841650614,1.27290861355223,2,3,1,1.25450820651365,0.771628841650614,1.27290861355223,3,3,1,1.25450820651365,0.771628841650614,1.27290861355223,3,3,1,1.25450820651365,0.771628841650614,1.27290861355223,3,3,1,1.25450820651365,0.771628841650614,1.27290861355223,3,3,2,1.25450820651365,0.771628841650614,1.27290861355223,3,3,2,1.25450820651365,0.771628841650614,1.27290861355223,3,3,2,1.25450820651365,0.771628841650614,1.27290861355223,3,3,2,1.25450820651365,0.771628841650614,1.27290861355223,3,3,2,1.25450820651365,0.771628841650614,1.27290861355223,3,3,2,1.25450820651365,0.771628841650614,1.27290861355223,"equal","equal","larger","larger","equal","equal","equal","equal","equal","larger","larger","larger","equal","equal","equal","larger","larger","equal","equal","equal","equal","larger","larger","equal","equal","equal","equal","larger","equal","equal","equal","equal","equal","larger","equal","equal","equal","equal","equal","equal","equal","equal","equal","equal","equal","equal","equal","equal","equal","equal","larger","equal","equal","equal","equal","equal","larger","equal","equal","equal","equal","equal","larger","equal","equal","equal","equal","equal","larger","equal","equal","equal","equal","equal","larger","equal","equal","equal","equal","equal","larger","equal","equal","equal","equal","equal","equal","larger","equal","equal","equal","equal","equal","larger","equal","larger","equal","equal","equal","equal","equal","equal","equal","equal","equal","equal","equal","equal","equal","equal","equal","equal","equal","equal","equal","equal","equal","equal","equal","equal","equal","equal","equal","equal","equal","equal","equal","equal","equal","equal","equal","equal","equal","equal","equal","equal","equal","equal","equal","equal","equal","equal","equal","equal","equal","equal","equal","equal","equal","equal","equal","equal","equal","equal","equal","equal","equal","equal","equal","equal","equal","equal","equal","equal","equal","equal","equal","equal"
16,"NN","reliable","exp1a_s16_NN_r","N","N",0,1,1,2.18683132622391,3.30045265015989,3.15452402134107,0,0,0,1,1,1,0,0,0,1.5,1.5,1.5,0,0,0,2,2,2,0,0,0,2.5,2.5,2.5,0,0,0,3,3,3,1,1,1,3.0016501463205,3.30045265015989,3.15452402134107,1,1,1,3.0016501463205,3.30045265015989,3.15452402134107,1,1,1,3.0016501463205,3.30045265015989,3.15452402134107,1,1,1,3.0016501463205,3.30045265015989,3.15452402134107,1,1,1,3.0016501463205,3.30045265015989,3.15452402134107,1,1,1,3.0016501463205,3.30045265015989,3.15452402134107,1,1,1,3.0016501463205,3.30045265015989,3.15452402134107,1,1,1,3.0016501463205,3.30045265015989,3.15452402134107,0,1,1,0.482879364863038,2.51102851925001,0.814818820096594,0,0,1,1,1,0.814818820096594,0,0,1,1.5,1.5,0.814818820096594,0,0,1,2,2,0.814818820096594,0,0,1,2.5,2.5,0.814818820096594,1,1,1,2.99390788411305,2.51102851925001,0.814818820096594,1,1,1,2.99390788411305,2.51102851925001,0.814818820096594,1,1,1,2.99390788411305,2.51102851925001,0.814818820096594,1,1,1,2.99390788411305,2.51102851925001,0.814818820096594,1,1,1,2.99390788411305,2.51102851925001,0.814818820096594,1,1,2,2.99390788411305,2.51102851925001,0.814818820096594,1,1,2,2.99390788411305,2.51102851925001,0.814818820096594,1,1,2,2.99390788411305,2.51102851925001,0.814818820096594,1,1,2,2.99390788411305,2.51102851925001,0.814818820096594,"equal","equal","larger","larger","equal","equal","equal","equal","equal","larger","larger","larger","equal","equal","equal","larger","larger","larger","equal","equal","equal","larger","larger","larger","equal","equal","equal","larger","larger","larger","equal","equal","equal","larger","larger","larger","equal","equal","equal","equal","equal","equal","equal","equal","equal","equal","equal","equal","equal","equal","larger","equal","equal","equal","equal","equal","larger","equal","equal","equal","equal","equal","larger","equal","equal","equal","equal","equal","larger","equal","equal","equal","equal","equal","larger","equal","equal","equal","equal","equal","larger","equal","equal","equal","equal","equal","equal","larger","equal","equal","equal","equal","equal","larger","larger","equal","equal","equal","equal","larger","larger","equal","equal","equal","equal","larger","larger","equal","equal","equal","equal","larger","larger","equal","equal","equal","equal","equal","equal","equal","equal","equal","equal","equal","equal","equal","equal","equal","equal","equal","equal","equal","equal","equal","equal","equal","equal","equal","equal","equal","equal","equal","equal","equal","equal","equal","equal","equal","equal","equal","equal","equal","equal","equal","equal","equal","equal","equal","equal","equal","equal","equal","equal","equal","equal","equal","equal","equal"
16,"NN","unreliable","exp1a_s16_NN_u","N","N",0,1,1,2.18683132622391,2.34579936301115,1.10278886286169,0,0,0,1,1,1,0,0,1,1.5,1.5,1.10278886286169,0,0,1,2,2,1.10278886286169,0,1,1,2.5,2.34579936301115,1.10278886286169,0,1,1,3,2.34579936301115,1.10278886286169,0,1,1,3.5,2.34579936301115,1.10278886286169,0,1,1,4,2.34579936301115,1.10278886286169,0,1,1,4.5,2.34579936301115,1.10278886286169,0,1,1,5,2.34579936301115,1.10278886286169,0,1,1,5.5,2.34579936301115,1.10278886286169,0,1,1,6,2.34579936301115,1.10278886286169,1,2,1,6.49620203862677,2.34579936301115,1.10278886286169,1,2,1,6.49620203862677,2.34579936301115,1.10278886286169,0,1,0,0.482879364863038,2.21475801472313,1.96357134939171,0,0,0,1,1,1,0,0,0,1.5,1.5,1.5,0,0,0,2,2,2,0,1,0,2.5,2.21475801472313,2.5,1,1,0,2.69763737958616,2.21475801472313,3,1,1,0,2.69763737958616,2.21475801472313,3.5,1,1,0,2.69763737958616,2.21475801472313,4,1,1,1,2.69763737958616,2.21475801472313,4.30937071240286,1,1,1,2.69763737958616,2.21475801472313,4.30937071240286,1,1,1,2.69763737958616,2.21475801472313,4.30937071240286,1,1,1,2.69763737958616,2.21475801472313,4.30937071240286,1,1,1,2.69763737958616,2.21475801472313,4.30937071240286,1,1,1,2.69763737958616,2.21475801472313,4.30937071240286,"equal","equal","larger","larger","equal","equal","equal","equal","equal","larger","larger","larger","equal","equal","equal","larger","larger","equal","equal","equal","equal","larger","larger","equal","equal","equal","equal","larger","equal","equal","equal","equal","equal","larger","equal","equal","equal","equal","equal","larger","equal","equal","equal","equal","equal","larger","equal","equal","equal","equal","larger","larger","equal","equal","equal","equal","larger","larger","equal","equal","equal","equal","larger","larger","equal","equal","equal","equal","larger","larger","equal","equal","equal","equal","larger","equal","equal","equal","equal","equal","larger","equal","equal","equal","equal","equal","equal","larger","equal","larger","equal","equal","equal","larger","larger","larger","equal","equal","equal","larger","larger","larger","equal","equal","equal","larger","larger","larger","equal","equal","equal","larger","equal","larger","equal","equal","equal","equal","equal","larger","equal","equal","equal","equal","equal","larger","equal","equal","equal","equal","equal","larger","equal","equal","equal","equal","equal","equal","equal","equal","equal","equal","equal","equal","equal","equal","equal","equal","equal","equal","equal","equal","equal","equal","equal","equal","equal","equal","equal","equal","equal","equal","equal","equal","equal","equal","equal","equal"
16,"NP","reliable","exp1a_s16_NP_r","N","P",0,1,1,2.18683132622391,3.30045265015989,3.15452402134107,0,0,0,1,1,1,0,0,0,1.5,1.5,1.5,0,0,0,2,2,2,0,0,0,2.5,2.5,2.5,0,0,0,3,3,3,0,1,1,3.5,3.30045265015989,3.15452402134107,0,1,1,4,3.30045265015989,3.15452402134107,0,1,1,4.5,3.30045265015989,3.15452402134107,0,1,1,5,3.30045265015989,3.15452402134107,0,1,1,5.5,3.30045265015989,3.15452402134107,0,1,1,6,3.30045265015989,3.15452402134107,0,1,1,6.5,3.30045265015989,3.15452402134107,0,1,1,7,3.30045265015989,3.15452402134107,0,0,0,0.482879364863038,4.97645117831416,1.96357134939171,0,0,0,1,1,1,0,0,0,1.5,1.5,1.5,0,0,0,2,2,2,0,0,0,2.5,2.5,2.5,0,0,0,3,3,3,0,0,0,3.5,3.5,3.5,0,0,0,4,4,4,0,0,0,4.5,4.5,4.5,0,0,0,5,5,5,0,0,1,5.5,5.5,5.26402399955161,0,0,1,6,6,5.26402399955161,0,0,1,6.5,6.5,5.26402399955161,0,0,1,7,7,5.26402399955161,"equal","equal","larger","larger","equal","equal","equal","equal","equal","larger","larger","larger","equal","equal","equal","larger","larger","larger","equal","equal","equal","larger","larger","larger","equal","equal","equal","larger","larger","larger","equal","equal","equal","larger","larger","larger","equal","equal","equal","larger","equal","equal","equal","equal","equal","larger","equal","equal","equal","equal","larger","larger","equal","equal","equal","equal","larger","larger","equal","equal","equal","equal","larger","larger","equal","equal","equal","equal","larger","larger","equal","equal","equal","equal","larger","larger","equal","equal","equal","equal","larger","larger","equal","equal","equal","equal","equal","larger","larger","larger","equal","equal","equal","larger","larger","larger","equal","equal","equal","larger","larger","larger","equal","equal","equal","larger","larger","larger","equal","equal","equal","larger","larger","larger","equal","equal","equal","larger","larger","larger","equal","equal","equal","larger","larger","larger","equal","equal","equal","larger","larger","larger","equal","equal","equal","larger","larger","larger","equal","equal","equal","larger","larger","larger","equal","equal","equal","larger","larger","equal","equal","equal","equal","larger","larger","equal","equal","equal","equal","larger","larger","equal","equal","equal","equal","larger","larger","equal"
16,"NP","unreliable","exp1a_s16_NP_u","N","P",0,1,1,2.18683132622391,2.34579936301115,1.10278886286169,0,0,0,1,1,1,0,0,1,1.5,1.5,1.10278886286169,0,0,1,2,2,1.10278886286169,0,1,1,2.5,2.34579936301115,1.10278886286169,0,1,1,3,2.34579936301115,1.10278886286169,0,1,1,3.5,2.34579936301115,1.10278886286169,0,1,1,4,2.34579936301115,1.10278886286169,0,1,1,4.5,2.34579936301115,1.10278886286169,0,1,1,5,2.34579936301115,1.10278886286169,0,1,1,5.5,2.34579936301115,1.10278886286169,0,1,1,6,2.34579936301115,1.10278886286169,1,2,1,6.49620203862677,2.34579936301115,1.10278886286169,1,2,1,6.49620203862677,2.34579936301115,1.10278886286169,0,0,0,0.482879364863038,4.97645117831416,1.96357134939171,0,0,0,1,1,1,0,0,0,1.5,1.5,1.5,0,0,0,2,2,2,0,0,0,2.5,2.5,2.5,0,0,0,3,3,3,0,0,0,3.5,3.5,3.5,0,0,0,4,4,4,0,0,1,4.5,4.5,4.30937071240286,0,0,1,5,5,4.30937071240286,0,0,1,5.5,5.5,4.30937071240286,0,0,1,6,6,4.30937071240286,0,0,1,6.5,6.5,4.30937071240286,0,0,1,7,7,4.30937071240286,"equal","equal","larger","larger","equal","equal","equal","equal","equal","larger","larger","larger","equal","equal","equal","larger","larger","equal","equal","equal","equal","larger","larger","equal","equal","equal","equal","larger","equal","equal","equal","equal","equal","larger","equal","equal","equal","equal","equal","larger","equal","equal","equal","equal","equal","larger","equal","equal","equal","equal","larger","larger","equal","equal","equal","equal","larger","larger","equal","equal","equal","equal","larger","larger","equal","equal","equal","equal","larger","larger","equal","equal","equal","equal","larger","equal","equal","equal","equal","equal","larger","equal","equal","equal","equal","equal","equal","larger","larger","larger","equal","equal","equal","larger","larger","larger","equal","equal","equal","larger","larger","larger","equal","equal","equal","larger","larger","larger","equal","equal","equal","larger","larger","larger","equal","equal","equal","larger","larger","larger","equal","equal","equal","larger","larger","larger","equal","equal","equal","larger","larger","larger","equal","equal","equal","larger","larger","equal","equal","equal","equal","larger","larger","equal","equal","equal","equal","larger","larger","equal","equal","equal","equal","larger","larger","equal","equal","equal","equal","larger","larger","equal","equal","equal","equal","larger","larger","equal"
16,"PG","reliable","exp1a_s16_PG_r","P","G",0,1,0,2.18683132622391,3.30045265015989,4.20614545186982,0,0,0,1,1,1,0,0,0,1.5,1.5,1.5,0,0,0,2,2,2,0,0,0,2.5,2.5,2.5,0,0,0,3,3,3,1,1,0,3.45973993977614,3.30045265015989,3.5,1,1,0,3.45973993977614,3.30045265015989,4,1,1,0,3.45973993977614,3.30045265015989,4.20614545186982,1,1,0,3.45973993977614,3.30045265015989,4.20614545186982,1,1,0,3.45973993977614,3.30045265015989,4.20614545186982,1,1,0,3.45973993977614,3.30045265015989,4.20614545186982,1,1,0,3.45973993977614,3.30045265015989,4.20614545186982,1,1,0,3.45973993977614,3.30045265015989,4.20614545186982,0,3,1,0.482879364863038,0.771628841650614,1.27290861355223,0,1,0,1,0.771628841650614,1,1,1,1,1.25450820651365,0.771628841650614,1.27290861355223,1,2,1,1.25450820651365,0.771628841650614,1.27290861355223,2,2,1,1.25450820651365,0.771628841650614,1.27290861355223,3,3,1,1.25450820651365,0.771628841650614,1.27290861355223,3,3,1,1.25450820651365,0.771628841650614,1.27290861355223,3,3,1,1.25450820651365,0.771628841650614,1.27290861355223,3,3,1,1.25450820651365,0.771628841650614,1.27290861355223,3,3,1,1.25450820651365,0.771628841650614,1.27290861355223,3,3,2,1.25450820651365,0.771628841650614,1.27290861355223,3,3,2,1.25450820651365,0.771628841650614,1.27290861355223,3,3,2,1.25450820651365,0.771628841650614,1.27290861355223,3,3,2,1.25450820651365,0.771628841650614,1.27290861355223,"equal","equal","larger","larger","equal","larger","equal","equal","equal","larger","larger","larger","equal","equal","equal","larger","larger","larger","equal","equal","equal","larger","larger","larger","equal","equal","equal","larger","larger","larger","equal","equal","equal","larger","larger","larger","equal","equal","equal","equal","equal","larger","equal","equal","equal","equal","equal","larger","equal","equal","larger","equal","equal","larger","equal","equal","larger","equal","equal","larger","equal","equal","larger","equal","equal","larger","equal","equal","larger","equal","equal","larger","equal","equal","larger","equal","equal","larger","equal","equal","larger","equal","equal","larger","equal","equal","equal","larger","equal","equal","equal","equal","equal","larger","equal","larger","equal","equal","equal","equal","equal","equal","equal","equal","equal","equal","equal","equal","equal","equal","equal","equal","equal","equal","equal","equal","equal","equal","equal","equal","equal","equal","equal","equal","equal","equal","equal","equal","equal","equal","equal","equal","equal","equal","equal","equal","equal","equal","equal","equal","equal","equal","equal","equal","equal","equal","equal","equal","equal","equal","equal","equal","equal","equal","equal","equal","equal","equal","equal","equal","equal","equal","equal","equal","equal","equal","equal","equal"
16,"PG","unreliable","exp1a_s16_PG_u","P","G",0,0,0,2.18683132622391,5.01006543356925,4.20614545186982,0,0,0,1,1,1,0,0,0,1.5,1.5,1.5,0,0,0,2,2,2,0,0,0,2.5,2.5,2.5,0,0,0,3,3,3,1,0,0,3.45973993977614,3.5,3.5,1,0,0,3.45973993977614,4,4,1,0,0,3.45973993977614,4.5,4.20614545186982,1,0,0,3.45973993977614,5,4.20614545186982,1,0,0,3.45973993977614,5.5,4.20614545186982,1,0,0,3.45973993977614,6,4.20614545186982,1,0,0,3.45973993977614,6.5,4.20614545186982,1,0,0,3.45973993977614,7,4.20614545186982,0,3,1,0.482879364863038,0.771628841650614,1.27290861355223,0,1,0,1,0.771628841650614,1,1,1,1,1.25450820651365,0.771628841650614,1.27290861355223,1,2,1,1.25450820651365,0.771628841650614,1.27290861355223,2,3,1,1.25450820651365,0.771628841650614,1.27290861355223,3,3,1,1.25450820651365,0.771628841650614,1.27290861355223,3,3,1,1.25450820651365,0.771628841650614,1.27290861355223,3,3,1,1.25450820651365,0.771628841650614,1.27290861355223,3,3,1,1.25450820651365,0.771628841650614,1.27290861355223,3,3,1,1.25450820651365,0.771628841650614,1.27290861355223,3,3,1,1.25450820651365,0.771628841650614,1.27290861355223,3,3,1,1.25450820651365,0.771628841650614,1.27290861355223,3,3,1,1.25450820651365,0.771628841650614,1.27290861355223,3,3,1,1.25450820651365,0.771628841650614,1.27290861355223,"equal","equal","larger","larger","larger","larger","equal","equal","equal","larger","larger","larger","equal","equal","equal","larger","larger","larger","equal","equal","equal","larger","larger","larger","equal","equal","equal","larger","larger","larger","equal","equal","equal","larger","larger","larger","equal","equal","equal","equal","larger","larger","equal","equal","equal","equal","larger","larger","equal","equal","larger","equal","larger","larger","equal","equal","larger","equal","larger","larger","equal","equal","larger","equal","larger","larger","equal","equal","larger","equal","larger","larger","equal","equal","larger","equal","larger","larger","equal","equal","larger","equal","larger","larger","equal","equal","equal","larger","equal","equal","equal","equal","equal","larger","equal","larger","equal","equal","equal","equal","equal","equal","equal","equal","equal","equal","equal","equal","equal","equal","equal","equal","equal","equal","equal","equal","equal","equal","equal","equal","equal","equal","equal","equal","equal","equal","equal","equal","equal","equal","equal","equal","equal","equal","equal","equal","equal","equal","equal","equal","equal","equal","equal","equal","equal","equal","equal","equal","equal","equal","equal","equal","equal","equal","equal","equal","equal","equal","equal","equal","equal","equal","equal","equal","equal","equal","equal","equal"
16,"PN","reliable","exp1a_s16_PN_r","P","N",0,1,0,2.18683132622391,3.30045265015989,4.20614545186982,0,0,0,1,1,1,0,0,0,1.5,1.5,1.5,0,0,0,2,2,2,0,0,0,2.5,2.5,2.5,0,0,0,3,3,3,0,1,0,3.5,3.30045265015989,3.5,0,1,0,4,3.30045265015989,4,0,1,0,4.5,3.30045265015989,4.20614545186982,0,1,0,5,3.30045265015989,4.20614545186982,0,1,0,5.5,3.30045265015989,4.20614545186982,0,1,0,6,3.30045265015989,4.20614545186982,0,1,0,6.5,3.30045265015989,4.20614545186982,0,1,0,7,3.30045265015989,4.20614545186982,0,1,0,0.482879364863038,2.51102851925001,1.96357134939171,0,0,0,1,1,1,0,0,0,1.5,1.5,1.5,0,0,0,2,2,2,0,0,0,2.5,2.5,2.5,1,1,0,2.99390788411305,2.51102851925001,3,1,1,0,2.99390788411305,2.51102851925001,3.5,1,1,0,2.99390788411305,2.51102851925001,4,1,1,0,2.99390788411305,2.51102851925001,4.5,1,1,0,2.99390788411305,2.51102851925001,5,1,1,1,2.99390788411305,2.51102851925001,5.26402399955161,1,1,1,2.99390788411305,2.51102851925001,5.26402399955161,1,1,1,2.99390788411305,2.51102851925001,5.26402399955161,1,1,1,2.99390788411305,2.51102851925001,5.26402399955161,"equal","equal","larger","larger","equal","larger","equal","equal","equal","larger","larger","larger","equal","equal","equal","larger","larger","larger","equal","equal","equal","larger","larger","larger","equal","equal","equal","larger","larger","larger","equal","equal","equal","larger","larger","larger","equal","equal","equal","larger","equal","larger","equal","equal","equal","larger","equal","larger","equal","equal","larger","larger","equal","larger","equal","equal","larger","larger","equal","larger","equal","equal","larger","larger","equal","larger","equal","equal","larger","larger","equal","larger","equal","equal","larger","larger","equal","larger","equal","equal","larger","larger","equal","larger","equal","equal","equal","larger","equal","larger","equal","equal","equal","larger","larger","larger","equal","equal","equal","larger","larger","larger","equal","equal","equal","larger","larger","larger","equal","equal","equal","larger","larger","larger","equal","equal","equal","equal","equal","larger","equal","equal","equal","equal","equal","larger","equal","equal","equal","equal","equal","larger","equal","equal","equal","equal","equal","larger","equal","equal","equal","equal","equal","larger","equal","equal","equal","equal","equal","equal","equal","equal","equal","equal","equal","equal","equal","equal","equal","equal","equal","equal","equal","equal","equal","equal","equal","equal"
16,"PN","unreliable","exp1a_s16_PN_u","P","N",0,0,0,2.18683132622391,5.01006543356925,4.20614545186982,0,0,0,1,1,1,0,0,0,1.5,1.5,1.5,0,0,0,2,2,2,0,0,0,2.5,2.5,2.5,0,0,0,3,3,3,0,0,0,3.5,3.5,3.5,0,0,0,4,4,4,0,0,0,4.5,4.5,4.20614545186982,0,0,0,5,5,4.20614545186982,0,0,0,5.5,5.5,4.20614545186982,0,0,0,6,6,4.20614545186982,0,0,0,6.5,6.5,4.20614545186982,0,0,0,7,7,4.20614545186982,0,1,0,0.482879364863038,2.21475801472313,1.96357134939171,0,0,0,1,1,1,0,0,0,1.5,1.5,1.5,0,0,0,2,2,2,0,1,0,2.5,2.21475801472313,2.5,1,1,0,2.69763737958616,2.21475801472313,3,1,1,0,2.69763737958616,2.21475801472313,3.5,1,1,0,2.69763737958616,2.21475801472313,4,1,1,0,2.69763737958616,2.21475801472313,4.5,1,1,0,2.69763737958616,2.21475801472313,5,1,1,0,2.69763737958616,2.21475801472313,5.5,1,1,0,2.69763737958616,2.21475801472313,6,1,1,0,2.69763737958616,2.21475801472313,6.5,1,1,0,2.69763737958616,2.21475801472313,7,"equal","equal","larger","larger","larger","larger","equal","equal","equal","larger","larger","larger","equal","equal","equal","larger","larger","larger","equal","equal","equal","larger","larger","larger","equal","equal","equal","larger","larger","larger","equal","equal","equal","larger","larger","larger","equal","equal","equal","larger","larger","larger","equal","equal","equal","larger","larger","larger","equal","equal","larger","larger","larger","larger","equal","equal","larger","larger","larger","larger","equal","equal","larger","larger","larger","larger","equal","equal","larger","larger","larger","larger","equal","equal","larger","larger","larger","larger","equal","equal","larger","larger","larger","larger","equal","equal","equal","larger","equal","larger","equal","equal","equal","larger","larger","larger","equal","equal","equal","larger","larger","larger","equal","equal","equal","larger","larger","larger","equal","equal","equal","larger","equal","larger","equal","equal","equal","equal","equal","larger","equal","equal","equal","equal","equal","larger","equal","equal","equal","equal","equal","larger","equal","equal","equal","equal","equal","larger","equal","equal","equal","equal","equal","larger","equal","equal","equal","equal","equal","larger","equal","equal","equal","equal","equal","larger","equal","equal","equal","equal","equal","larger","equal","equal","equal","equal","equal","larger"
16,"PP","reliable","exp1a_s16_PP_r","P","P",0,1,0,2.18683132622391,3.30045265015989,4.20614545186982,0,0,0,1,1,1,0,0,0,1.5,1.5,1.5,0,0,0,2,2,2,0,0,0,2.5,2.5,2.5,0,0,0,3,3,3,0,1,0,3.5,3.30045265015989,3.5,0,1,0,4,3.30045265015989,4,0,1,0,4.5,3.30045265015989,4.20614545186982,0,1,0,5,3.30045265015989,4.20614545186982,0,1,0,5.5,3.30045265015989,4.20614545186982,0,1,0,6,3.30045265015989,4.20614545186982,0,1,0,6.5,3.30045265015989,4.20614545186982,0,1,0,7,3.30045265015989,4.20614545186982,0,0,0,0.482879364863038,4.97645117831416,1.96357134939171,0,0,0,1,1,1,0,0,0,1.5,1.5,1.5,0,0,0,2,2,2,0,0,0,2.5,2.5,2.5,0,0,0,3,3,3,0,0,0,3.5,3.5,3.5,0,0,0,4,4,4,0,0,0,4.5,4.5,4.5,0,0,0,5,5,5,0,0,1,5.5,5.5,5.26402399955161,0,0,1,6,6,5.26402399955161,0,0,1,6.5,6.5,5.26402399955161,0,0,1,7,7,5.26402399955161,"equal","equal","larger","larger","equal","larger","equal","equal","equal","larger","larger","larger","equal","equal","equal","larger","larger","larger","equal","equal","equal","larger","larger","larger","equal","equal","equal","larger","larger","larger","equal","equal","equal","larger","larger","larger","equal","equal","equal","larger","equal","larger","equal","equal","equal","larger","equal","larger","equal","equal","larger","larger","equal","larger","equal","equal","larger","larger","equal","larger","equal","equal","larger","larger","equal","larger","equal","equal","larger","larger","equal","larger","equal","equal","larger","larger","equal","larger","equal","equal","larger","larger","equal","larger","equal","equal","equal","larger","larger","larger","equal","equal","equal","larger","larger","larger","equal","equal","equal","larger","larger","larger","equal","equal","equal","larger","larger","larger","equal","equal","equal","larger","larger","larger","equal","equal","equal","larger","larger","larger","equal","equal","equal","larger","larger","larger","equal","equal","equal","larger","larger","larger","equal","equal","equal","larger","larger","larger","equal","equal","equal","larger","larger","larger","equal","equal","equal","larger","larger","equal","equal","equal","equal","larger","larger","equal","equal","equal","equal","larger","larger","equal","equal","equal","equal","larger","larger","equal"
16,"PP","unreliable","exp1a_s16_PP_u","P","P",0,0,0,2.18683132622391,5.01006543356925,4.20614545186982,0,0,0,1,1,1,0,0,0,1.5,1.5,1.5,0,0,0,2,2,2,0,0,0,2.5,2.5,2.5,0,0,0,3,3,3,0,0,0,3.5,3.5,3.5,0,0,0,4,4,4,0,0,0,4.5,4.5,4.20614545186982,0,0,0,5,5,4.20614545186982,0,0,0,5.5,5.5,4.20614545186982,0,0,0,6,6,4.20614545186982,0,0,0,6.5,6.5,4.20614545186982,0,0,0,7,7,4.20614545186982,0,0,0,0.482879364863038,4.97645117831416,1.96357134939171,0,0,0,1,1,1,0,0,0,1.5,1.5,1.5,0,0,0,2,2,2,0,0,0,2.5,2.5,2.5,0,0,0,3,3,3,0,0,0,3.5,3.5,3.5,0,0,0,4,4,4,0,0,0,4.5,4.5,4.5,0,0,0,5,5,5,0,0,0,5.5,5.5,5.5,0,0,0,6,6,6,0,0,0,6.5,6.5,6.5,0,0,0,7,7,7,"equal","equal","larger","larger","larger","larger","equal","equal","equal","larger","larger","larger","equal","equal","equal","larger","larger","larger","equal","equal","equal","larger","larger","larger","equal","equal","equal","larger","larger","larger","equal","equal","equal","larger","larger","larger","equal","equal","equal","larger","larger","larger","equal","equal","equal","larger","larger","larger","equal","equal","larger","larger","larger","larger","equal","equal","larger","larger","larger","larger","equal","equal","larger","larger","larger","larger","equal","equal","larger","larger","larger","larger","equal","equal","larger","larger","larger","larger","equal","equal","larger","larger","larger","larger","equal","equal","equal","larger","larger","larger","equal","equal","equal","larger","larger","larger","equal","equal","equal","larger","larger","larger","equal","equal","equal","larger","larger","larger","equal","equal","equal","larger","larger","larger","equal","equal","equal","larger","larger","larger","equal","equal","equal","larger","larger","larger","equal","equal","equal","larger","larger","larger","equal","equal","equal","larger","larger","larger","equal","equal","equal","larger","larger","larger","equal","equal","equal","larger","larger","larger","equal","equal","equal","larger","larger","larger","equal","equal","equal","larger","larger","larger","equal","equal","equal","larger","larger","larger"
17,"GG","reliable","exp1a_s17_GG_r","G","G",3,1,0,0.840965569864161,1.23464597844007,1.08829963952303,1,0,0,0.840965569864161,1,1,2,1,0,0.840965569864161,1.23464597844007,1.08829963952303,2,1,0,0.840965569864161,1.23464597844007,1.08829963952303,3,1,0,0.840965569864161,1.23464597844007,1.08829963952303,3,1,0,0.840965569864161,1.23464597844007,1.08829963952303,3,1,0,0.840965569864161,1.23464597844007,1.08829963952303,3,1,0,0.840965569864161,1.23464597844007,1.08829963952303,3,1,0,0.840965569864161,1.23464597844007,1.08829963952303,3,1,0,0.840965569864161,1.23464597844007,1.08829963952303,3,1,0,0.840965569864161,1.23464597844007,1.08829963952303,3,1,0,0.840965569864161,1.23464597844007,1.08829963952303,3,1,0,0.840965569864161,1.23464597844007,1.08829963952303,3,1,0,0.840965569864161,1.23464597844007,1.08829963952303,0,2,2,0.698766969144344,0.501618573655175,1.89456135743839,0,1,0,1,0.501618573655175,1,0,2,0,1.5,0.501618573655175,1.5,1,2,1,1.53973253900851,0.501618573655175,1.89456135743839,2,2,1,1.53973253900851,0.501618573655175,1.89456135743839,2,2,2,1.53973253900851,0.501618573655175,1.89456135743839,3,2,2,1.53973253900851,0.501618573655175,1.89456135743839,3,2,2,1.53973253900851,0.501618573655175,1.89456135743839,3,3,2,1.53973253900851,0.501618573655175,1.89456135743839,3,3,3,1.53973253900851,0.501618573655175,1.89456135743839,3,4,3,1.53973253900851,0.501618573655175,1.89456135743839,3,4,3,1.53973253900851,0.501618573655175,1.89456135743839,3,4,3,1.53973253900851,0.501618573655175,1.89456135743839,3,4,3,1.53973253900851,0.501618573655175,1.89456135743839,"equal","equal","larger","equal","equal","larger","equal","equal","equal","equal","larger","larger","equal","equal","larger","equal","equal","larger","equal","equal","larger","equal","equal","larger","equal","equal","larger","equal","equal","larger","equal","equal","larger","equal","equal","larger","equal","larger","larger","equal","equal","larger","equal","larger","larger","equal","equal","larger","equal","larger","larger","equal","equal","larger","equal","larger","larger","equal","equal","larger","equal","larger","larger","equal","equal","larger","equal","larger","larger","equal","equal","larger","equal","larger","larger","equal","equal","larger","equal","larger","larger","equal","equal","larger","equal","equal","equal","larger","equal","equal","equal","equal","equal","larger","equal","larger","equal","equal","equal","larger","equal","larger","equal","equal","equal","equal","equal","equal","equal","equal","equal","equal","equal","equal","equal","equal","equal","equal","equal","equal","equal","equal","equal","equal","equal","equal","equal","equal","equal","equal","equal","equal","equal","equal","equal","equal","equal","equal","equal","equal","equal","equal","equal","equal","equal","equal","equal","equal","equal","equal","equal","equal","equal","equal","equal","equal","equal","equal","equal","equal","equal","equal","equal","equal","larger","equal","equal","equal"
17,"GG","unreliable","exp1a_s17_GG_u","G","G",2,1,1,0.840965569864161,1.23464597844007,0.772746070847148,1,0,1,0.840965569864161,1,0.772746070847148,2,1,1,0.840965569864161,1.23464597844007,0.772746070847148,2,1,1,0.840965569864161,1.23464597844007,0.772746070847148,2,1,1,0.840965569864161,1.23464597844007,0.772746070847148,2,2,1,0.840965569864161,1.23464597844007,0.772746070847148,2,2,1,0.840965569864161,1.23464597844007,0.772746070847148,2,2,1,0.840965569864161,1.23464597844007,0.772746070847148,2,2,1,0.840965569864161,1.23464597844007,0.772746070847148,2,2,1,0.840965569864161,1.23464597844007,0.772746070847148,2,2,1,0.840965569864161,1.23464597844007,0.772746070847148,2,2,1,0.840965569864161,1.23464597844007,0.772746070847148,2,2,1,0.840965569864161,1.23464597844007,0.772746070847148,2,2,1,0.840965569864161,1.23464597844007,0.772746070847148,0,1,2,0.698766969144344,1.42668203889322,1.89456135743839,0,0,0,1,1,1,0,1,0,1.5,1.42668203889322,1.5,1,1,1,1.53973253900851,1.42668203889322,1.89456135743839,2,1,1,1.53973253900851,1.42668203889322,1.89456135743839,2,1,2,1.53973253900851,1.42668203889322,1.89456135743839,2,1,2,1.53973253900851,1.42668203889322,1.89456135743839,2,1,2,1.53973253900851,1.42668203889322,1.89456135743839,2,2,2,1.53973253900851,1.42668203889322,1.89456135743839,2,2,3,1.53973253900851,1.42668203889322,1.89456135743839,2,3,3,1.53973253900851,1.42668203889322,1.89456135743839,2,3,3,1.53973253900851,1.42668203889322,1.89456135743839,2,3,4,1.53973253900851,1.42668203889322,1.89456135743839,2,3,4,1.53973253900851,1.42668203889322,1.89456135743839,"equal","equal","larger","equal","equal","equal","equal","equal","equal","equal","larger","equal","equal","equal","larger","equal","equal","equal","equal","equal","larger","equal","equal","equal","equal","equal","larger","equal","equal","equal","equal","equal","larger","equal","equal","equal","equal","larger","larger","equal","equal","equal","equal","larger","larger","equal","equal","equal","equal","larger","larger","equal","equal","equal","equal","larger","larger","equal","equal","equal","equal","larger","larger","equal","equal","equal","equal","larger","larger","equal","equal","equal","equal","larger","larger","equal","equal","equal","equal","larger","larger","equal","equal","equal","equal","equal","equal","larger","equal","equal","equal","equal","equal","larger","larger","larger","equal","equal","equal","larger","equal","larger","equal","equal","equal","equal","equal","equal","equal","equal","equal","equal","equal","equal","equal","equal","equal","equal","equal","equal","equal","equal","equal","equal","equal","equal","equal","equal","equal","equal","equal","equal","equal","equal","equal","equal","equal","equal","equal","equal","equal","equal","equal","equal","equal","equal","equal","equal","equal","equal","equal","equal","equal","equal","equal","equal","equal","equal","equal","equal","equal","equal","equal","equal","larger","equal","equal","equal"
17,"GN","reliable","exp1a_s17_GN_r","G","N",2,1,0,1.48695152277283,1.23464597844007,1.08829963952303,0,0,0,1,1,1,1,1,0,1.48695152277283,1.23464597844007,1.08829963952303,1,1,0,1.48695152277283,1.23464597844007,1.08829963952303,2,1,0,1.48695152277283,1.23464597844007,1.08829963952303,2,1,0,1.48695152277283,1.23464597844007,1.08829963952303,2,1,0,1.48695152277283,1.23464597844007,1.08829963952303,2,1,0,1.48695152277283,1.23464597844007,1.08829963952303,2,1,0,1.48695152277283,1.23464597844007,1.08829963952303,2,1,0,1.48695152277283,1.23464597844007,1.08829963952303,2,1,0,1.48695152277283,1.23464597844007,1.08829963952303,2,1,0,1.48695152277283,1.23464597844007,1.08829963952303,2,1,0,1.48695152277283,1.23464597844007,1.08829963952303,2,1,0,1.48695152277283,1.23464597844007,1.08829963952303,0,1,1,0.698766969144344,0.501618573655175,2.96296454231489,0,1,0,1,0.501618573655175,1,0,1,0,1.5,0.501618573655175,1.5,0,1,0,2,0.501618573655175,2,1,1,0,2.18571849191718,0.501618573655175,2.5,1,1,1,2.18571849191718,0.501618573655175,2.96296454231489,2,1,1,2.18571849191718,0.501618573655175,2.96296454231489,2,1,1,2.18571849191718,0.501618573655175,2.96296454231489,2,1,1,2.18571849191718,0.501618573655175,2.96296454231489,2,1,2,2.18571849191718,0.501618573655175,2.96296454231489,2,2,2,2.18571849191718,0.501618573655175,2.96296454231489,2,2,2,2.18571849191718,0.501618573655175,2.96296454231489,2,2,2,2.18571849191718,0.501618573655175,2.96296454231489,2,2,2,2.18571849191718,0.501618573655175,2.96296454231489,"equal","equal","larger","equal","equal","larger","equal","equal","equal","larger","larger","larger","equal","equal","larger","equal","equal","larger","equal","equal","larger","equal","equal","larger","equal","equal","larger","equal","equal","larger","equal","equal","larger","equal","equal","larger","equal","larger","larger","equal","equal","larger","equal","larger","larger","equal","equal","larger","equal","larger","larger","equal","equal","larger","equal","larger","larger","equal","equal","larger","equal","larger","larger","equal","equal","larger","equal","larger","larger","equal","equal","larger","equal","larger","larger","equal","equal","larger","equal","larger","larger","equal","equal","larger","equal","equal","equal","larger","equal","equal","equal","equal","equal","larger","equal","larger","equal","equal","equal","larger","equal","larger","equal","equal","equal","larger","equal","larger","equal","equal","equal","equal","equal","larger","equal","equal","equal","equal","equal","equal","equal","equal","equal","equal","equal","equal","equal","equal","equal","equal","equal","equal","equal","equal","equal","equal","equal","equal","equal","equal","equal","equal","equal","equal","equal","equal","equal","equal","equal","equal","equal","equal","equal","equal","equal","equal","equal","equal","equal","equal","equal","equal","equal","equal","larger","equal","equal","equal"
17,"GN","unreliable","exp1a_s17_GN_u","G","N",1,1,1,1.48695152277283,1.23464597844007,0.772746070847148,0,0,1,1,1,0.772746070847148,1,1,1,1.48695152277283,1.23464597844007,0.772746070847148,1,1,1,1.48695152277283,1.23464597844007,0.772746070847148,1,1,1,1.48695152277283,1.23464597844007,0.772746070847148,1,2,1,1.48695152277283,1.23464597844007,0.772746070847148,1,2,1,1.48695152277283,1.23464597844007,0.772746070847148,1,2,1,1.48695152277283,1.23464597844007,0.772746070847148,1,2,1,1.48695152277283,1.23464597844007,0.772746070847148,1,2,1,1.48695152277283,1.23464597844007,0.772746070847148,1,2,1,1.48695152277283,1.23464597844007,0.772746070847148,1,2,1,1.48695152277283,1.23464597844007,0.772746070847148,1,2,1,1.48695152277283,1.23464597844007,0.772746070847148,1,2,1,1.48695152277283,1.23464597844007,0.772746070847148,0,0,1,0.698766969144344,2.27959214244038,2.74020095768662,0,0,0,1,1,1,0,0,0,1.5,1.5,1.5,0,0,0,2,2,2,1,0,0,2.18571849191718,2.5,2.5,1,0,1,2.18571849191718,3,2.74020095768662,1,0,1,2.18571849191718,3.5,2.74020095768662,1,0,1,2.18571849191718,4,2.74020095768662,1,0,1,2.18571849191718,4.5,2.74020095768662,1,0,2,2.18571849191718,5,2.74020095768662,1,1,2,2.18571849191718,5.019793100127,2.74020095768662,1,1,2,2.18571849191718,5.019793100127,2.74020095768662,1,1,3,2.18571849191718,5.019793100127,2.74020095768662,1,1,3,2.18571849191718,5.019793100127,2.74020095768662,"equal","equal","larger","equal","equal","equal","equal","equal","equal","larger","larger","equal","equal","equal","larger","equal","equal","equal","equal","equal","larger","equal","equal","equal","equal","equal","larger","equal","equal","equal","equal","equal","larger","equal","equal","equal","equal","larger","larger","equal","equal","equal","equal","larger","larger","equal","equal","equal","equal","larger","larger","equal","equal","equal","equal","larger","larger","equal","equal","equal","equal","larger","larger","equal","equal","equal","equal","larger","larger","equal","equal","equal","equal","larger","larger","equal","equal","equal","equal","larger","larger","equal","equal","equal","equal","equal","equal","larger","larger","equal","equal","equal","equal","larger","larger","larger","equal","equal","equal","larger","larger","larger","equal","equal","equal","larger","larger","larger","equal","equal","equal","equal","larger","larger","equal","equal","equal","equal","larger","equal","equal","equal","equal","equal","larger","equal","equal","equal","equal","equal","larger","equal","equal","equal","equal","equal","larger","equal","equal","equal","equal","equal","larger","equal","equal","equal","equal","equal","equal","equal","equal","equal","equal","equal","equal","equal","equal","equal","equal","equal","equal","equal","equal","equal","larger","equal","equal","equal"
17,"GP","reliable","exp1a_s17_GP_r","G","P",1,1,0,2.33953898882322,1.23464597844007,1.08829963952303,0,0,0,1,1,1,0,1,0,1.5,1.23464597844007,1.08829963952303,0,1,0,2,1.23464597844007,1.08829963952303,1,1,0,2.33953898882322,1.23464597844007,1.08829963952303,1,1,0,2.33953898882322,1.23464597844007,1.08829963952303,1,1,0,2.33953898882322,1.23464597844007,1.08829963952303,1,1,0,2.33953898882322,1.23464597844007,1.08829963952303,1,1,0,2.33953898882322,1.23464597844007,1.08829963952303,1,1,0,2.33953898882322,1.23464597844007,1.08829963952303,1,1,0,2.33953898882322,1.23464597844007,1.08829963952303,1,1,0,2.33953898882322,1.23464597844007,1.08829963952303,1,1,0,2.33953898882322,1.23464597844007,1.08829963952303,1,1,0,2.33953898882322,1.23464597844007,1.08829963952303,0,0,0,0.698766969144344,2.27959214244038,3.6406680662185,0,0,0,1,1,1,0,0,0,1.5,1.5,1.5,0,0,0,2,2,2,0,0,0,2.5,2.5,2.5,0,0,0,3,3,3,1,0,0,3.03830595796757,3.5,3.5,1,0,0,3.03830595796757,4,4,1,0,0,3.03830595796757,4.5,4.5,1,0,1,3.03830595796757,5,4.87531404465856,1,0,1,3.03830595796757,5.5,4.87531404465856,1,0,1,3.03830595796757,6,4.87531404465856,1,0,1,3.03830595796757,6.5,4.87531404465856,1,0,1,3.03830595796757,7,4.87531404465856,"equal","equal","larger","equal","equal","larger","equal","equal","equal","larger","larger","larger","equal","equal","larger","larger","equal","larger","equal","equal","larger","larger","equal","larger","equal","equal","larger","equal","equal","larger","equal","equal","larger","equal","equal","larger","equal","larger","larger","equal","equal","larger","equal","larger","larger","equal","equal","larger","equal","larger","larger","equal","equal","larger","equal","larger","larger","equal","equal","larger","equal","larger","larger","equal","equal","larger","equal","larger","larger","equal","equal","larger","equal","larger","larger","equal","equal","larger","equal","larger","larger","equal","equal","larger","equal","equal","equal","larger","larger","larger","equal","equal","equal","larger","larger","larger","equal","equal","equal","larger","larger","larger","equal","equal","equal","larger","larger","larger","equal","equal","equal","larger","larger","larger","equal","equal","equal","larger","larger","larger","equal","equal","equal","equal","larger","larger","equal","equal","equal","equal","larger","larger","equal","equal","equal","equal","larger","larger","equal","equal","equal","equal","larger","equal","equal","equal","equal","equal","larger","equal","equal","equal","equal","equal","larger","equal","equal","equal","equal","equal","larger","equal","equal","equal","larger","equal","larger","equal"
17,"GP","unreliable","exp1a_s17_GP_u","G","P",0,1,1,7.62091574259102,1.23464597844007,0.772746070847148,0,0,1,1,1,0.772746070847148,0,1,1,1.5,1.23464597844007,0.772746070847148,0,1,1,2,1.23464597844007,0.772746070847148,0,1,1,2.5,1.23464597844007,0.772746070847148,0,2,1,3,1.23464597844007,0.772746070847148,0,2,1,3.5,1.23464597844007,0.772746070847148,0,2,1,4,1.23464597844007,0.772746070847148,0,2,1,4.5,1.23464597844007,0.772746070847148,0,2,1,5,1.23464597844007,0.772746070847148,0,2,1,5.5,1.23464597844007,0.772746070847148,0,2,1,6,1.23464597844007,0.772746070847148,0,2,1,6.5,1.23464597844007,0.772746070847148,0,2,1,7,1.23464597844007,0.772746070847148,0,0,0,0.698766969144344,2.27959214244038,3.6406680662185,0,0,0,1,1,1,0,0,0,1.5,1.5,1.5,0,0,0,2,2,2,0,0,0,2.5,2.5,2.5,0,0,0,3,3,3,0,0,0,3.5,3.5,3.5,0,0,0,4,4,4,0,0,0,4.5,4.5,4.5,0,0,1,5,5,4.87531404465856,0,0,1,5.5,5.5,4.87531404465856,0,0,1,6,6,4.87531404465856,0,0,2,6.5,6.5,4.87531404465856,0,0,2,7,7,4.87531404465856,"equal","equal","larger","larger","equal","equal","equal","equal","equal","larger","larger","equal","equal","equal","larger","larger","equal","equal","equal","equal","larger","larger","equal","equal","equal","equal","larger","larger","equal","equal","equal","equal","larger","larger","equal","equal","equal","larger","larger","larger","equal","equal","equal","larger","larger","larger","equal","equal","equal","larger","larger","larger","equal","equal","equal","larger","larger","larger","equal","equal","equal","larger","larger","larger","equal","equal","equal","larger","larger","larger","equal","equal","equal","larger","larger","larger","equal","equal","equal","larger","larger","larger","equal","equal","equal","equal","equal","larger","larger","larger","equal","equal","equal","larger","larger","larger","equal","equal","equal","larger","larger","larger","equal","equal","equal","larger","larger","larger","equal","equal","equal","larger","larger","larger","equal","equal","equal","larger","larger","larger","equal","equal","equal","larger","larger","larger","equal","equal","equal","larger","larger","larger","equal","equal","equal","larger","larger","larger","equal","equal","equal","larger","larger","equal","equal","equal","equal","larger","larger","equal","equal","equal","equal","larger","larger","equal","equal","equal","equal","larger","larger","equal","equal","equal","larger","larger","larger","equal"
17,"NG","reliable","exp1a_s17_NG_r","N","G",2,0,0,0.840965569864161,2.03928170260042,1.08829963952303,1,0,0,0.840965569864161,1,1,1,0,0,0.840965569864161,1.5,1.08829963952303,1,0,0,0.840965569864161,2,1.08829963952303,2,0,0,0.840965569864161,2.5,1.08829963952303,2,0,0,0.840965569864161,3,1.08829963952303,2,0,0,0.840965569864161,3.12758134212345,1.08829963952303,2,0,0,0.840965569864161,3.12758134212345,1.08829963952303,2,0,0,0.840965569864161,3.12758134212345,1.08829963952303,2,0,0,0.840965569864161,3.12758134212345,1.08829963952303,2,0,0,0.840965569864161,3.12758134212345,1.08829963952303,2,0,0,0.840965569864161,3.12758134212345,1.08829963952303,2,0,0,0.840965569864161,3.12758134212345,1.08829963952303,2,0,0,0.840965569864161,3.12758134212345,1.08829963952303,0,2,2,0.698766969144344,0.501618573655175,1.89456135743839,0,1,0,1,0.501618573655175,1,0,2,0,1.5,0.501618573655175,1.5,1,2,1,1.53973253900851,0.501618573655175,1.89456135743839,1,2,1,1.53973253900851,0.501618573655175,1.89456135743839,1,2,2,1.53973253900851,0.501618573655175,1.89456135743839,2,2,2,1.53973253900851,0.501618573655175,1.89456135743839,2,2,2,1.53973253900851,0.501618573655175,1.89456135743839,2,3,2,1.53973253900851,0.501618573655175,1.89456135743839,2,3,2,1.53973253900851,0.501618573655175,1.89456135743839,2,4,2,1.53973253900851,0.501618573655175,1.89456135743839,2,4,2,1.53973253900851,0.501618573655175,1.89456135743839,2,4,2,1.53973253900851,0.501618573655175,1.89456135743839,2,4,2,1.53973253900851,0.501618573655175,1.89456135743839,"equal","equal","larger","equal","larger","larger","equal","equal","equal","equal","larger","larger","equal","equal","larger","equal","larger","larger","equal","equal","larger","equal","larger","larger","equal","equal","larger","equal","larger","larger","equal","equal","larger","equal","larger","larger","equal","larger","larger","equal","larger","larger","equal","larger","larger","equal","larger","larger","equal","larger","larger","equal","larger","larger","equal","larger","larger","equal","larger","larger","equal","larger","larger","equal","larger","larger","equal","larger","larger","equal","larger","larger","equal","larger","larger","equal","larger","larger","equal","larger","larger","equal","larger","larger","equal","equal","equal","larger","equal","equal","equal","equal","equal","larger","equal","larger","equal","equal","equal","larger","equal","larger","equal","equal","equal","equal","equal","equal","equal","equal","equal","equal","equal","equal","equal","equal","equal","equal","equal","equal","equal","equal","equal","equal","equal","equal","equal","equal","equal","equal","equal","equal","equal","equal","equal","equal","equal","equal","equal","equal","equal","equal","equal","equal","equal","equal","equal","equal","equal","equal","equal","equal","equal","equal","equal","equal","equal","equal","equal","equal","equal","equal","equal","equal","larger","equal","equal","equal"
17,"NG","unreliable","exp1a_s17_NG_u","N","G",1,0,1,0.840965569864161,2.03928170260042,0.772746070847148,1,0,1,0.840965569864161,1,0.772746070847148,1,0,1,0.840965569864161,1.5,0.772746070847148,1,0,1,0.840965569864161,2,0.772746070847148,1,0,1,0.840965569864161,2.5,0.772746070847148,1,1,1,0.840965569864161,2.81202777344757,0.772746070847148,1,1,1,0.840965569864161,2.81202777344757,0.772746070847148,1,1,1,0.840965569864161,2.81202777344757,0.772746070847148,1,1,1,0.840965569864161,2.81202777344757,0.772746070847148,1,1,1,0.840965569864161,2.81202777344757,0.772746070847148,1,1,1,0.840965569864161,2.81202777344757,0.772746070847148,1,1,1,0.840965569864161,2.81202777344757,0.772746070847148,1,1,1,0.840965569864161,2.81202777344757,0.772746070847148,1,1,1,0.840965569864161,2.81202777344757,0.772746070847148,0,1,2,0.698766969144344,1.42668203889322,1.89456135743839,0,0,0,1,1,1,0,1,0,1.5,1.42668203889322,1.5,1,1,1,1.53973253900851,1.42668203889322,1.89456135743839,1,1,1,1.53973253900851,1.42668203889322,1.89456135743839,1,1,2,1.53973253900851,1.42668203889322,1.89456135743839,1,1,2,1.53973253900851,1.42668203889322,1.89456135743839,1,1,2,1.53973253900851,1.42668203889322,1.89456135743839,1,2,2,1.53973253900851,1.42668203889322,1.89456135743839,1,2,2,1.53973253900851,1.42668203889322,1.89456135743839,1,3,2,1.53973253900851,1.42668203889322,1.89456135743839,1,3,2,1.53973253900851,1.42668203889322,1.89456135743839,1,3,3,1.53973253900851,1.42668203889322,1.89456135743839,1,3,3,1.53973253900851,1.42668203889322,1.89456135743839,"equal","equal","larger","equal","larger","equal","equal","equal","equal","equal","larger","equal","equal","equal","larger","equal","larger","equal","equal","equal","larger","equal","larger","equal","equal","equal","larger","equal","larger","equal","equal","equal","larger","equal","equal","equal","equal","larger","larger","equal","equal","equal","equal","larger","larger","equal","equal","equal","equal","larger","larger","equal","equal","equal","equal","larger","larger","equal","equal","equal","equal","larger","larger","equal","equal","equal","equal","larger","larger","equal","equal","equal","equal","larger","larger","equal","equal","equal","equal","larger","larger","equal","equal","equal","equal","equal","equal","larger","equal","equal","equal","equal","equal","larger","larger","larger","equal","equal","equal","larger","equal","larger","equal","equal","equal","equal","equal","equal","equal","equal","equal","equal","equal","equal","equal","equal","equal","equal","equal","equal","equal","equal","equal","equal","equal","equal","equal","equal","equal","equal","equal","equal","equal","equal","equal","equal","equal","equal","equal","equal","equal","equal","equal","equal","equal","equal","equal","equal","equal","equal","equal","equal","equal","equal","equal","equal","equal","equal","equal","equal","equal","equal","equal","equal","larger","equal","equal","equal"
17,"NN","reliable","exp1a_s17_NN_r","N","N",1,0,0,2.33953898882322,2.03928170260042,1.08829963952303,0,0,0,1,1,1,0,0,0,1.5,1.5,1.08829963952303,0,0,0,2,2,1.08829963952303,1,0,0,2.33953898882322,2.5,1.08829963952303,1,0,0,2.33953898882322,3,1.08829963952303,1,0,0,2.33953898882322,3.12758134212345,1.08829963952303,1,0,0,2.33953898882322,3.12758134212345,1.08829963952303,1,0,0,2.33953898882322,3.12758134212345,1.08829963952303,1,0,0,2.33953898882322,3.12758134212345,1.08829963952303,1,0,0,2.33953898882322,3.12758134212345,1.08829963952303,1,0,0,2.33953898882322,3.12758134212345,1.08829963952303,1,0,0,2.33953898882322,3.12758134212345,1.08829963952303,1,0,0,2.33953898882322,3.12758134212345,1.08829963952303,0,1,1,0.698766969144344,0.501618573655175,2.96296454231489,0,1,0,1,0.501618573655175,1,0,1,0,1.5,0.501618573655175,1.5,0,1,0,2,0.501618573655175,2,0,1,0,2.5,0.501618573655175,2.5,0,1,1,3,0.501618573655175,2.96296454231489,1,1,1,3.03830595796757,0.501618573655175,2.96296454231489,1,1,1,3.03830595796757,0.501618573655175,2.96296454231489,1,1,1,3.03830595796757,0.501618573655175,2.96296454231489,1,1,1,3.03830595796757,0.501618573655175,2.96296454231489,1,2,1,3.03830595796757,0.501618573655175,2.96296454231489,1,2,1,3.03830595796757,0.501618573655175,2.96296454231489,1,2,1,3.03830595796757,0.501618573655175,2.96296454231489,1,2,1,3.03830595796757,0.501618573655175,2.96296454231489,"equal","equal","larger","equal","larger","larger","equal","equal","equal","larger","larger","larger","equal","equal","larger","larger","larger","larger","equal","equal","larger","larger","larger","larger","equal","equal","larger","equal","larger","larger","equal","equal","larger","equal","larger","larger","equal","larger","larger","equal","larger","larger","equal","larger","larger","equal","larger","larger","equal","larger","larger","equal","larger","larger","equal","larger","larger","equal","larger","larger","equal","larger","larger","equal","larger","larger","equal","larger","larger","equal","larger","larger","equal","larger","larger","equal","larger","larger","equal","larger","larger","equal","larger","larger","equal","equal","equal","larger","equal","equal","equal","equal","equal","larger","equal","larger","equal","equal","equal","larger","equal","larger","equal","equal","equal","larger","equal","larger","equal","equal","equal","larger","equal","larger","equal","equal","equal","larger","equal","equal","equal","equal","equal","equal","equal","equal","equal","equal","equal","equal","equal","equal","equal","equal","equal","equal","equal","equal","equal","equal","equal","equal","equal","equal","equal","equal","equal","equal","equal","equal","equal","equal","equal","equal","equal","equal","equal","equal","equal","equal","equal","equal","equal","equal","larger","equal","equal","equal"
17,"NN","unreliable","exp1a_s17_NN_u","N","N",0,0,1,7.62091574259102,2.03928170260042,0.772746070847148,0,0,1,1,1,0.772746070847148,0,0,1,1.5,1.5,0.772746070847148,0,0,1,2,2,0.772746070847148,0,0,1,2.5,2.5,0.772746070847148,0,1,1,3,2.81202777344757,0.772746070847148,0,1,1,3.5,2.81202777344757,0.772746070847148,0,1,1,4,2.81202777344757,0.772746070847148,0,1,1,4.5,2.81202777344757,0.772746070847148,0,1,1,5,2.81202777344757,0.772746070847148,0,1,1,5.5,2.81202777344757,0.772746070847148,0,1,1,6,2.81202777344757,0.772746070847148,0,1,1,6.5,2.81202777344757,0.772746070847148,0,1,1,7,2.81202777344757,0.772746070847148,0,0,1,0.698766969144344,2.27959214244038,2.74020095768662,0,0,0,1,1,1,0,0,0,1.5,1.5,1.5,0,0,0,2,2,2,0,0,0,2.5,2.5,2.5,0,0,1,3,3,2.74020095768662,0,0,1,3.5,3.5,2.74020095768662,0,0,1,4,4,2.74020095768662,0,0,1,4.5,4.5,2.74020095768662,0,0,1,5,5,2.74020095768662,0,1,1,5.5,5.019793100127,2.74020095768662,0,1,1,6,5.019793100127,2.74020095768662,0,1,2,6.5,5.019793100127,2.74020095768662,0,1,2,7,5.019793100127,2.74020095768662,"equal","equal","larger","larger","larger","equal","equal","equal","equal","larger","larger","equal","equal","equal","larger","larger","larger","equal","equal","equal","larger","larger","larger","equal","equal","equal","larger","larger","larger","equal","equal","equal","larger","larger","equal","equal","equal","larger","larger","larger","equal","equal","equal","larger","larger","larger","equal","equal","equal","larger","larger","larger","equal","equal","equal","larger","larger","larger","equal","equal","equal","larger","larger","larger","equal","equal","equal","larger","larger","larger","equal","equal","equal","larger","larger","larger","equal","equal","equal","larger","larger","larger","equal","equal","equal","equal","equal","larger","larger","equal","equal","equal","equal","larger","larger","larger","equal","equal","equal","larger","larger","larger","equal","equal","equal","larger","larger","larger","equal","equal","equal","larger","larger","larger","equal","equal","equal","larger","larger","equal","equal","equal","equal","larger","larger","equal","equal","equal","equal","larger","larger","equal","equal","equal","equal","larger","larger","equal","equal","equal","equal","larger","larger","equal","equal","equal","equal","larger","equal","equal","equal","equal","equal","larger","equal","equal","equal","equal","equal","larger","equal","equal","equal","equal","larger","larger","equal","equal"
17,"NP","reliable","exp1a_s17_NP_r","N","P",1,0,0,2.33953898882322,2.03928170260042,1.08829963952303,0,0,0,1,1,1,0,0,0,1.5,1.5,1.08829963952303,0,0,0,2,2,1.08829963952303,1,0,0,2.33953898882322,2.5,1.08829963952303,1,0,0,2.33953898882322,3,1.08829963952303,1,0,0,2.33953898882322,3.12758134212345,1.08829963952303,1,0,0,2.33953898882322,3.12758134212345,1.08829963952303,1,0,0,2.33953898882322,3.12758134212345,1.08829963952303,1,0,0,2.33953898882322,3.12758134212345,1.08829963952303,1,0,0,2.33953898882322,3.12758134212345,1.08829963952303,1,0,0,2.33953898882322,3.12758134212345,1.08829963952303,1,0,0,2.33953898882322,3.12758134212345,1.08829963952303,1,0,0,2.33953898882322,3.12758134212345,1.08829963952303,0,0,0,0.698766969144344,2.27959214244038,3.6406680662185,0,0,0,1,1,1,0,0,0,1.5,1.5,1.5,0,0,0,2,2,2,0,0,0,2.5,2.5,2.5,0,0,0,3,3,3,1,0,0,3.03830595796757,3.5,3.5,1,0,0,3.03830595796757,4,4,1,0,0,3.03830595796757,4.5,4.5,1,0,0,3.03830595796757,5,5,1,0,0,3.03830595796757,5.5,5.5,1,0,0,3.03830595796757,6,6,1,0,0,3.03830595796757,6.5,6.5,1,0,0,3.03830595796757,7,6.76824940834194,"equal","equal","larger","equal","larger","larger","equal","equal","equal","larger","larger","larger","equal","equal","larger","larger","larger","larger","equal","equal","larger","larger","larger","larger","equal","equal","larger","equal","larger","larger","equal","equal","larger","equal","larger","larger","equal","larger","larger","equal","larger","larger","equal","larger","larger","equal","larger","larger","equal","larger","larger","equal","larger","larger","equal","larger","larger","equal","larger","larger","equal","larger","larger","equal","larger","larger","equal","larger","larger","equal","larger","larger","equal","larger","larger","equal","larger","larger","equal","larger","larger","equal","larger","larger","equal","equal","equal","larger","larger","larger","equal","equal","equal","larger","larger","larger","equal","equal","equal","larger","larger","larger","equal","equal","equal","larger","larger","larger","equal","equal","equal","larger","larger","larger","equal","equal","equal","larger","larger","larger","equal","equal","equal","equal","larger","larger","equal","equal","equal","equal","larger","larger","equal","equal","equal","equal","larger","larger","equal","equal","equal","equal","larger","larger","equal","equal","equal","equal","larger","larger","equal","equal","equal","equal","larger","larger","equal","equal","equal","equal","larger","larger","equal","equal","larger","equal","larger","larger"
17,"NP","unreliable","exp1a_s17_NP_u","N","P",0,0,1,7.62091574259102,2.03928170260042,0.772746070847148,0,0,1,1,1,0.772746070847148,0,0,1,1.5,1.5,0.772746070847148,0,0,1,2,2,0.772746070847148,0,0,1,2.5,2.5,0.772746070847148,0,1,1,3,2.81202777344757,0.772746070847148,0,1,1,3.5,2.81202777344757,0.772746070847148,0,1,1,4,2.81202777344757,0.772746070847148,0,1,1,4.5,2.81202777344757,0.772746070847148,0,1,1,5,2.81202777344757,0.772746070847148,0,1,1,5.5,2.81202777344757,0.772746070847148,0,1,1,6,2.81202777344757,0.772746070847148,0,1,1,6.5,2.81202777344757,0.772746070847148,0,1,1,7,2.81202777344757,0.772746070847148,0,0,0,0.698766969144344,2.27959214244038,3.6406680662185,0,0,0,1,1,1,0,0,0,1.5,1.5,1.5,0,0,0,2,2,2,0,0,0,2.5,2.5,2.5,0,0,0,3,3,3,0,0,0,3.5,3.5,3.5,0,0,0,4,4,4,0,0,0,4.5,4.5,4.5,0,0,0,5,5,5,0,0,0,5.5,5.5,5.5,0,0,0,6,6,6,0,0,1,6.5,6.5,6.45269583966606,0,0,1,7,7,6.45269583966606,"equal","equal","larger","larger","larger","equal","equal","equal","equal","larger","larger","equal","equal","equal","larger","larger","larger","equal","equal","equal","larger","larger","larger","equal","equal","equal","larger","larger","larger","equal","equal","equal","larger","larger","equal","equal","equal","larger","larger","larger","equal","equal","equal","larger","larger","larger","equal","equal","equal","larger","larger","larger","equal","equal","equal","larger","larger","larger","equal","equal","equal","larger","larger","larger","equal","equal","equal","larger","larger","larger","equal","equal","equal","larger","larger","larger","equal","equal","equal","larger","larger","larger","equal","equal","equal","equal","equal","larger","larger","larger","equal","equal","equal","larger","larger","larger","equal","equal","equal","larger","larger","larger","equal","equal","equal","larger","larger","larger","equal","equal","equal","larger","larger","larger","equal","equal","equal","larger","larger","larger","equal","equal","equal","larger","larger","larger","equal","equal","equal","larger","larger","larger","equal","equal","equal","larger","larger","larger","equal","equal","equal","larger","larger","larger","equal","equal","equal","larger","larger","larger","equal","equal","equal","larger","larger","larger","equal","equal","equal","larger","larger","equal","equal","equal","larger","larger","larger","equal"
17,"PG","reliable","exp1a_s17_PG_r","P","G",0,0,0,7.62091574259102,2.03928170260042,1.08829963952303,0,0,0,1,1,1,0,0,0,1.5,1.5,1.08829963952303,0,0,0,2,2,1.08829963952303,0,0,0,2.5,2.5,1.08829963952303,0,0,0,3,3,1.08829963952303,0,0,0,3.5,3.12758134212345,1.08829963952303,0,0,0,4,3.12758134212345,1.08829963952303,0,0,0,4.5,3.12758134212345,1.08829963952303,0,0,0,5,3.12758134212345,1.08829963952303,0,0,0,5.5,3.12758134212345,1.08829963952303,0,0,0,6,3.12758134212345,1.08829963952303,0,0,0,6.5,3.12758134212345,1.08829963952303,0,0,0,7,3.12758134212345,1.08829963952303,0,2,2,0.698766969144344,0.501618573655175,1.89456135743839,0,1,0,1,0.501618573655175,1,0,2,0,1.5,0.501618573655175,1.5,0,2,1,2,0.501618573655175,1.89456135743839,0,2,1,2.5,0.501618573655175,1.89456135743839,0,2,2,3,0.501618573655175,1.89456135743839,0,2,2,3.5,0.501618573655175,1.89456135743839,0,2,2,4,0.501618573655175,1.89456135743839,0,3,2,4.5,0.501618573655175,1.89456135743839,0,3,2,5,0.501618573655175,1.89456135743839,0,4,2,5.5,0.501618573655175,1.89456135743839,0,4,2,6,0.501618573655175,1.89456135743839,0,4,2,6.5,0.501618573655175,1.89456135743839,0,4,2,7,0.501618573655175,1.89456135743839,"equal","equal","larger","larger","larger","larger","equal","equal","equal","larger","larger","larger","equal","equal","larger","larger","larger","larger","equal","equal","larger","larger","larger","larger","equal","equal","larger","larger","larger","larger","equal","equal","larger","larger","larger","larger","equal","larger","larger","larger","larger","larger","equal","larger","larger","larger","larger","larger","equal","larger","larger","larger","larger","larger","equal","larger","larger","larger","larger","larger","equal","larger","larger","larger","larger","larger","equal","larger","larger","larger","larger","larger","equal","larger","larger","larger","larger","larger","equal","larger","larger","larger","larger","larger","equal","equal","equal","larger","equal","equal","equal","equal","equal","larger","equal","larger","equal","equal","equal","larger","equal","larger","equal","equal","equal","larger","equal","equal","equal","equal","equal","larger","equal","equal","equal","equal","equal","larger","equal","equal","equal","equal","equal","larger","equal","equal","equal","equal","equal","larger","equal","equal","equal","equal","equal","larger","equal","equal","equal","equal","equal","larger","equal","equal","equal","equal","equal","larger","equal","equal","equal","equal","equal","larger","equal","equal","equal","equal","equal","larger","equal","equal","equal","equal","larger","larger","equal","equal"
17,"PG","unreliable","exp1a_s17_PG_u","P","G",0,0,0,7.62091574259102,2.03928170260042,1.08829963952303,0,0,0,1,1,1,0,0,0,1.5,1.5,1.08829963952303,0,0,0,2,2,1.08829963952303,0,0,0,2.5,2.5,1.08829963952303,0,0,0,3,3,1.08829963952303,0,0,0,3.5,3.12758134212345,1.08829963952303,0,0,0,4,3.12758134212345,1.08829963952303,0,0,0,4.5,3.12758134212345,1.08829963952303,0,0,0,5,3.12758134212345,1.08829963952303,0,0,0,5.5,3.12758134212345,1.08829963952303,0,0,0,6,3.12758134212345,1.08829963952303,0,0,0,6.5,3.12758134212345,1.08829963952303,0,0,0,7,3.12758134212345,1.08829963952303,0,1,2,0.698766969144344,1.42668203889322,1.89456135743839,0,0,0,1,1,1,0,1,0,1.5,1.42668203889322,1.5,0,1,1,2,1.42668203889322,1.89456135743839,0,1,1,2.5,1.42668203889322,1.89456135743839,0,1,2,3,1.42668203889322,1.89456135743839,0,1,2,3.5,1.42668203889322,1.89456135743839,0,1,2,4,1.42668203889322,1.89456135743839,0,2,2,4.5,1.42668203889322,1.89456135743839,0,2,2,5,1.42668203889322,1.89456135743839,0,3,2,5.5,1.42668203889322,1.89456135743839,0,3,2,6,1.42668203889322,1.89456135743839,0,3,2,6.5,1.42668203889322,1.89456135743839,0,3,2,7,1.42668203889322,1.89456135743839,"equal","equal","larger","larger","larger","larger","equal","equal","equal","larger","larger","larger","equal","equal","larger","larger","larger","larger","equal","equal","larger","larger","larger","larger","equal","equal","larger","larger","larger","larger","equal","equal","larger","larger","larger","larger","equal","larger","larger","larger","larger","larger","equal","larger","larger","larger","larger","larger","equal","larger","larger","larger","larger","larger","equal","larger","larger","larger","larger","larger","equal","larger","larger","larger","larger","larger","equal","larger","larger","larger","larger","larger","equal","larger","larger","larger","larger","larger","equal","larger","larger","larger","larger","larger","equal","equal","equal","larger","equal","equal","equal","equal","equal","larger","larger","larger","equal","equal","equal","larger","equal","larger","equal","equal","equal","larger","equal","equal","equal","equal","equal","larger","equal","equal","equal","equal","equal","larger","equal","equal","equal","equal","equal","larger","equal","equal","equal","equal","equal","larger","equal","equal","equal","equal","equal","larger","equal","equal","equal","equal","equal","larger","equal","equal","equal","equal","equal","larger","equal","equal","equal","equal","equal","larger","equal","equal","equal","equal","equal","larger","equal","equal","equal","equal","larger","larger","equal","equal"
17,"PN","reliable","exp1a_s17_PN_r","P","N",0,0,0,7.62091574259102,2.03928170260042,1.08829963952303,0,0,0,1,1,1,0,0,0,1.5,1.5,1.08829963952303,0,0,0,2,2,1.08829963952303,0,0,0,2.5,2.5,1.08829963952303,0,0,0,3,3,1.08829963952303,0,0,0,3.5,3.12758134212345,1.08829963952303,0,0,0,4,3.12758134212345,1.08829963952303,0,0,0,4.5,3.12758134212345,1.08829963952303,0,0,0,5,3.12758134212345,1.08829963952303,0,0,0,5.5,3.12758134212345,1.08829963952303,0,0,0,6,3.12758134212345,1.08829963952303,0,0,0,6.5,3.12758134212345,1.08829963952303,0,0,0,7,3.12758134212345,1.08829963952303,0,1,1,0.698766969144344,0.501618573655175,2.96296454231489,0,1,0,1,0.501618573655175,1,0,1,0,1.5,0.501618573655175,1.5,0,1,0,2,0.501618573655175,2,0,1,0,2.5,0.501618573655175,2.5,0,1,1,3,0.501618573655175,2.96296454231489,0,1,1,3.5,0.501618573655175,2.96296454231489,0,1,1,4,0.501618573655175,2.96296454231489,0,1,1,4.5,0.501618573655175,2.96296454231489,0,1,1,5,0.501618573655175,2.96296454231489,0,2,1,5.5,0.501618573655175,2.96296454231489,0,2,1,6,0.501618573655175,2.96296454231489,0,2,1,6.5,0.501618573655175,2.96296454231489,0,2,1,7,0.501618573655175,2.96296454231489,"equal","equal","larger","larger","larger","larger","equal","equal","equal","larger","larger","larger","equal","equal","larger","larger","larger","larger","equal","equal","larger","larger","larger","larger","equal","equal","larger","larger","larger","larger","equal","equal","larger","larger","larger","larger","equal","larger","larger","larger","larger","larger","equal","larger","larger","larger","larger","larger","equal","larger","larger","larger","larger","larger","equal","larger","larger","larger","larger","larger","equal","larger","larger","larger","larger","larger","equal","larger","larger","larger","larger","larger","equal","larger","larger","larger","larger","larger","equal","larger","larger","larger","larger","larger","equal","equal","equal","larger","equal","equal","equal","equal","equal","larger","equal","larger","equal","equal","equal","larger","equal","larger","equal","equal","equal","larger","equal","larger","equal","equal","equal","larger","equal","larger","equal","equal","equal","larger","equal","equal","equal","equal","equal","larger","equal","equal","equal","equal","equal","larger","equal","equal","equal","equal","equal","larger","equal","equal","equal","equal","equal","larger","equal","equal","equal","equal","equal","larger","equal","equal","equal","equal","equal","larger","equal","equal","equal","equal","equal","larger","equal","equal","equal","equal","larger","larger","equal","equal"
17,"PN","unreliable","exp1a_s17_PN_u","P","N",0,0,0,7.62091574259102,2.03928170260042,1.08829963952303,0,0,0,1,1,1,0,0,0,1.5,1.5,1.08829963952303,0,0,0,2,2,1.08829963952303,0,0,0,2.5,2.5,1.08829963952303,0,0,0,3,3,1.08829963952303,0,0,0,3.5,3.12758134212345,1.08829963952303,0,0,0,4,3.12758134212345,1.08829963952303,0,0,0,4.5,3.12758134212345,1.08829963952303,0,0,0,5,3.12758134212345,1.08829963952303,0,0,0,5.5,3.12758134212345,1.08829963952303,0,0,0,6,3.12758134212345,1.08829963952303,0,0,0,6.5,3.12758134212345,1.08829963952303,0,0,0,7,3.12758134212345,1.08829963952303,0,0,1,0.698766969144344,2.27959214244038,2.74020095768662,0,0,0,1,1,1,0,0,0,1.5,1.5,1.5,0,0,0,2,2,2,0,0,0,2.5,2.5,2.5,0,0,1,3,3,2.74020095768662,0,0,1,3.5,3.5,2.74020095768662,0,0,1,4,4,2.74020095768662,0,0,1,4.5,4.5,2.74020095768662,0,0,1,5,5,2.74020095768662,0,1,1,5.5,5.019793100127,2.74020095768662,0,1,1,6,5.019793100127,2.74020095768662,0,1,1,6.5,5.019793100127,2.74020095768662,0,1,1,7,5.019793100127,2.74020095768662,"equal","equal","larger","larger","larger","larger","equal","equal","equal","larger","larger","larger","equal","equal","larger","larger","larger","larger","equal","equal","larger","larger","larger","larger","equal","equal","larger","larger","larger","larger","equal","equal","larger","larger","larger","larger","equal","larger","larger","larger","larger","larger","equal","larger","larger","larger","larger","larger","equal","larger","larger","larger","larger","larger","equal","larger","larger","larger","larger","larger","equal","larger","larger","larger","larger","larger","equal","larger","larger","larger","larger","larger","equal","larger","larger","larger","larger","larger","equal","larger","larger","larger","larger","larger","equal","equal","equal","larger","larger","equal","equal","equal","equal","larger","larger","larger","equal","equal","equal","larger","larger","larger","equal","equal","equal","larger","larger","larger","equal","equal","equal","larger","larger","larger","equal","equal","equal","larger","larger","equal","equal","equal","equal","larger","larger","equal","equal","equal","equal","larger","larger","equal","equal","equal","equal","larger","larger","equal","equal","equal","equal","larger","larger","equal","equal","equal","equal","larger","equal","equal","equal","equal","equal","larger","equal","equal","equal","equal","equal","larger","equal","equal","equal","equal","larger","larger","equal","equal"
17,"PP","reliable","exp1a_s17_PP_r","P","P",0,0,0,7.62091574259102,2.03928170260042,1.08829963952303,0,0,0,1,1,1,0,0,0,1.5,1.5,1.08829963952303,0,0,0,2,2,1.08829963952303,0,0,0,2.5,2.5,1.08829963952303,0,0,0,3,3,1.08829963952303,0,0,0,3.5,3.12758134212345,1.08829963952303,0,0,0,4,3.12758134212345,1.08829963952303,0,0,0,4.5,3.12758134212345,1.08829963952303,0,0,0,5,3.12758134212345,1.08829963952303,0,0,0,5.5,3.12758134212345,1.08829963952303,0,0,0,6,3.12758134212345,1.08829963952303,0,0,0,6.5,3.12758134212345,1.08829963952303,0,0,0,7,3.12758134212345,1.08829963952303,0,0,0,0.698766969144344,2.27959214244038,3.6406680662185,0,0,0,1,1,1,0,0,0,1.5,1.5,1.5,0,0,0,2,2,2,0,0,0,2.5,2.5,2.5,0,0,0,3,3,3,0,0,0,3.5,3.5,3.5,0,0,0,4,4,4,0,0,0,4.5,4.5,4.5,0,0,0,5,5,5,0,0,0,5.5,5.5,5.5,0,0,0,6,6,6,0,0,0,6.5,6.5,6.5,0,0,0,7,7,6.76824940834194,"equal","equal","larger","larger","larger","larger","equal","equal","equal","larger","larger","larger","equal","equal","larger","larger","larger","larger","equal","equal","larger","larger","larger","larger","equal","equal","larger","larger","larger","larger","equal","equal","larger","larger","larger","larger","equal","larger","larger","larger","larger","larger","equal","larger","larger","larger","larger","larger","equal","larger","larger","larger","larger","larger","equal","larger","larger","larger","larger","larger","equal","larger","larger","larger","larger","larger","equal","larger","larger","larger","larger","larger","equal","larger","larger","larger","larger","larger","equal","larger","larger","larger","larger","larger","equal","equal","equal","larger","larger","larger","equal","equal","equal","larger","larger","larger","equal","equal","equal","larger","larger","larger","equal","equal","equal","larger","larger","larger","equal","equal","equal","larger","larger","larger","equal","equal","equal","larger","larger","larger","equal","equal","equal","larger","larger","larger","equal","equal","equal","larger","larger","larger","equal","equal","equal","larger","larger","larger","equal","equal","equal","larger","larger","larger","equal","equal","equal","larger","larger","larger","equal","equal","equal","larger","larger","larger","equal","equal","equal","larger","larger","larger","equal","equal","larger","larger","larger","larger"
17,"PP","unreliable","exp1a_s17_PP_u","P","P",0,0,0,7.62091574259102,2.03928170260042,1.08829963952303,0,0,0,1,1,1,0,0,0,1.5,1.5,1.08829963952303,0,0,0,2,2,1.08829963952303,0,0,0,2.5,2.5,1.08829963952303,0,0,0,3,3,1.08829963952303,0,0,0,3.5,3.12758134212345,1.08829963952303,0,0,0,4,3.12758134212345,1.08829963952303,0,0,0,4.5,3.12758134212345,1.08829963952303,0,0,0,5,3.12758134212345,1.08829963952303,0,0,0,5.5,3.12758134212345,1.08829963952303,0,0,0,6,3.12758134212345,1.08829963952303,0,0,0,6.5,3.12758134212345,1.08829963952303,0,0,0,7,3.12758134212345,1.08829963952303,0,0,0,0.698766969144344,2.27959214244038,3.6406680662185,0,0,0,1,1,1,0,0,0,1.5,1.5,1.5,0,0,0,2,2,2,0,0,0,2.5,2.5,2.5,0,0,0,3,3,3,0,0,0,3.5,3.5,3.5,0,0,0,4,4,4,0,0,0,4.5,4.5,4.5,0,0,0,5,5,5,0,0,0,5.5,5.5,5.5,0,0,0,6,6,6,0,0,0,6.5,6.5,6.5,0,0,0,7,7,6.76824940834194,"equal","equal","larger","larger","larger","larger","equal","equal","equal","larger","larger","larger","equal","equal","larger","larger","larger","larger","equal","equal","larger","larger","larger","larger","equal","equal","larger","larger","larger","larger","equal","equal","larger","larger","larger","larger","equal","larger","larger","larger","larger","larger","equal","larger","larger","larger","larger","larger","equal","larger","larger","larger","larger","larger","equal","larger","larger","larger","larger","larger","equal","larger","larger","larger","larger","larger","equal","larger","larger","larger","larger","larger","equal","larger","larger","larger","larger","larger","equal","larger","larger","larger","larger","larger","equal","equal","equal","larger","larger","larger","equal","equal","equal","larger","larger","larger","equal","equal","equal","larger","larger","larger","equal","equal","equal","larger","larger","larger","equal","equal","equal","larger","larger","larger","equal","equal","equal","larger","larger","larger","equal","equal","equal","larger","larger","larger","equal","equal","equal","larger","larger","larger","equal","equal","equal","larger","larger","larger","equal","equal","equal","larger","larger","larger","equal","equal","equal","larger","larger","larger","equal","equal","equal","larger","larger","larger","equal","equal","equal","larger","larger","larger","equal","equal","larger","larger","larger","larger"
18,"GG","reliable","exp1a_s18_GG_r","G","G",1,1,2,2.30371823670034,0.897492245362336,1.97484463731301,0,1,0,1,0.897492245362336,1,0,1,0,1.5,0.897492245362336,1.5,0,1,1,2,0.897492245362336,1.97484463731301,1,1,1,2.30371823670034,0.897492245362336,1.97484463731301,1,2,1,2.30371823670034,0.897492245362336,1.97484463731301,1,2,2,2.30371823670034,0.897492245362336,1.97484463731301,2,2,2,2.30371823670034,0.897492245362336,1.97484463731301,3,3,2,2.30371823670034,0.897492245362336,1.97484463731301,3,3,2,2.30371823670034,0.897492245362336,1.97484463731301,3,3,2,2.30371823670034,0.897492245362336,1.97484463731301,3,3,2,2.30371823670034,0.897492245362336,1.97484463731301,3,3,2,2.30371823670034,0.897492245362336,1.97484463731301,3,4,2,2.30371823670034,0.897492245362336,1.97484463731301,2,2,2,1.33092683155879,0.582403343972263,0.974494306820993,0,1,1,1,0.582403343972263,0.974494306820993,1,2,1,1.33092683155879,0.582403343972263,0.974494306820993,1,2,1,1.33092683155879,0.582403343972263,0.974494306820993,1,2,2,1.33092683155879,0.582403343972263,0.974494306820993,1,2,2,1.33092683155879,0.582403343972263,0.974494306820993,1,2,2,1.33092683155879,0.582403343972263,0.974494306820993,2,2,2,1.33092683155879,0.582403343972263,0.974494306820993,2,3,2,1.33092683155879,0.582403343972263,0.974494306820993,2,3,3,1.33092683155879,0.582403343972263,0.974494306820993,2,3,3,1.33092683155879,0.582403343972263,0.974494306820993,2,3,3,1.33092683155879,0.582403343972263,0.974494306820993,2,4,4,1.33092683155879,0.582403343972263,0.974494306820993,3,4,4,1.33092683155879,0.582403343972263,0.974494306820993,"equal","equal","larger","equal","equal","equal","equal","equal","equal","larger","equal","larger","equal","equal","equal","larger","equal","larger","equal","equal","equal","larger","equal","equal","equal","equal","equal","equal","equal","equal","equal","equal","equal","equal","equal","equal","equal","equal","larger","equal","equal","equal","equal","equal","larger","equal","equal","equal","equal","equal","larger","equal","equal","equal","equal","equal","larger","equal","equal","equal","equal","equal","larger","equal","equal","equal","equal","equal","larger","equal","equal","equal","equal","equal","larger","equal","equal","equal","equal","equal","larger","equal","equal","equal","equal","equal","equal","equal","equal","equal","equal","equal","equal","larger","equal","equal","equal","equal","equal","equal","equal","equal","equal","equal","equal","equal","equal","equal","equal","equal","equal","equal","equal","equal","equal","equal","equal","equal","equal","equal","equal","equal","equal","equal","equal","equal","equal","equal","equal","equal","equal","equal","equal","equal","equal","equal","equal","equal","equal","equal","equal","equal","equal","equal","equal","equal","equal","equal","equal","equal","equal","equal","equal","equal","equal","equal","equal","equal","larger","equal","equal","equal","equal","equal","larger","equal","equal","equal"
18,"GG","unreliable","exp1a_s18_GG_u","G","G",2,1,1,1.51724801491074,0.897492245362336,1.97484463731301,0,1,0,1,0.897492245362336,1,0,1,0,1.5,0.897492245362336,1.5,1,1,1,1.51724801491074,0.897492245362336,1.97484463731301,2,1,1,1.51724801491074,0.897492245362336,1.97484463731301,2,1,1,1.51724801491074,0.897492245362336,1.97484463731301,2,1,1,1.51724801491074,0.897492245362336,1.97484463731301,2,1,1,1.51724801491074,0.897492245362336,1.97484463731301,3,2,1,1.51724801491074,0.897492245362336,1.97484463731301,3,2,1,1.51724801491074,0.897492245362336,1.97484463731301,3,2,1,1.51724801491074,0.897492245362336,1.97484463731301,3,2,1,1.51724801491074,0.897492245362336,1.97484463731301,3,2,1,1.51724801491074,0.897492245362336,1.97484463731301,3,3,1,1.51724801491074,0.897492245362336,1.97484463731301,2,1,1,1.33092683155879,1.34954466460167,2.39984676065329,0,0,0,1,1,1,1,1,0,1.33092683155879,1.34954466460167,1.5,1,1,0,1.33092683155879,1.34954466460167,2,1,1,1,1.33092683155879,1.34954466460167,2.39984676065329,2,1,1,1.33092683155879,1.34954466460167,2.39984676065329,2,1,1,1.33092683155879,1.34954466460167,2.39984676065329,2,1,1,1.33092683155879,1.34954466460167,2.39984676065329,2,2,1,1.33092683155879,1.34954466460167,2.39984676065329,2,2,2,1.33092683155879,1.34954466460167,2.39984676065329,2,2,2,1.33092683155879,1.34954466460167,2.39984676065329,2,2,2,1.33092683155879,1.34954466460167,2.39984676065329,3,2,2,1.33092683155879,1.34954466460167,2.39984676065329,4,2,2,1.33092683155879,1.34954466460167,2.39984676065329,"equal","equal","larger","equal","equal","equal","equal","equal","equal","larger","equal","larger","equal","equal","equal","larger","equal","larger","equal","equal","equal","equal","equal","equal","equal","equal","equal","equal","equal","equal","equal","equal","equal","equal","equal","equal","equal","equal","larger","equal","equal","equal","equal","equal","larger","equal","equal","equal","equal","equal","larger","equal","equal","equal","equal","equal","larger","equal","equal","equal","equal","equal","larger","equal","equal","equal","equal","equal","larger","equal","equal","equal","equal","equal","larger","equal","equal","equal","equal","equal","larger","equal","equal","equal","equal","equal","equal","equal","equal","equal","equal","equal","equal","larger","larger","larger","equal","equal","equal","equal","equal","larger","equal","equal","equal","equal","equal","larger","equal","equal","equal","equal","equal","equal","equal","equal","equal","equal","equal","equal","equal","equal","equal","equal","equal","equal","equal","equal","equal","equal","equal","equal","equal","equal","equal","equal","equal","equal","equal","equal","equal","equal","equal","equal","equal","equal","equal","equal","equal","equal","equal","equal","equal","equal","equal","equal","equal","equal","larger","equal","equal","equal","equal","equal","larger","equal","equal","equal"
18,"GN","reliable","exp1a_s18_GN_r","G","N",1,1,2,2.30371823670034,0.897492245362336,1.97484463731301,0,1,0,1,0.897492245362336,1,0,1,0,1.5,0.897492245362336,1.5,0,1,1,2,0.897492245362336,1.97484463731301,1,1,1,2.30371823670034,0.897492245362336,1.97484463731301,1,2,1,2.30371823670034,0.897492245362336,1.97484463731301,1,2,2,2.30371823670034,0.897492245362336,1.97484463731301,2,2,2,2.30371823670034,0.897492245362336,1.97484463731301,2,2,2,2.30371823670034,0.897492245362336,1.97484463731301,2,2,2,2.30371823670034,0.897492245362336,1.97484463731301,2,2,2,2.30371823670034,0.897492245362336,1.97484463731301,2,2,2,2.30371823670034,0.897492245362336,1.97484463731301,2,2,2,2.30371823670034,0.897492245362336,1.97484463731301,2,3,2,2.30371823670034,0.897492245362336,1.97484463731301,1,1,1,3.74723070603143,0.582403343972263,0.974494306820993,0,1,1,1,0.582403343972263,0.974494306820993,0,1,1,1.5,0.582403343972263,0.974494306820993,0,1,1,2,0.582403343972263,0.974494306820993,0,1,1,2.5,0.582403343972263,0.974494306820993,0,1,1,3,0.582403343972263,0.974494306820993,0,1,1,3.5,0.582403343972263,0.974494306820993,1,1,1,3.74723070603143,0.582403343972263,0.974494306820993,1,2,1,3.74723070603143,0.582403343972263,0.974494306820993,1,2,2,3.74723070603143,0.582403343972263,0.974494306820993,1,2,2,3.74723070603143,0.582403343972263,0.974494306820993,1,2,2,3.74723070603143,0.582403343972263,0.974494306820993,1,3,3,3.74723070603143,0.582403343972263,0.974494306820993,2,3,3,3.74723070603143,0.582403343972263,0.974494306820993,"equal","equal","larger","equal","equal","equal","equal","equal","equal","larger","equal","larger","equal","equal","equal","larger","equal","larger","equal","equal","equal","larger","equal","equal","equal","equal","equal","equal","equal","equal","equal","equal","equal","equal","equal","equal","equal","equal","larger","equal","equal","equal","equal","equal","larger","equal","equal","equal","equal","equal","larger","equal","equal","equal","equal","equal","larger","equal","equal","equal","equal","equal","larger","equal","equal","equal","equal","equal","larger","equal","equal","equal","equal","equal","larger","equal","equal","equal","equal","equal","larger","equal","equal","equal","equal","equal","equal","equal","equal","equal","equal","equal","equal","larger","equal","equal","equal","equal","equal","larger","equal","equal","equal","equal","equal","larger","equal","equal","equal","equal","equal","larger","equal","equal","equal","equal","equal","larger","equal","equal","equal","equal","equal","larger","equal","equal","equal","equal","equal","equal","equal","equal","equal","equal","equal","equal","equal","equal","equal","equal","equal","equal","equal","equal","equal","equal","equal","equal","equal","equal","equal","equal","equal","equal","equal","equal","equal","equal","larger","equal","equal","equal","equal","equal","larger","equal","equal","equal"
18,"GN","unreliable","exp1a_s18_GN_u","G","N",2,1,1,1.51724801491074,0.897492245362336,1.97484463731301,0,1,0,1,0.897492245362336,1,0,1,0,1.5,0.897492245362336,1.5,1,1,1,1.51724801491074,0.897492245362336,1.97484463731301,2,1,1,1.51724801491074,0.897492245362336,1.97484463731301,2,1,1,1.51724801491074,0.897492245362336,1.97484463731301,2,1,1,1.51724801491074,0.897492245362336,1.97484463731301,2,1,1,1.51724801491074,0.897492245362336,1.97484463731301,2,1,1,1.51724801491074,0.897492245362336,1.97484463731301,2,1,1,1.51724801491074,0.897492245362336,1.97484463731301,2,1,1,1.51724801491074,0.897492245362336,1.97484463731301,2,1,1,1.51724801491074,0.897492245362336,1.97484463731301,2,1,1,1.51724801491074,0.897492245362336,1.97484463731301,2,2,1,1.51724801491074,0.897492245362336,1.97484463731301,1,0,0,2.60453918860967,3.34263307740912,3.01044728397392,0,0,0,1,1,1,0,0,0,1.5,1.5,1.5,0,0,0,2,2,2,0,0,0,2.5,2.5,2.5,1,0,0,2.60453918860967,3,3,1,0,0,2.60453918860967,3.5,3.5,1,0,0,2.60453918860967,4,4,1,1,0,2.60453918860967,4.24012532277145,4.5,1,1,1,2.60453918860967,4.24012532277145,4.98529192128693,1,1,1,2.60453918860967,4.24012532277145,4.98529192128693,1,1,1,2.60453918860967,4.24012532277145,4.98529192128693,2,1,1,2.60453918860967,4.24012532277145,4.98529192128693,3,1,1,2.60453918860967,4.24012532277145,4.98529192128693,"equal","equal","larger","equal","equal","equal","equal","equal","equal","larger","equal","larger","equal","equal","equal","larger","equal","larger","equal","equal","equal","equal","equal","equal","equal","equal","equal","equal","equal","equal","equal","equal","equal","equal","equal","equal","equal","equal","larger","equal","equal","equal","equal","equal","larger","equal","equal","equal","equal","equal","larger","equal","equal","equal","equal","equal","larger","equal","equal","equal","equal","equal","larger","equal","equal","equal","equal","equal","larger","equal","equal","equal","equal","equal","larger","equal","equal","equal","equal","equal","larger","equal","equal","equal","equal","equal","equal","equal","larger","larger","equal","equal","equal","larger","larger","larger","equal","equal","equal","larger","larger","larger","equal","equal","equal","larger","larger","larger","equal","equal","equal","larger","larger","larger","equal","equal","equal","equal","larger","larger","equal","equal","equal","equal","larger","larger","equal","equal","equal","equal","larger","larger","equal","equal","equal","equal","equal","larger","equal","equal","equal","equal","equal","equal","equal","equal","equal","equal","equal","equal","equal","equal","equal","equal","equal","equal","equal","equal","larger","equal","equal","equal","equal","equal","larger","equal","equal","equal"
18,"GP","reliable","exp1a_s18_GP_r","G","P",1,1,2,2.30371823670034,0.897492245362336,1.97484463731301,0,1,0,1,0.897492245362336,1,0,1,0,1.5,0.897492245362336,1.5,0,1,1,2,0.897492245362336,1.97484463731301,1,1,1,2.30371823670034,0.897492245362336,1.97484463731301,1,1,1,2.30371823670034,0.897492245362336,1.97484463731301,1,1,2,2.30371823670034,0.897492245362336,1.97484463731301,1,1,2,2.30371823670034,0.897492245362336,1.97484463731301,1,1,2,2.30371823670034,0.897492245362336,1.97484463731301,1,1,2,2.30371823670034,0.897492245362336,1.97484463731301,1,1,2,2.30371823670034,0.897492245362336,1.97484463731301,1,1,2,2.30371823670034,0.897492245362336,1.97484463731301,1,1,2,2.30371823670034,0.897492245362336,1.97484463731301,1,2,2,2.30371823670034,0.897492245362336,1.97484463731301,1,0,0,3.74723070603143,3.34263307740912,3.01044728397392,0,0,0,1,1,1,0,0,0,1.5,1.5,1.5,0,0,0,2,2,2,0,0,0,2.5,2.5,2.5,0,0,0,3,3,3,0,0,0,3.5,3.5,3.5,1,0,0,3.74723070603143,4,4,1,1,0,3.74723070603143,4.24012532277145,4.5,1,1,1,3.74723070603143,4.24012532277145,4.98529192128693,1,1,1,3.74723070603143,4.24012532277145,4.98529192128693,1,1,1,3.74723070603143,4.24012532277145,4.98529192128693,1,1,2,3.74723070603143,4.24012532277145,4.98529192128693,2,1,2,3.74723070603143,4.24012532277145,4.98529192128693,"equal","equal","larger","equal","equal","equal","equal","equal","equal","larger","equal","larger","equal","equal","equal","larger","equal","larger","equal","equal","equal","larger","equal","equal","equal","equal","equal","equal","equal","equal","equal","equal","equal","equal","equal","equal","equal","equal","larger","equal","equal","equal","equal","equal","larger","equal","equal","equal","equal","equal","larger","equal","equal","equal","equal","equal","larger","equal","equal","equal","equal","equal","larger","equal","equal","equal","equal","equal","larger","equal","equal","equal","equal","equal","larger","equal","equal","equal","equal","equal","larger","equal","equal","equal","equal","equal","equal","equal","larger","larger","equal","equal","equal","larger","larger","larger","equal","equal","equal","larger","larger","larger","equal","equal","equal","larger","larger","larger","equal","equal","equal","larger","larger","larger","equal","equal","equal","larger","larger","larger","equal","equal","equal","larger","larger","larger","equal","equal","equal","equal","larger","larger","equal","equal","equal","equal","equal","larger","equal","equal","equal","equal","equal","equal","equal","equal","equal","equal","equal","equal","equal","equal","equal","equal","equal","equal","equal","equal","larger","equal","equal","equal","equal","equal","larger","equal","equal","equal"
18,"GP","unreliable","exp1a_s18_GP_u","G","P",2,1,1,1.51724801491074,0.897492245362336,1.97484463731301,0,1,0,1,0.897492245362336,1,0,1,0,1.5,0.897492245362336,1.5,1,1,1,1.51724801491074,0.897492245362336,1.97484463731301,2,1,1,1.51724801491074,0.897492245362336,1.97484463731301,2,1,1,1.51724801491074,0.897492245362336,1.97484463731301,2,1,1,1.51724801491074,0.897492245362336,1.97484463731301,2,1,1,1.51724801491074,0.897492245362336,1.97484463731301,2,1,1,1.51724801491074,0.897492245362336,1.97484463731301,2,1,1,1.51724801491074,0.897492245362336,1.97484463731301,2,1,1,1.51724801491074,0.897492245362336,1.97484463731301,2,1,1,1.51724801491074,0.897492245362336,1.97484463731301,2,1,1,1.51724801491074,0.897492245362336,1.97484463731301,2,2,1,1.51724801491074,0.897492245362336,1.97484463731301,0,0,0,4.51650340436026,3.34263307740912,3.01044728397392,0,0,0,1,1,1,0,0,0,1.5,1.5,1.5,0,0,0,2,2,2,0,0,0,2.5,2.5,2.5,0,0,0,3,3,3,0,0,0,3.5,3.5,3.5,0,0,0,4,4,4,0,1,0,4.5,4.24012532277145,4.5,0,1,1,5,4.24012532277145,4.98529192128693,0,1,1,5.5,4.24012532277145,4.98529192128693,0,1,1,6,4.24012532277145,4.98529192128693,1,1,1,6.033751419271,4.24012532277145,4.98529192128693,2,1,1,6.033751419271,4.24012532277145,4.98529192128693,"equal","equal","larger","equal","equal","equal","equal","equal","equal","larger","equal","larger","equal","equal","equal","larger","equal","larger","equal","equal","equal","equal","equal","equal","equal","equal","equal","equal","equal","equal","equal","equal","equal","equal","equal","equal","equal","equal","larger","equal","equal","equal","equal","equal","larger","equal","equal","equal","equal","equal","larger","equal","equal","equal","equal","equal","larger","equal","equal","equal","equal","equal","larger","equal","equal","equal","equal","equal","larger","equal","equal","equal","equal","equal","larger","equal","equal","equal","equal","equal","larger","equal","equal","equal","equal","equal","equal","larger","larger","larger","equal","equal","equal","larger","larger","larger","equal","equal","equal","larger","larger","larger","equal","equal","equal","larger","larger","larger","equal","equal","equal","larger","larger","larger","equal","equal","equal","larger","larger","larger","equal","equal","equal","larger","larger","larger","equal","equal","equal","larger","larger","larger","equal","equal","equal","larger","equal","larger","equal","equal","equal","larger","equal","equal","equal","equal","equal","larger","equal","equal","equal","equal","equal","larger","equal","equal","equal","equal","larger","equal","equal","equal","equal","equal","larger","equal","equal","equal"
18,"NG","reliable","exp1a_s18_NG_r","N","G",0,0,1,2.96047251950949,1.68570029409602,3.00165975770707,0,0,0,1,1,1,0,0,0,1.5,1.5,1.5,0,0,0,2,2,2,0,0,0,2.5,2.5,2.5,0,1,0,3,2.66019460091702,3,0,1,1,3.5,2.66019460091702,3.00165975770707,1,1,1,3.54287586348176,2.66019460091702,3.00165975770707,2,2,1,3.54287586348176,2.66019460091702,3.00165975770707,2,2,1,3.54287586348176,2.66019460091702,3.00165975770707,2,2,1,3.54287586348176,2.66019460091702,3.00165975770707,2,2,1,3.54287586348176,2.66019460091702,3.00165975770707,2,2,1,3.54287586348176,2.66019460091702,3.00165975770707,2,2,1,3.54287586348176,2.66019460091702,3.00165975770707,2,2,2,1.33092683155879,0.582403343972263,0.974494306820993,0,1,1,1,0.582403343972263,0.974494306820993,1,2,1,1.33092683155879,0.582403343972263,0.974494306820993,1,2,1,1.33092683155879,0.582403343972263,0.974494306820993,1,2,2,1.33092683155879,0.582403343972263,0.974494306820993,1,2,2,1.33092683155879,0.582403343972263,0.974494306820993,1,2,2,1.33092683155879,0.582403343972263,0.974494306820993,2,2,2,1.33092683155879,0.582403343972263,0.974494306820993,2,2,2,1.33092683155879,0.582403343972263,0.974494306820993,2,2,2,1.33092683155879,0.582403343972263,0.974494306820993,2,2,2,1.33092683155879,0.582403343972263,0.974494306820993,2,2,2,1.33092683155879,0.582403343972263,0.974494306820993,2,3,3,1.33092683155879,0.582403343972263,0.974494306820993,2,3,3,1.33092683155879,0.582403343972263,0.974494306820993,"equal","equal","larger","larger","larger","equal","equal","equal","equal","larger","larger","larger","equal","equal","equal","larger","larger","larger","equal","equal","equal","larger","larger","larger","equal","equal","equal","larger","larger","larger","equal","equal","equal","larger","equal","larger","equal","equal","larger","larger","equal","equal","equal","equal","larger","equal","equal","equal","equal","equal","larger","equal","equal","equal","equal","equal","larger","equal","equal","equal","equal","equal","larger","equal","equal","equal","equal","equal","larger","equal","equal","equal","equal","equal","larger","equal","equal","equal","equal","equal","larger","equal","equal","equal","equal","equal","equal","equal","equal","equal","equal","equal","equal","larger","equal","equal","equal","equal","equal","equal","equal","equal","equal","equal","equal","equal","equal","equal","equal","equal","equal","equal","equal","equal","equal","equal","equal","equal","equal","equal","equal","equal","equal","equal","equal","equal","equal","equal","equal","equal","equal","equal","equal","equal","equal","equal","equal","equal","equal","equal","equal","equal","equal","equal","equal","equal","equal","equal","equal","equal","equal","equal","equal","equal","equal","equal","equal","equal","larger","equal","equal","equal","equal","equal","larger","equal","equal","equal"
18,"NG","unreliable","exp1a_s18_NG_u","N","G",1,0,0,1.51724801491074,1.68570029409602,3.0603128222283,0,0,0,1,1,1,0,0,0,1.5,1.5,1.5,1,0,0,1.51724801491074,2,2,1,0,0,1.51724801491074,2.5,2.5,1,0,0,1.51724801491074,3,3,1,0,0,1.51724801491074,3.5,3.0603128222283,1,0,0,1.51724801491074,4,3.0603128222283,2,1,0,1.51724801491074,4.08554705474931,3.0603128222283,2,1,0,1.51724801491074,4.08554705474931,3.0603128222283,2,1,0,1.51724801491074,4.08554705474931,3.0603128222283,2,1,0,1.51724801491074,4.08554705474931,3.0603128222283,2,1,0,1.51724801491074,4.08554705474931,3.0603128222283,2,1,0,1.51724801491074,4.08554705474931,3.0603128222283,2,1,1,1.33092683155879,1.34954466460167,2.39984676065329,0,0,0,1,1,1,1,1,0,1.33092683155879,1.34954466460167,1.5,1,1,0,1.33092683155879,1.34954466460167,2,1,1,1,1.33092683155879,1.34954466460167,2.39984676065329,2,1,1,1.33092683155879,1.34954466460167,2.39984676065329,2,1,1,1.33092683155879,1.34954466460167,2.39984676065329,2,1,1,1.33092683155879,1.34954466460167,2.39984676065329,2,1,1,1.33092683155879,1.34954466460167,2.39984676065329,2,1,1,1.33092683155879,1.34954466460167,2.39984676065329,2,1,1,1.33092683155879,1.34954466460167,2.39984676065329,2,1,1,1.33092683155879,1.34954466460167,2.39984676065329,3,1,1,1.33092683155879,1.34954466460167,2.39984676065329,3,1,1,1.33092683155879,1.34954466460167,2.39984676065329,"equal","equal","larger","equal","larger","larger","equal","equal","equal","larger","larger","larger","equal","equal","equal","larger","larger","larger","equal","equal","equal","equal","larger","larger","equal","equal","equal","equal","larger","larger","equal","equal","equal","equal","larger","larger","equal","equal","larger","equal","larger","larger","equal","equal","larger","equal","larger","larger","equal","equal","larger","equal","equal","larger","equal","equal","larger","equal","equal","larger","equal","equal","larger","equal","equal","larger","equal","equal","larger","equal","equal","larger","equal","equal","larger","equal","equal","larger","equal","equal","larger","equal","equal","larger","equal","equal","equal","equal","equal","equal","equal","equal","equal","larger","larger","larger","equal","equal","equal","equal","equal","larger","equal","equal","equal","equal","equal","larger","equal","equal","equal","equal","equal","equal","equal","equal","equal","equal","equal","equal","equal","equal","equal","equal","equal","equal","equal","equal","equal","equal","equal","equal","equal","equal","equal","equal","equal","equal","equal","equal","equal","equal","equal","equal","equal","equal","equal","equal","equal","equal","equal","equal","equal","equal","equal","equal","equal","equal","larger","equal","equal","equal","equal","equal","larger","equal","equal","equal"
18,"NN","reliable","exp1a_s18_NN_r","N","N",0,0,1,2.96047251950949,1.68570029409602,3.00165975770707,0,0,0,1,1,1,0,0,0,1.5,1.5,1.5,0,0,0,2,2,2,0,0,0,2.5,2.5,2.5,0,1,0,3,2.66019460091702,3,0,1,1,3.5,2.66019460091702,3.00165975770707,1,1,1,3.54287586348176,2.66019460091702,3.00165975770707,1,1,1,3.54287586348176,2.66019460091702,3.00165975770707,1,1,1,3.54287586348176,2.66019460091702,3.00165975770707,1,1,1,3.54287586348176,2.66019460091702,3.00165975770707,1,1,1,3.54287586348176,2.66019460091702,3.00165975770707,1,1,1,3.54287586348176,2.66019460091702,3.00165975770707,1,1,1,3.54287586348176,2.66019460091702,3.00165975770707,1,1,1,3.74723070603143,0.582403343972263,0.974494306820993,0,1,1,1,0.582403343972263,0.974494306820993,0,1,1,1.5,0.582403343972263,0.974494306820993,0,1,1,2,0.582403343972263,0.974494306820993,0,1,1,2.5,0.582403343972263,0.974494306820993,0,1,1,3,0.582403343972263,0.974494306820993,0,1,1,3.5,0.582403343972263,0.974494306820993,1,1,1,3.74723070603143,0.582403343972263,0.974494306820993,1,1,1,3.74723070603143,0.582403343972263,0.974494306820993,1,1,1,3.74723070603143,0.582403343972263,0.974494306820993,1,1,1,3.74723070603143,0.582403343972263,0.974494306820993,1,1,1,3.74723070603143,0.582403343972263,0.974494306820993,1,2,2,3.74723070603143,0.582403343972263,0.974494306820993,1,2,2,3.74723070603143,0.582403343972263,0.974494306820993,"equal","equal","larger","larger","larger","equal","equal","equal","equal","larger","larger","larger","equal","equal","equal","larger","larger","larger","equal","equal","equal","larger","larger","larger","equal","equal","equal","larger","larger","larger","equal","equal","equal","larger","equal","larger","equal","equal","larger","larger","equal","equal","equal","equal","larger","equal","equal","equal","equal","equal","larger","equal","equal","equal","equal","equal","larger","equal","equal","equal","equal","equal","larger","equal","equal","equal","equal","equal","larger","equal","equal","equal","equal","equal","larger","equal","equal","equal","equal","equal","larger","equal","equal","equal","equal","equal","equal","equal","equal","equal","equal","equal","equal","larger","equal","equal","equal","equal","equal","larger","equal","equal","equal","equal","equal","larger","equal","equal","equal","equal","equal","larger","equal","equal","equal","equal","equal","larger","equal","equal","equal","equal","equal","larger","equal","equal","equal","equal","equal","equal","equal","equal","equal","equal","equal","equal","equal","equal","equal","equal","equal","equal","equal","equal","equal","equal","equal","equal","equal","equal","equal","equal","equal","equal","equal","equal","equal","equal","larger","equal","equal","equal","equal","equal","larger","equal","equal","equal"
18,"NN","unreliable","exp1a_s18_NN_u","N","N",1,0,0,1.51724801491074,1.68570029409602,3.0603128222283,0,0,0,1,1,1,0,0,0,1.5,1.5,1.5,1,0,0,1.51724801491074,2,2,1,0,0,1.51724801491074,2.5,2.5,1,0,0,1.51724801491074,3,3,1,0,0,1.51724801491074,3.5,3.0603128222283,1,0,0,1.51724801491074,4,3.0603128222283,1,0,0,1.51724801491074,4.5,3.0603128222283,1,0,0,1.51724801491074,5,3.0603128222283,1,0,0,1.51724801491074,5.5,3.0603128222283,1,0,0,1.51724801491074,6,3.0603128222283,1,0,0,1.51724801491074,6.5,3.0603128222283,1,0,0,1.51724801491074,7,3.0603128222283,1,0,0,2.60453918860967,3.34263307740912,3.01044728397392,0,0,0,1,1,1,0,0,0,1.5,1.5,1.5,0,0,0,2,2,2,0,0,0,2.5,2.5,2.5,1,0,0,2.60453918860967,3,3,1,0,0,2.60453918860967,3.5,3.5,1,0,0,2.60453918860967,4,4,1,0,0,2.60453918860967,4.5,4.5,1,0,0,2.60453918860967,5,5,1,0,0,2.60453918860967,5.5,5.5,1,0,0,2.60453918860967,6,6,2,0,0,2.60453918860967,6.5,6.07076010620221,2,0,0,2.60453918860967,7,6.07076010620221,"equal","equal","larger","equal","larger","larger","equal","equal","equal","larger","larger","larger","equal","equal","equal","larger","larger","larger","equal","equal","equal","equal","larger","larger","equal","equal","equal","equal","larger","larger","equal","equal","equal","equal","larger","larger","equal","equal","larger","equal","larger","larger","equal","equal","larger","equal","larger","larger","equal","equal","larger","equal","larger","larger","equal","equal","larger","equal","larger","larger","equal","equal","larger","equal","larger","larger","equal","equal","larger","equal","larger","larger","equal","equal","larger","equal","larger","larger","equal","equal","larger","equal","larger","larger","equal","equal","equal","equal","larger","larger","equal","equal","equal","larger","larger","larger","equal","equal","equal","larger","larger","larger","equal","equal","equal","larger","larger","larger","equal","equal","equal","larger","larger","larger","equal","equal","equal","equal","larger","larger","equal","equal","equal","equal","larger","larger","equal","equal","equal","equal","larger","larger","equal","equal","equal","equal","larger","larger","equal","equal","equal","equal","larger","larger","equal","equal","equal","equal","larger","larger","equal","equal","equal","equal","larger","larger","equal","equal","larger","equal","larger","larger","equal","equal","larger","equal","larger","larger"
18,"NP","reliable","exp1a_s18_NP_r","N","P",0,0,1,2.96047251950949,1.68570029409602,3.00165975770707,0,0,0,1,1,1,0,0,0,1.5,1.5,1.5,0,0,0,2,2,2,0,0,0,2.5,2.5,2.5,0,0,0,3,3,3,0,0,1,3.5,3.5,3.00165975770707,0,0,1,4,4,3.00165975770707,0,0,1,4.5,4.5,3.00165975770707,0,0,1,5,5,3.00165975770707,0,0,1,5.5,5.5,3.00165975770707,0,0,1,6,6,3.00165975770707,0,0,1,6.5,6.5,3.00165975770707,0,0,1,7,7,3.00165975770707,1,0,0,3.74723070603143,3.34263307740912,3.01044728397392,0,0,0,1,1,1,0,0,0,1.5,1.5,1.5,0,0,0,2,2,2,0,0,0,2.5,2.5,2.5,0,0,0,3,3,3,0,0,0,3.5,3.5,3.5,1,0,0,3.74723070603143,4,4,1,0,0,3.74723070603143,4.5,4.5,1,0,0,3.74723070603143,5,5,1,0,0,3.74723070603143,5.5,5.5,1,0,0,3.74723070603143,6,6,1,0,1,3.74723070603143,6.5,6.01210704168099,1,0,1,3.74723070603143,7,6.01210704168099,"equal","equal","larger","larger","larger","equal","equal","equal","equal","larger","larger","larger","equal","equal","equal","larger","larger","larger","equal","equal","equal","larger","larger","larger","equal","equal","equal","larger","larger","larger","equal","equal","equal","larger","larger","larger","equal","equal","larger","larger","larger","equal","equal","equal","larger","larger","larger","equal","equal","equal","larger","larger","larger","equal","equal","equal","larger","larger","larger","equal","equal","equal","larger","larger","larger","equal","equal","equal","larger","larger","larger","equal","equal","equal","larger","larger","larger","equal","equal","equal","larger","larger","larger","equal","equal","equal","equal","equal","larger","larger","equal","equal","equal","larger","larger","larger","equal","equal","equal","larger","larger","larger","equal","equal","equal","larger","larger","larger","equal","equal","equal","larger","larger","larger","equal","equal","equal","larger","larger","larger","equal","equal","equal","larger","larger","larger","equal","equal","equal","equal","larger","larger","equal","equal","equal","equal","larger","larger","equal","equal","equal","equal","larger","larger","equal","equal","equal","equal","larger","larger","equal","equal","equal","equal","larger","larger","equal","equal","larger","equal","larger","equal","equal","equal","larger","equal","larger","equal"
18,"NP","unreliable","exp1a_s18_NP_u","N","P",1,0,0,1.51724801491074,1.68570029409602,3.0603128222283,0,0,0,1,1,1,0,0,0,1.5,1.5,1.5,1,0,0,1.51724801491074,2,2,1,0,0,1.51724801491074,2.5,2.5,1,0,0,1.51724801491074,3,3,1,0,0,1.51724801491074,3.5,3.0603128222283,1,0,0,1.51724801491074,4,3.0603128222283,1,0,0,1.51724801491074,4.5,3.0603128222283,1,0,0,1.51724801491074,5,3.0603128222283,1,0,0,1.51724801491074,5.5,3.0603128222283,1,0,0,1.51724801491074,6,3.0603128222283,1,0,0,1.51724801491074,6.5,3.0603128222283,1,0,0,1.51724801491074,7,3.0603128222283,0,0,0,4.51650340436026,3.34263307740912,3.01044728397392,0,0,0,1,1,1,0,0,0,1.5,1.5,1.5,0,0,0,2,2,2,0,0,0,2.5,2.5,2.5,0,0,0,3,3,3,0,0,0,3.5,3.5,3.5,0,0,0,4,4,4,0,0,0,4.5,4.5,4.5,0,0,0,5,5,5,0,0,0,5.5,5.5,5.5,0,0,0,6,6,6,1,0,0,6.033751419271,6.5,6.07076010620221,1,0,0,6.033751419271,7,6.07076010620221,"equal","equal","larger","equal","larger","larger","equal","equal","equal","larger","larger","larger","equal","equal","equal","larger","larger","larger","equal","equal","equal","equal","larger","larger","equal","equal","equal","equal","larger","larger","equal","equal","equal","equal","larger","larger","equal","equal","larger","equal","larger","larger","equal","equal","larger","equal","larger","larger","equal","equal","larger","equal","larger","larger","equal","equal","larger","equal","larger","larger","equal","equal","larger","equal","larger","larger","equal","equal","larger","equal","larger","larger","equal","equal","larger","equal","larger","larger","equal","equal","larger","equal","larger","larger","equal","equal","equal","larger","larger","larger","equal","equal","equal","larger","larger","larger","equal","equal","equal","larger","larger","larger","equal","equal","equal","larger","larger","larger","equal","equal","equal","larger","larger","larger","equal","equal","equal","larger","larger","larger","equal","equal","equal","larger","larger","larger","equal","equal","equal","larger","larger","larger","equal","equal","equal","larger","larger","larger","equal","equal","equal","larger","larger","larger","equal","equal","equal","larger","larger","larger","equal","equal","equal","larger","larger","larger","equal","equal","larger","equal","larger","larger","equal","equal","larger","equal","larger","larger"
18,"PG","reliable","exp1a_s18_PG_r","P","G",0,0,0,2.96047251950949,1.68570029409602,3.0603128222283,0,0,0,1,1,1,0,0,0,1.5,1.5,1.5,0,0,0,2,2,2,0,0,0,2.5,2.5,2.5,0,0,0,3,3,3,0,0,0,3.5,3.5,3.0603128222283,1,0,0,3.54287586348176,4,3.0603128222283,2,1,0,3.54287586348176,4.08554705474931,3.0603128222283,2,1,0,3.54287586348176,4.08554705474931,3.0603128222283,2,1,0,3.54287586348176,4.08554705474931,3.0603128222283,2,1,0,3.54287586348176,4.08554705474931,3.0603128222283,2,1,0,3.54287586348176,4.08554705474931,3.0603128222283,2,1,0,3.54287586348176,4.08554705474931,3.0603128222283,2,2,1,1.33092683155879,0.582403343972263,2.39984676065329,0,1,0,1,0.582403343972263,1,1,2,0,1.33092683155879,0.582403343972263,1.5,1,2,0,1.33092683155879,0.582403343972263,2,1,2,1,1.33092683155879,0.582403343972263,2.39984676065329,1,2,1,1.33092683155879,0.582403343972263,2.39984676065329,1,2,1,1.33092683155879,0.582403343972263,2.39984676065329,2,2,1,1.33092683155879,0.582403343972263,2.39984676065329,2,2,1,1.33092683155879,0.582403343972263,2.39984676065329,2,2,1,1.33092683155879,0.582403343972263,2.39984676065329,2,2,1,1.33092683155879,0.582403343972263,2.39984676065329,2,2,1,1.33092683155879,0.582403343972263,2.39984676065329,2,2,1,1.33092683155879,0.582403343972263,2.39984676065329,2,2,1,1.33092683155879,0.582403343972263,2.39984676065329,"equal","equal","larger","larger","larger","larger","equal","equal","equal","larger","larger","larger","equal","equal","equal","larger","larger","larger","equal","equal","equal","larger","larger","larger","equal","equal","equal","larger","larger","larger","equal","equal","equal","larger","larger","larger","equal","equal","larger","larger","larger","larger","equal","equal","larger","equal","larger","larger","equal","equal","larger","equal","equal","larger","equal","equal","larger","equal","equal","larger","equal","equal","larger","equal","equal","larger","equal","equal","larger","equal","equal","larger","equal","equal","larger","equal","equal","larger","equal","equal","larger","equal","equal","larger","equal","equal","equal","equal","equal","equal","equal","equal","equal","larger","equal","larger","equal","equal","equal","equal","equal","larger","equal","equal","equal","equal","equal","larger","equal","equal","equal","equal","equal","equal","equal","equal","equal","equal","equal","equal","equal","equal","equal","equal","equal","equal","equal","equal","equal","equal","equal","equal","equal","equal","equal","equal","equal","equal","equal","equal","equal","equal","equal","equal","equal","equal","equal","equal","equal","equal","equal","equal","equal","equal","equal","equal","equal","equal","larger","equal","equal","equal","equal","equal","larger","equal","equal","equal"
18,"PG","unreliable","exp1a_s18_PG_u","P","G",0,0,0,2.96047251950949,1.68570029409602,3.0603128222283,0,0,0,1,1,1,0,0,0,1.5,1.5,1.5,0,0,0,2,2,2,0,0,0,2.5,2.5,2.5,0,0,0,3,3,3,0,0,0,3.5,3.5,3.0603128222283,0,0,0,4,4,3.0603128222283,1,1,0,4.31001718411116,4.08554705474931,3.0603128222283,1,1,0,4.31001718411116,4.08554705474931,3.0603128222283,1,1,0,4.31001718411116,4.08554705474931,3.0603128222283,1,1,0,4.31001718411116,4.08554705474931,3.0603128222283,1,1,0,4.31001718411116,4.08554705474931,3.0603128222283,1,1,0,4.31001718411116,4.08554705474931,3.0603128222283,2,1,1,1.33092683155879,1.34954466460167,2.39984676065329,0,0,0,1,1,1,1,1,0,1.33092683155879,1.34954466460167,1.5,1,1,0,1.33092683155879,1.34954466460167,2,1,1,1,1.33092683155879,1.34954466460167,2.39984676065329,2,1,1,1.33092683155879,1.34954466460167,2.39984676065329,2,1,1,1.33092683155879,1.34954466460167,2.39984676065329,2,1,1,1.33092683155879,1.34954466460167,2.39984676065329,2,1,1,1.33092683155879,1.34954466460167,2.39984676065329,2,1,1,1.33092683155879,1.34954466460167,2.39984676065329,2,1,1,1.33092683155879,1.34954466460167,2.39984676065329,2,1,1,1.33092683155879,1.34954466460167,2.39984676065329,2,1,1,1.33092683155879,1.34954466460167,2.39984676065329,2,1,1,1.33092683155879,1.34954466460167,2.39984676065329,"equal","equal","larger","larger","larger","larger","equal","equal","equal","larger","larger","larger","equal","equal","equal","larger","larger","larger","equal","equal","equal","larger","larger","larger","equal","equal","equal","larger","larger","larger","equal","equal","equal","larger","larger","larger","equal","equal","larger","larger","larger","larger","equal","equal","larger","larger","larger","larger","equal","equal","larger","equal","equal","larger","equal","equal","larger","equal","equal","larger","equal","equal","larger","equal","equal","larger","equal","equal","larger","equal","equal","larger","equal","equal","larger","equal","equal","larger","equal","equal","larger","equal","equal","larger","equal","equal","equal","equal","equal","equal","equal","equal","equal","larger","larger","larger","equal","equal","equal","equal","equal","larger","equal","equal","equal","equal","equal","larger","equal","equal","equal","equal","equal","equal","equal","equal","equal","equal","equal","equal","equal","equal","equal","equal","equal","equal","equal","equal","equal","equal","equal","equal","equal","equal","equal","equal","equal","equal","equal","equal","equal","equal","equal","equal","equal","equal","equal","equal","equal","equal","equal","equal","equal","equal","equal","equal","equal","equal","larger","equal","equal","equal","equal","equal","larger","equal","equal","equal"
18,"PN","reliable","exp1a_s18_PN_r","P","N",0,0,0,2.96047251950949,1.68570029409602,3.0603128222283,0,0,0,1,1,1,0,0,0,1.5,1.5,1.5,0,0,0,2,2,2,0,0,0,2.5,2.5,2.5,0,0,0,3,3,3,0,0,0,3.5,3.5,3.0603128222283,1,0,0,3.54287586348176,4,3.0603128222283,1,0,0,3.54287586348176,4.5,3.0603128222283,1,0,0,3.54287586348176,5,3.0603128222283,1,0,0,3.54287586348176,5.5,3.0603128222283,1,0,0,3.54287586348176,6,3.0603128222283,1,0,0,3.54287586348176,6.5,3.0603128222283,1,0,0,3.54287586348176,7,3.0603128222283,1,1,0,3.74723070603143,0.582403343972263,3.01044728397392,0,1,0,1,0.582403343972263,1,0,1,0,1.5,0.582403343972263,1.5,0,1,0,2,0.582403343972263,2,0,1,0,2.5,0.582403343972263,2.5,0,1,0,3,0.582403343972263,3,0,1,0,3.5,0.582403343972263,3.5,1,1,0,3.74723070603143,0.582403343972263,4,1,1,0,3.74723070603143,0.582403343972263,4.5,1,1,0,3.74723070603143,0.582403343972263,5,1,1,0,3.74723070603143,0.582403343972263,5.5,1,1,0,3.74723070603143,0.582403343972263,6,1,1,0,3.74723070603143,0.582403343972263,6.07076010620221,1,1,0,3.74723070603143,0.582403343972263,6.07076010620221,"equal","equal","larger","larger","larger","larger","equal","equal","equal","larger","larger","larger","equal","equal","equal","larger","larger","larger","equal","equal","equal","larger","larger","larger","equal","equal","equal","larger","larger","larger","equal","equal","equal","larger","larger","larger","equal","equal","larger","larger","larger","larger","equal","equal","larger","equal","larger","larger","equal","equal","larger","equal","larger","larger","equal","equal","larger","equal","larger","larger","equal","equal","larger","equal","larger","larger","equal","equal","larger","equal","larger","larger","equal","equal","larger","equal","larger","larger","equal","equal","larger","equal","larger","larger","equal","equal","equal","equal","equal","larger","equal","equal","equal","larger","equal","larger","equal","equal","equal","larger","equal","larger","equal","equal","equal","larger","equal","larger","equal","equal","equal","larger","equal","larger","equal","equal","equal","larger","equal","larger","equal","equal","equal","larger","equal","larger","equal","equal","equal","equal","equal","larger","equal","equal","equal","equal","equal","larger","equal","equal","equal","equal","equal","larger","equal","equal","equal","equal","equal","larger","equal","equal","equal","equal","equal","larger","equal","equal","larger","equal","equal","larger","equal","equal","larger","equal","equal","larger"
18,"PN","unreliable","exp1a_s18_PN_u","P","N",0,0,0,2.96047251950949,1.68570029409602,3.0603128222283,0,0,0,1,1,1,0,0,0,1.5,1.5,1.5,0,0,0,2,2,2,0,0,0,2.5,2.5,2.5,0,0,0,3,3,3,0,0,0,3.5,3.5,3.0603128222283,0,0,0,4,4,3.0603128222283,0,0,0,4.5,4.5,3.0603128222283,0,0,0,5,5,3.0603128222283,0,0,0,5.5,5.5,3.0603128222283,0,0,0,6,6,3.0603128222283,0,0,0,6.5,6.5,3.0603128222283,0,0,0,7,7,3.0603128222283,1,0,0,2.60453918860967,3.34263307740912,3.01044728397392,0,0,0,1,1,1,0,0,0,1.5,1.5,1.5,0,0,0,2,2,2,0,0,0,2.5,2.5,2.5,1,0,0,2.60453918860967,3,3,1,0,0,2.60453918860967,3.5,3.5,1,0,0,2.60453918860967,4,4,1,0,0,2.60453918860967,4.5,4.5,1,0,0,2.60453918860967,5,5,1,0,0,2.60453918860967,5.5,5.5,1,0,0,2.60453918860967,6,6,1,0,0,2.60453918860967,6.5,6.07076010620221,1,0,0,2.60453918860967,7,6.07076010620221,"equal","equal","larger","larger","larger","larger","equal","equal","equal","larger","larger","larger","equal","equal","equal","larger","larger","larger","equal","equal","equal","larger","larger","larger","equal","equal","equal","larger","larger","larger","equal","equal","equal","larger","larger","larger","equal","equal","larger","larger","larger","larger","equal","equal","larger","larger","larger","larger","equal","equal","larger","larger","larger","larger","equal","equal","larger","larger","larger","larger","equal","equal","larger","larger","larger","larger","equal","equal","larger","larger","larger","larger","equal","equal","larger","larger","larger","larger","equal","equal","larger","larger","larger","larger","equal","equal","equal","equal","larger","larger","equal","equal","equal","larger","larger","larger","equal","equal","equal","larger","larger","larger","equal","equal","equal","larger","larger","larger","equal","equal","equal","larger","larger","larger","equal","equal","equal","equal","larger","larger","equal","equal","equal","equal","larger","larger","equal","equal","equal","equal","larger","larger","equal","equal","equal","equal","larger","larger","equal","equal","equal","equal","larger","larger","equal","equal","equal","equal","larger","larger","equal","equal","equal","equal","larger","larger","equal","equal","larger","equal","larger","larger","equal","equal","larger","equal","larger","larger"
18,"PP","reliable","exp1a_s18_PP_r","P","P",0,0,0,2.96047251950949,1.68570029409602,3.0603128222283,0,0,0,1,1,1,0,0,0,1.5,1.5,1.5,0,0,0,2,2,2,0,0,0,2.5,2.5,2.5,0,0,0,3,3,3,0,0,0,3.5,3.5,3.0603128222283,0,0,0,4,4,3.0603128222283,0,0,0,4.5,4.5,3.0603128222283,0,0,0,5,5,3.0603128222283,0,0,0,5.5,5.5,3.0603128222283,0,0,0,6,6,3.0603128222283,0,0,0,6.5,6.5,3.0603128222283,0,0,0,7,7,3.0603128222283,1,0,0,3.74723070603143,3.34263307740912,3.01044728397392,0,0,0,1,1,1,0,0,0,1.5,1.5,1.5,0,0,0,2,2,2,0,0,0,2.5,2.5,2.5,0,0,0,3,3,3,0,0,0,3.5,3.5,3.5,1,0,0,3.74723070603143,4,4,1,0,0,3.74723070603143,4.5,4.5,1,0,0,3.74723070603143,5,5,1,0,0,3.74723070603143,5.5,5.5,1,0,0,3.74723070603143,6,6,1,0,0,3.74723070603143,6.5,6.07076010620221,1,0,0,3.74723070603143,7,6.07076010620221,"equal","equal","larger","larger","larger","larger","equal","equal","equal","larger","larger","larger","equal","equal","equal","larger","larger","larger","equal","equal","equal","larger","larger","larger","equal","equal","equal","larger","larger","larger","equal","equal","equal","larger","larger","larger","equal","equal","larger","larger","larger","larger","equal","equal","larger","larger","larger","larger","equal","equal","larger","larger","larger","larger","equal","equal","larger","larger","larger","larger","equal","equal","larger","larger","larger","larger","equal","equal","larger","larger","larger","larger","equal","equal","larger","larger","larger","larger","equal","equal","larger","larger","larger","larger","equal","equal","equal","equal","larger","larger","equal","equal","equal","larger","larger","larger","equal","equal","equal","larger","larger","larger","equal","equal","equal","larger","larger","larger","equal","equal","equal","larger","larger","larger","equal","equal","equal","larger","larger","larger","equal","equal","equal","larger","larger","larger","equal","equal","equal","equal","larger","larger","equal","equal","equal","equal","larger","larger","equal","equal","equal","equal","larger","larger","equal","equal","equal","equal","larger","larger","equal","equal","equal","equal","larger","larger","equal","equal","larger","equal","larger","larger","equal","equal","larger","equal","larger","larger"
18,"PP","unreliable","exp1a_s18_PP_u","P","P",0,0,0,2.96047251950949,1.68570029409602,3.0603128222283,0,0,0,1,1,1,0,0,0,1.5,1.5,1.5,0,0,0,2,2,2,0,0,0,2.5,2.5,2.5,0,0,0,3,3,3,0,0,0,3.5,3.5,3.0603128222283,0,0,0,4,4,3.0603128222283,0,0,0,4.5,4.5,3.0603128222283,0,0,0,5,5,3.0603128222283,0,0,0,5.5,5.5,3.0603128222283,0,0,0,6,6,3.0603128222283,0,0,0,6.5,6.5,3.0603128222283,0,0,0,7,7,3.0603128222283,0,0,0,4.51650340436026,3.34263307740912,3.01044728397392,0,0,0,1,1,1,0,0,0,1.5,1.5,1.5,0,0,0,2,2,2,0,0,0,2.5,2.5,2.5,0,0,0,3,3,3,0,0,0,3.5,3.5,3.5,0,0,0,4,4,4,0,0,0,4.5,4.5,4.5,0,0,0,5,5,5,0,0,0,5.5,5.5,5.5,0,0,0,6,6,6,0,0,0,6.5,6.5,6.07076010620221,0,0,0,7,7,6.07076010620221,"equal","equal","larger","larger","larger","larger","equal","equal","equal","larger","larger","larger","equal","equal","equal","larger","larger","larger","equal","equal","equal","larger","larger","larger","equal","equal","equal","larger","larger","larger","equal","equal","equal","larger","larger","larger","equal","equal","larger","larger","larger","larger","equal","equal","larger","larger","larger","larger","equal","equal","larger","larger","larger","larger","equal","equal","larger","larger","larger","larger","equal","equal","larger","larger","larger","larger","equal","equal","larger","larger","larger","larger","equal","equal","larger","larger","larger","larger","equal","equal","larger","larger","larger","larger","equal","equal","equal","larger","larger","larger","equal","equal","equal","larger","larger","larger","equal","equal","equal","larger","larger","larger","equal","equal","equal","larger","larger","larger","equal","equal","equal","larger","larger","larger","equal","equal","equal","larger","larger","larger","equal","equal","equal","larger","larger","larger","equal","equal","equal","larger","larger","larger","equal","equal","equal","larger","larger","larger","equal","equal","equal","larger","larger","larger","equal","equal","equal","larger","larger","larger","equal","equal","equal","larger","larger","larger","equal","equal","larger","larger","larger","larger","equal","equal","larger","larger","larger","larger"
